WqnOB	6k1/7p/p1P1b1p1/5p2/8/6P1/r5BP/2R3K1 b - - 0 29	e6c8 g2d5 g8g7 d5a2	800	easy	crushing endgame fork master short
Zs7l3	3K4/3R1Pp1/6kp/5n2/8/8/r7/8 w - - 13 58	f7f8q a2a8 d8c7 a8f8	800	easy	crushing endgame short skewer
x49pX	5r1k/p5pp/3Q4/8/8/8/Pq2rPPP/R4RK1 b - - 4 22	e2f2 d6f8 f2f8 f1f8	801	easy	backRankMate endgame mate mateIn2 short xRayAttack
4kYFv	r1bqkb1r/pp1pp1np/2n2p2/6NB/3p3B/4P3/PPP2PPP/RN1QK2R b KQkq - 1 9	g7h5 d1h5	802	easy	mate mateIn1 oneMove opening
cPvyK	3Q4/5k2/4p1pK/1p1p1r2/p2P1P1p/P1PbP3/8/8 w - - 10 58	e3e4 f5h5	802	easy	endgame master mate mateIn1 oneMove
S4k1t	r3kbnr/pppb2p1/2n1p1Bp/3pP3/3q4/5QP1/PPP2P1P/RNB1K2R b KQ - 3 10	e8d8 f3f8 d7e8 f8e8	804	easy	hangingPiece mate mateIn2 opening short
0LMTP	1r4k1/5pp1/2p2q1p/p2p4/PB1P4/1P1Q2P1/4RPKP/8 b - - 0 31	b8b4 e2e8	805	easy	endgame master mate mateIn1 oneMove
amfX6	7k/pp3r1p/3b4/1B6/P5QP/2P3P1/5P1K/3r4 w - - 11 37	b5c4 f7f2 h2h3 d1h1	805	easy	endgame mate mateIn2 short
5PCXt	r1bq2k1/ppp3bp/3p2p1/3P1n2/4N3/5PN1/PP2Q1PP/3R2K1 b - - 0 20	d8e8 e4f6 g7f6 e2e8	806	easy	crushing discoveredAttack kingsideAttack middlegame short
yhI6L	6r1/pp4pk/8/3pR2p/1q6/5P2/PP4R1/5K2 b - - 7 38	b4d4 e5h5	807	easy	endgame master mate mateIn1 oneMove queenRookEndgame
QvwsF	4r2r/pp4k1/2p5/2Pq2Pn/3P1p2/3Q1N1b/P4K1P/1B4R1 b - - 2 32	e8e4 d3e4 d5e4 b1e4	808	easy	advantage middlegame short
X8gAy	r7/4r2p/2p1P1pk/2N2p2/1P4q1/2Q5/P4PPP/3R2K1 w - - 5 38	c3f6 g4d1	808	easy	backRankMate endgame hangingPiece mate mateIn1 oneMove
sfAs1	6k1/1q3p1p/3p2p1/1prNnPP1/3Q4/1P5P/P5K1/3R4 w - - 0 32	g2g1 e5f3 g1f2 f3d4	808	easy	crushing endgame fork master short
ucZjF	4Rr1k/2p3p1/1p1p2Qp/3P1P1P/2q5/6P1/6K1/8 b - - 1 46	c4d4 e8f8	808	easy	endgame hangingPiece master mate mateIn1 oneMove
AFYtT	1r3r1k/1R3N1p/2p2Pp1/p2nP3/6P1/PP5K/7P/8 b - - 4 36	f8f7 b7b8 f7f8 b8f8	810	easy	endgame hangingPiece mate mateIn2 short
WfacB	8/ppN3kp/3p2p1/4q3/2P1r3/1P4Pb/P5QK/5R2 w - - 0 29	h2h3 e5h5	811	easy	endgame mate mateIn1 oneMove
4NwJW	8/r7/8/3p4/PR1P1B2/3b1kPK/4pP2/4R3 w - - 1 41	b4b3 a7h7 f4h6 h7h6	812	easy	endgame mate mateIn2 short
TXthx	r4r2/2pkb3/ppn3Qp/4p1p1/3qP3/2N5/PPP3PP/R1B2R1K w - - 5 22	f1d1 d4d1 c3d1 f8f1	812	easy	backRankMate mate mateIn2 middlegame sacrifice short
bMO9l	2b2qk1/p6p/1p4p1/2p1N1Q1/2P1Pn2/3P4/PB4PP/6K1 w - - 3 31	e5c6 f4e2 g1h1 f8f1	812	easy	endgame mate mateIn2 short
rNOrp	rn1qkbnr/pppbp2p/5pQ1/4N3/8/3B4/PPP2PPP/RNB2RK1 b kq - 0 8	h7g6 d3g6	812	easy	mate mateIn1 oneMove opening
v1awO	r5kr/p2QBppp/1p2pq1n/8/8/2P2PP1/P1P4P/2KR2Nb b - - 4 16	f6c3 d7d8 a8d8 d1d8	812	easy	backRankMate mate mateIn2 middlegame sacrifice short
Cyfqt	6k1/5ppp/2p2r2/5q2/1P1P4/R1PNr2P/3R1PP1/5K2 b - - 0 35	e3d3 a3a8 f5c8 a8c8	814	easy	backRankMate endgame mate mateIn2 queenRookEndgame short
pbrWT	r2qr1k1/pp3ppp/4bb2/8/1P6/P3P3/R1Q2PPP/1B1R2K1 b - - 3 20	d8e7 c2h7 g8f8 h7h8	814	easy	kingsideAttack mate mateIn2 middlegame short
ULAJO	5R2/pp5p/2k2pp1/8/8/4K1P1/2P4r/8 b - - 1 35	h2c2 f8c8 c6d6 c8c2	815	easy	crushing endgame rookEndgame short skewer
W9yEw	3r2k1/p4ppp/8/8/2p1r3/2B3P1/PbK2P1P/3RR3 b - - 2 26	e4e1 d1d8 e1e8 d8e8	815	easy	endgame hangingPiece mate mateIn2 short
uX0Yq	7r/p1k2p2/1pn2Pp1/2B1p1P1/2n1P3/2P2N2/PP4K1/3R4 w - - 0 25	c5a3 c4e3 g2f2 e3d1	815	easy	crushing endgame fork short
KQi3M	3r1rb1/p4k2/3P1p2/1pp1n2N/4P3/1P6/P1KR2R1/8 b - - 5 39	c5c4 g2g7 f7e6 h5f4	816	easy	mate mateIn2 middlegame short
TayJq	r2qk1nr/pp1n4/2pbpp1p/3pNbpQ/3P1P2/2P1P1P1/PP1N2BP/R1B1K2R b KQkq - 1 10	e8f8 h5f7	816	easy	master mate mateIn1 middlegame oneMove
sjNNB	8/8/p1b5/1p1p1p2/1P1B2p1/P1R1PkP1/1r3P2/5K2 w - - 13 55	c3c6 b2b1 c6c1 b1c1	816	easy	endgame mate mateIn2 short
Yx1if	5r2/1p4R1/p1k1r2p/3pNp1P/3P4/2P5/PP1K4/8 b - - 3 36	c6d6 g7d7	817	easy	endgame hookMate mate mateIn1 oneMove
7agD8	6r1/pp5k/2p1rn1p/2Pp3P/1P2p1PR/4PPB1/P2K4/5R2 w - - 0 26	f3e4 f6e4 d2d1 e4g3	818	easy	crushing endgame fork short
bwHl4	r1b2bk1/B3qpp1/1P1p4/Q2Pp3/4Pn2/2p3Pp/2P2P1N/R4RK1 w - - 1 37	a5c3 f4e2 g1h1 e2c3	818	easy	crushing fork master middlegame short
wyOZv	r3k1r1/1p3p1p/p1np1p2/3Qp3/4P3/1N2qP2/PPP1KbPP/R4B1R w q - 1 17	e2d1 e3e1	818	easy	mate mateIn1 middlegame oneMove
UC7fH	3r3r/p5k1/4p1p1/2p1p3/1pPnB1p1/1P4N1/P4PPq/2QRR1K1 w - - 8 25	g1f1 h2h1 g3h1 h8h1	819	easy	mate mateIn2 middlegame sacrifice short
zqJSl	r4k2/1p3p1R/4p3/1pPp3N/r1n5/P7/5PPP/R5K1 b - - 0 28	a4a3 h7h8 f8e7 h8a8	819	easy	crushing endgame short
7mRYb	1r4k1/3q1p1p/1r2pPp1/2p5/4P3/1BQP3P/8/2KR3R w - - 3 33	c1c2 b6b3 c3b3 b8b3	820	easy	advantage middlegame short
LANFh	rn3k1r/p1q1ppbp/4b1p1/2pnP3/1pB2B2/1N3P2/PPPQ2PP/1K1R2NR b - - 8 15	d5f4 d2d8 c7d8 d1d8	820	easy	backRankMate mate mateIn2 middlegame short
i2bND	6k1/pq2npp1/1p2p3/1N1pP1BP/Prr5/8/5P2/R2QR1K1 w - - 3 29	b5d6 c4g4 d1g4 b4g4	820	easy	crushing fork middlegame short
k0ioH	1r2k3/5pb1/4p3/3pP3/Pq6/p1Q2B2/P5R1/K5R1 w - - 10 47	g2g7 b4c3	820	easy	endgame hangingPiece master mate mateIn1 oneMove
BRX2v	r2q1rk1/4bppp/b3n3/p2QPN2/Pp6/8/NP3PPP/R1B1R1K1 b - - 0 21	d8d5 f5e7 g8h8 e7d5	821	easy	advantage fork hangingPiece master middlegame short
qScxQ	r1b2rk1/3p1ppp/p1n1p3/1p2P3/5P1P/2QBq1P1/PPPN4/2K3RR b - - 2 19	c8b7 d3h7 g8h7 c3e3	821	easy	crushing discoveredAttack middlegame short
6adiQ	6k1/5ppp/p2p1b2/1p3N2/5P2/1Pq5/4RK1P/1n4R1 b - - 2 35	b1a3 e2e8	822	easy	endgame mate mateIn1 oneMove
EnzCB	Q7/5p1k/8/4pN1P/3p3R/6P1/2q1r3/3R2K1 w - - 6 39	h4g4 c2d1	823	easy	endgame hangingPiece mate mateIn1 oneMove
kQnyt	r3r2k/8/p1p2pp1/8/1P1P3P/2Q3R1/2b2qP1/2BK1B1R w - - 2 26	c3c2 e8e1	823	easy	master mate mateIn1 middlegame oneMove superGM
nXsyT	r1b2rk1/pppnqpb1/2n1P2p/6p1/2B2p2/1QP2N2/PP1N2PP/R1B1R1K1 b - - 0 13	d7b6 e6f7 g8h8 e1e7	823	easy	advancedPawn advantage discoveredAttack kingsideAttack opening short
eKMoy	3r2k1/ppp4p/8/2P5/3r1pN1/2Kb3P/P4P2/R2R4 b - - 1 33	d4d5 g4f6 g8g7 f6d5	825	easy	advantage endgame fork short
DKfqH	5rk1/pbp2pp1/1p3b1p/5B2/6N1/8/1qP1Q1PP/3R3K b - - 0 22	f8d8 d1d8 f6d8 e2e8	826	easy	mate mateIn2 middlegame short
FHIum	r3r1k1/ppp1nppp/3b4/3P3q/2B5/4Bb2/PP3PPP/R2Q1RK1 w - - 0 16	d1f3 h5h2	826	easy	kingsideAttack mate mateIn1 middlegame oneMove
s157A	2r3k1/5pp1/p6p/5P2/1p1Q2P1/q7/P6P/K1rR3R w - - 0 30	d1c1 c8c1 h1c1 a3c1	826	easy	endgame mate mateIn2 short
D9gwt	8/4b2k/p6p/1rp1pP2/Np6/1P3P1P/2P4K/4R3 w - - 0 30	e1e5 e7d6 f3f4 d6e5	827	easy	advantage endgame pin short
YGR3u	6k1/rp3p1p/6pb/pQ2R3/8/8/KRq3PP/8 b - - 1 29	c2c8 e5e8 c8e8 b5e8	827	easy	crushing endgame fork short
cIrW8	r4k2/8/p3p2p/3p1pp1/1p1n4/N7/PPPN1PPP/2KR4 w - - 0 24	a3b1 d4e2	828	easy	endgame mate mateIn1 oneMove smotheredMate
kks55	6k1/5pp1/2p4p/2Q5/2nP4/4P1P1/5PKP/2r5 w - - 4 37	c5c6 c4e3 g2f3 c1c6	828	easy	crushing discoveredAttack endgame short
1Jaaz	6k1/p4p1p/3p2pP/2p1P3/2PbQP2/8/1p2B1PK/r7 b - - 2 35	b2b1q e4a8 b1b8 a8b8	829	easy	endgame mate mateIn2 short
315JF	8/5p2/3kp1p1/bP2N1P1/2K2P1p/7r/8/2R5 b - - 1 41	d6e7 e5c6 e7f8 c6a5	831	easy	crushing endgame fork master short
NEOSU	4rr1k/6np/p2Q2p1/1p3p2/8/1P6/P3R2P/5K2 b - - 2 35	e8e2 d6f8	831	easy	endgame hangingPiece mate mateIn1 oneMove
ptK2r	3R4/1q6/3R4/6pk/7p/p3K2P/8/8 b - - 3 49	a3a2 d8h8 b7h7 h8h7	832	easy	endgame master mate mateIn2 queenRookEndgame short
33qrS	1k6/p3q3/8/1R2p2p/5pp1/1P3P1P/2R2P1K/8 b - - 1 32	b8a8 c2c8	833	easy	endgame master mate mateIn1 oneMove queenRookEndgame
KzGz4	7k/1rR3b1/3P4/3QpbNn/7P/P7/K3r3/1R6 w - - 1 35	a2a1 b7b1	833	easy	mate mateIn1 middlegame oneMove operaMate
CcJEq	Rbr5/3kn1p1/2p2p1p/NpPp4/1P1P4/2B2PP1/7P/6K1 w - - 1 36	g1f2 b8g3 h2g3 c8a8	835	easy	crushing discoveredAttack endgame master short
K8rib	6k1/pp4pp/1np5/3p4/r2Pr1B1/7P/6PK/5R2 b - - 5 32	e4d4 g4e6 g8h8 f1f8	835	easy	backRankMate endgame mate mateIn2 short
YiBr7	r1b2r1k/pp3pp1/8/2p1PBnq/2PpR3/5N2/PPQ2PPP/R5K1 w - - 7 20	e4h4 g5f3 g2f3 h5h4	835	easy	crushing kingsideAttack middlegame short
nnfBr	r1b1k1nr/2p2ppp/p1p5/2b1N3/4P2q/2P5/PP1P2PP/RNBQK2R w KQkq - 1 9	e1f1 h4f2	835	easy	mate mateIn1 oneMove opening
ut7mv	r1b2rk1/2q3p1/2p1p1Q1/p2p4/3P4/2P3b1/PP4P1/R2K3R b - - 0 21	c7f7 g6h7	835	easy	mate mateIn1 middlegame oneMove
iY7hK	r5k1/pp3rp1/2p3Np/3b1P2/3P4/1P6/P4PP1/R3R2K b - - 0 23	f7f5 g6e7 g8f7 e7f5	836	easy	crushing endgame fork short
FdaLO	5rk1/p5pp/1p2p1n1/4PpR1/1RpP1P2/2Pb2Pq/P2QN2P/6K1 w - - 1 25	e2c1 h3f1	837	easy	mate mateIn1 middlegame oneMove
twcpY	2r3k1/1p1bQ1q1/p3p1p1/5pP1/7R/7R/P1P4P/6K1 b - - 6 34	g7e7 h4h8 g8f7 h3h7	837	easy	endgame mate mateIn2 short
9mu6L	r3k2r/1bq1bppp/p2pp3/1p4P1/1n2nP2/P1N1QN1P/2PB2B1/2KR3R w kq - 0 16	c3e4 c7c2	838	easy	mate mateIn1 middlegame oneMove queensideAttack
MjBw0	4r1k1/p5pp/1p6/2p1K3/2P3P1/8/PP4P1/3R4 w - - 1 29	e5d6 e8d8 d6c6 d8d1	838	easy	crushing endgame rookEndgame short skewer
TsUwd	8/3k1pQ1/p5p1/1p6/1PKp1qP1/3P3P/2P5/8 w - - 0 34	c4c5 f4d6	838	easy	endgame mate mateIn1 oneMove queenEndgame
uKBMy	r3kb1r/ppp2Bpp/2n5/5b2/3pq3/1P2BN2/P1P2PPP/R2QK2R b KQkq - 0 10	e8f7 f3g5 f7g8 g5e4	838	easy	advantage fork middlegame short
YgfoW	r2qkbnr/1pp1p1pp/p1n2p2/4N2b/2BPP3/P1N5/1P3PPP/R1BQ1RK1 b kq - 2 9	h5d1 c4f7	839	easy	mate mateIn1 oneMove opening
lBCQR	3R2k1/2q3p1/5PQp/8/1p4P1/7P/3p4/6K1 b - - 1 52	c7d8 g6g7	839	easy	endgame mate mateIn1 oneMove queenEndgame
65RdP	8/KP6/8/P6p/5k2/7P/8/1q6 b - - 2 59	b1b5 b7b8q b5b8 a7b8	840	easy	advancedPawn crushing endgame promotion queenEndgame short
Fm7yJ	6k1/4b1p1/6P1/3pp2Q/4p3/8/3P1PK1/1q6 b - - 2 38	b1b3 h5h7 g8f8 h7h8	840	easy	endgame mate mateIn2 short
VOwck	4rb2/3n2pp/2k2p2/N1pNn3/1p2P3/6R1/1PPB2PP/1K6 b - - 5 28	c6b5 d5c7 b5a5 c7e8	840	easy	advantage fork middlegame short
6EjAP	rnb1k2r/pp1p2pp/1qp2n2/2b1ppB1/4P3/2NP1N1P/PPP2PP1/R2QKB1R w KQkq - 2 7	g5f6 c5f2 e1d2 b6e3	841	easy	attackingF2F7 mate mateIn2 opening short
YrulF	rnb1k1nr/p4p1p/1p2p1p1/3pP3/q2p3P/P1P5/2PB1PP1/RQ2KBNR b KQkq - 1 11	d4c3 f1b5 a4b5 b1b5	841	easy	advantage fork middlegame short
2PwYv	6k1/p4ppp/2pQ1b2/8/2BP4/6rq/PP5N/2R3K1 w - - 1 27	g1h1 h3g2	842	easy	master mate mateIn1 middlegame oneMove
XBHvg	8/6p1/5p2/7p/1Q2rk2/1K5P/8/8 w - - 5 53	b4c3 e4e3 c3e3 f4e3	842	easy	crushing endgame master pin queenRookEndgame short
YDGpT	r2q1rk1/pp1n2bp/2bpppP1/2p3B1/4P2Q/2NP1N2/PPP3PP/R4RK1 b - - 0 13	f6g5 h4h7	842	easy	kingsideAttack master mate mateIn1 middlegame oneMove
6VcUH	r1b2rk1/pp1qbpp1/3p3p/2pP4/4PP2/2N1Q1PP/PPP5/2KR1B1R w - - 1 18	f4f5 e7g5 e3g5 h6g5	843	easy	crushing middlegame pin short
MOQKv	r7/3k2pp/2pbbp2/4p3/2N1P3/pPPK4/R4PPP/2B5 b - - 5 32	d6e7 c4b6 d7d8 b6a8	843	easy	crushing endgame fork master short
tPjFK	r2qkbr1/pppbnp1p/3p4/3Pp3/4N1P1/3B3P/PPP2P1N/R2QK2R b KQq - 0 12	h7h6 e4f6	843	easy	mate mateIn1 oneMove opening smotheredMate
Ka8GY	4r1k1/pp3q1p/6p1/2P3Q1/8/2r5/P5PP/5R1K w - - 0 29	f1f7 e8e1 f7f1 e1f1	844	easy	backRankMate endgame mate mateIn2 queenRookEndgame short
TwRNr	5rRk/r3bp1p/1q1p4/2p5/2B1Pp2/1P1P1P1P/1BP2P2/1K1R4 b - - 2 24	h8g8 d1g1 e7g5 g1g5	844	easy	kingsideAttack mate mateIn2 middlegame pillsburysMate short
uimvg	6k1/1rp2pp1/1pQ1p2p/3rN1q1/P2P1n2/2P5/5PPP/3RR1K1 w - - 2 24	c6b7 g5g2	844	easy	kingsideAttack master mate mateIn1 middlegame oneMove
6ZWkl	2k5/ppp5/4N3/3qpnB1/8/5P1K/P6P/6RR w - - 4 30	g1d1 d5f3	845	easy	endgame master masterVsMaster mate mateIn1 oneMove
COQ9I	rnb1k2r/ppp2ppp/8/2bNNn2/5P1q/3B4/PPP3PP/R1BQ1RK1 w kq - 7 10	g1h1 f5g3	845	easy	mate mateIn1 oneMove opening pin
bykNI	4k2r/pp1n1pp1/2n1p1B1/3p2Pp/1b1P1B1P/2Q2P1N/qPP5/2KR3R w k - 1 18	c3b3 a2a1	845	easy	mate mateIn1 middlegame oneMove
4AvOi	8/p4r2/8/1P6/P6k/5Kp1/8/6R1 w - - 2 52	f3g2 f7f2 g2h1 f2h2	846	easy	endgame mate mateIn2 rookEndgame short
E6oOA	3r1k1r/pp2n1pp/1b1N1R2/n2Bp3/4P3/2PP3P/PP5P/R1BK4 b - - 0 18	g7f6 c1h6	846	easy	mate mateIn1 middlegame oneMove
FjlSC	3r2k1/pp4p1/5pqp/2Rb4/3P1P2/1Q5P/1P2r1P1/3R2K1 w - - 0 27	c5d5 g6g2	846	easy	endgame mate mateIn1 oneMove
Nv4Mo	r1bqkb1r/ppppnppp/8/1N1nP3/2B5/8/PPP2PPP/RNBQK2R b KQkq - 2 7	c7c6 b5d6	846	easy	mate mateIn1 oneMove opening smotheredMate
OzFJn	4r1k1/5pp1/p1nq3p/1pp5/5N2/P2P4/1PPQ1PPP/R5K1 w - - 0 23	a1e1 e8e1 d2e1 d6f4	846	easy	advantage endgame kingsideAttack short
hLr8U	r1b2rk1/1p1n1p1p/p2qp1PQ/8/8/1R6/P1P2PP1/1K3BNR b - - 0 18	f7g6 h6h7	846	easy	kingsideAttack mate mateIn1 middlegame oneMove
izu0D	4bk2/5q2/4pQ1p/3pB1p1/3P4/7P/6PK/8 b - - 29 63	f8g8 f6h8	846	easy	endgame master mate mateIn1 oneMove superGM
OB76B	8/1Q3p2/4p1k1/6p1/6K1/6P1/8/8 w - - 2 74	b7e4 f7f5 e4f5 e6f5	847	easy	crushing endgame fork queenEndgame short
Qpjtr	r4rk1/ppp2pp1/2np3p/4p3/3q4/P1BB2Pb/2PQ1P1P/R4RK1 b - - 0 14	d4d5 d3h7 g8h7 d2d5	847	easy	advantage discoveredAttack middlegame short
YrcVh	r7/ppp5/6p1/6k1/8/bPP5/P1qP1P1P/KR3BNR b - - 3 23	c2d2 g1f3 g5h5 f3d2	847	easy	crushing fork middlegame short
mHb2L	r2r3k/1bb4p/p5p1/1Pp5/2B1NP1B/3P3P/1P4P1/n4RK1 b - - 1 28	b7e4 h4f6	847	easy	doubleBishopMate mate mateIn1 middlegame oneMove
qFtQm	3r4/p3pQ1k/6pb/p3Pp2/3rnP2/6P1/PP4K1/7R b - - 3 32	h7h8 h1h6	847	easy	endgame hangingPiece mate mateIn1 oneMove
u9IyV	2R5/1N6/p5kp/r2pn3/6p1/N5P1/PP3rPK/8 w - - 2 36	b7a5 e5f3 h2h1 f2f1	848	easy	endgame mate mateIn2 pin short
7pLX6	3r2k1/p1b2pp1/2B1b1p1/1PP1P3/p7/7P/6P1/B3R1K1 w - - 0 38	e1e3 d8d1 g1f2 d1a1	849	easy	crushing endgame fork short
RE3IP	8/5B2/5kP1/1p2pn2/1P2K3/P7/8/8 w - - 5 51	f7e8 f5d6 e4d5 d6e8	849	easy	crushing endgame fork short
X1OwO	r1bqkbnr/p2p1ppp/1pn5/2pQN3/2P5/4B3/PP3PPP/RN2KB1R b KQkq - 3 7	c8b7 d5f7	849	easy	attackingF2F7 mate mateIn1 oneMove opening
X8Bxc	3k1r2/p2b4/Pp5q/1B3p2/1P2p1n1/2P1N1p1/4QPP1/2RR3K w - - 1 30	h1g1 h6h2 g1f1 h2h1	849	easy	kingsideAttack master mate mateIn2 middlegame short
5ie1z	r1b1kb1r/pp3p2/2n4q/3N4/3PpNn1/4P1p1/PP1B1PB1/R2Q1RK1 w kq - 0 15	f2g3 h6h2	850	easy	master mate mateIn1 middlegame oneMove
9X7Lt	2kr3r/p1ppqppp/1p3n2/2bB4/4P3/3Q4/PPP2PPP/R1B1R1K1 b - - 0 12	h8e8 d3a6 c8b8 a6b7	850	easy	mate mateIn2 middlegame queensideAttack short
Lgg6A	6k1/5pp1/2b1n3/p1pN2bp/2PpP3/B2P1NP1/4K2P/8 b - - 1 33	g5h6 d5e7 g8h7 e7c6	850	easy	crushing endgame fork short
mw4tx	5r1k/1p5p/p2P2p1/2PQ4/P4r2/1PKRRP2/8/6q1 w - - 13 45	d6d7 g1c1	850	easy	endgame epauletteMate mate mateIn1 oneMove
yaTFS	r1b1kb1r/1p1pnppp/pqn1p3/1N6/4P3/2N1B3/PPP2PPP/R2QKB1R b KQkq - 1 8	b6d8 b5d6	850	easy	mate mateIn1 oneMove opening smotheredMate
aWhmi	2k5/p1q4r/1p3p2/2b1P2p/6pP/2Q3B1/P1P2PP1/R5K1 w - - 1 25	e5f6 c5f2 g3f2 c7c3	851	easy	crushing discoveredAttack endgame short
piHeR	r2q1rk1/ppp1bp2/2n1bn1Q/4p3/8/2NB2N1/PPP2PPP/R3K2R b KQ - 0 12	f6g4 h6h7	851	easy	mate mateIn1 middlegame oneMove
4v8JL	6k1/5ppp/2n4q/1pbB1P2/8/3P2Q1/1P3nPP/2N2R1K w - - 1 24	f1f2 h6c1 f2f1 c1f1	852	easy	hangingPiece mate mateIn2 middlegame short
IBaCi	r1bqk2r/1p1nBppp/2n1p3/pN1p4/P7/1P1QPN2/2P2PPP/R3KB1R b KQkq - 0 15	d8e7 b5c7 e8f8 c7a8	852	easy	advantage fork opening short
Yrnjf	rn3rk1/ppp1Npp1/3p3p/8/2BPPRbq/6n1/PPP3P1/R1B1Q1K1 b - - 2 13	g8h8 e7g6 f7g6 f4f8	852	easy	advantage kingsideAttack opening short
kh6JI	r1b2rk1/3p1p1p/p3p1p1/3qP3/1p2N2Q/8/PP2nPPP/R4R1K b - - 3 20	h7h5 e4f6 g8g7 f6d5	852	easy	crushing fork middlegame short
rLuNX	2Q2bk1/7p/2p3p1/1p2B3/1P2Pn2/P5PP/3q1P2/6K1 b - - 0 33	f4d3 c8e6	852	easy	endgame mate mateIn1 oneMove
ww1S9	6b1/6pk/4n1p1/p7/2p2PP1/P7/1b1R4/3K4 b - - 1 40	c4c3 d2h2	852	easy	endgame mate mateIn1 oneMove
BCJvW	3r4/1p2kp2/p1p5/3pPP2/4P3/P1RB4/1P3KP1/3b4 w - - 1 31	f2e3 d5d4 e3d2 d4c3	853	easy	crushing endgame fork master short
b4kLN	5k2/4brnq/pQ1p1p2/4p3/7P/P4PRK/6P1/8 b - - 8 35	g7f5 b6b8 e7d8 b8d8	853	easy	endgame mate mateIn2 short
iPHiH	r2r2k1/pn4p1/2NPp2p/2P2q2/4pP2/6B1/P4PPP/2R2RK1 b - - 0 25	b7c5 c6e7 g8h7 e7f5	853	easy	advantage fork middlegame short
ihmgE	r1bq2k1/pp2N1br/2p3n1/5pPp/3P2nP/1B3Q2/PPP2P2/2KRR3 b - - 1 20	g8f8 e7g6	853	easy	hangingPiece master mate mateIn1 middlegame oneMove
oE4bm	r4nk1/p1q2ppp/2p2n2/1p1p1P2/5PPQ/5B2/PPP1r2P/2KRR3 w - - 0 23	e1e2 c7f4 c1b1 f4f3	854	easy	advantage fork middlegame short
tO7dN	r1bqk2r/ppppbp1p/4P1p1/5n2/2BQ4/3P4/PPP2PPP/RNB2RK1 b kq - 0 10	f5d4 e6f7 e8f8 c1h6	854	easy	advancedPawn attackingF2F7 mate mateIn2 opening short
g0iFK	5r1k/ppp3pp/8/5n2/2P1R3/7P/PB3bPK/R7 w - - 0 27	e4f4 f2g3 h2h1 g3f4	855	easy	advantage endgame fork short
qrarG	1r1q1rk1/5ppp/3p1b2/pp1Np3/4P3/1PP1Q3/1P3PPP/R4RK1 w - - 1 18	a1a5 d8a5 d5f6 g7f6	855	easy	advantage hangingPiece middlegame short
1EzCd	4rn1r/1pBbk3/pNB1pp1p/2p4P/3p4/1P1P4/P1PKPP2/6RR b - - 0 23	d7c6 g1g7	856	easy	epauletteMate mate mateIn1 middlegame oneMove pillsburysMate
GHFJJ	8/8/7p/5p1k/R5pP/6PK/1r6/8 w - - 0 53	a4g4 f5g4	856	easy	endgame mate mateIn1 oneMove rookEndgame
TgDfl	rn3rkR/ppq1ppP1/2p5/5b2/N2P4/5P2/PnPQ4/2K2B2 b - - 1 17	g8g7 d2h6	856	easy	mate mateIn1 middlegame oneMove triangleMate
XdNjO	1rr4k/3R1Qpp/p3p3/8/3B4/8/P1P2PPP/q5K1 w - - 0 23	d4a1 b8b1 d7d1 b1d1	856	easy	backRankMate endgame fork mate mateIn2 short
ieLNI	4k2r/p1r3pp/1p3p2/1b6/3P4/P3P3/1P1bNPPP/3R1K1R w k - 0 19	d1d2 c7c1 d2d1 c1d1	856	easy	endgame mate mateIn2 pin short
tWy0n	2r4k/3n1p1p/1p2rp1q/pPbNpQ2/P3P1P1/1B5P/8/3R1R1K w - - 1 31	d5b6 h6h3	856	easy	kingsideAttack mate mateIn1 middlegame oneMove
0CYwL	r1bq1r1k/1pp3pp/1n3b2/p6R/P7/1B1P3P/1PP2PP1/R1BQ2K1 b - - 4 20	c8d7 h5h7 h8h7 d1h5	857	easy	attraction kingsideAttack mate mateIn2 opening sacrifice short
Cm5Mg	2rq4/1p3nbk/p2pQ1pp/8/4P3/4B1R1/PPP3PP/6K1 b - - 1 25	d8e8 e6g6 h7h8 g6g7	857	easy	mate mateIn2 middlegame short
OHK3H	r4k1r/pQ2bppp/4p3/4N3/3q1P2/8/PP3nPP/R1B2R1K w - - 1 18	f1f2 d4d1 f2f1 d1f1	857	easy	kingsideAttack mate mateIn2 middlegame short
2uzeM	rn1q1r2/ppp1bkpp/3pb3/4P3/4Q3/5N2/PPP2PPP/RNB1K2R w KQ - 1 9	f3g5 e7g5 c1g5 d8g5	858	easy	advantage opening short
Plnwp	8/1pp3p1/p3p1bp/4N2k/8/P1P2NPP/1n2K3/8 b - - 7 36	g6f5 g3g4 f5g4 h3g4	858	easy	endgame fork mate mateIn2 short
zFHmp	2r3k1/2r2pp1/p3p2p/4N3/1pn1Q1P1/3R3P/P1q2P2/3R2K1 b - - 1 32	c4e5 d3d8 c8d8 d1d8	858	easy	master mate mateIn2 middlegame short
207Cd	6k1/3P1pbp/1q4p1/2N5/p1Q3PP/P7/3r4/1K1R4 w - - 4 41	b1c1 b6b2	859	easy	endgame mate mateIn1 oneMove triangleMate
Rwboa	5R2/6k1/8/2Pp2Kp/1p6/1P4Nq/P7/R7 w - - 1 37	f8f3 h3g4	859	easy	endgame mate mateIn1 oneMove
YmaF2	r4qrk/3b1p2/p1n1pPp1/3pP1NQ/3P2P1/2pB3R/7P/R5K1 b - - 0 27	g6h5 h3h5 f8h6 h5h6	859	easy	kingsideAttack mate mateIn2 middlegame short
i1DDL	r4rk1/1b1n1pp1/ppNpp1qp/2pPb3/4P3/2N2Q2/PPP2PPP/2KR1B1R b - - 1 15	e5c3 c6e7 g8h8 e7g6	859	easy	crushing fork middlegame short
oa5W7	3r2k1/ppp1n1p1/5p2/2P4p/2N2P2/2P2RKP/P1B3P1/R1Bn3r w - - 0 25	c2b3 e7f5	859	easy	master mate mateIn1 middlegame oneMove
4lxBD	1R2r1k1/p1r1Pppp/2p2q2/2pp4/8/3P3Q/P1P3PP/4R2K b - - 7 24	c7e7 b8e8 e7e8 e1e8	860	easy	endgame kingsideAttack mate mateIn2 short xRayAttack
6BIFz	2r2rk1/pp1b2pp/1qnpp3/5p1n/4PP1b/P1N4P/1PP1B1PN/R1BQ1RK1 w - - 4 17	g1h1 h5g3	860	easy	mate mateIn1 middlegame oneMove
RQhHd	8/6qk/7p/8/2p2Q1K/7P/5P2/8 w - - 0 51	f4c4 g7g5	860	easy	endgame mate mateIn1 oneMove queenEndgame
tHIMG	1rr3k1/p4ppp/4pq2/3p4/5P1P/QP1B2P1/P1P5/2KR4 b - - 0 29	f6d4 d3h7 g8h7 d1d4	860	easy	crushing discoveredAttack endgame kingsideAttack short
4535P	7R/2k5/2p1p3/8/1PKP3p/6r1/6P1/8 w - - 8 40	c4c5 g3c3	861	easy	endgame master mate mateIn1 oneMove rookEndgame
IMuhH	7Q/r4p1p/4p1p1/3p4/1R1P1bP1/2P3kP/8/6qK w - - 0 45	h1g1 a7a1 b4b1 a1b1	861	easy	endgame mate mateIn2 short
JUsTe	6k1/Q5b1/3p2pp/3P3r/P1n5/5KPP/8/8 b - - 0 37	h5d5 a7a8 g8h7 a8d5	861	easy	crushing endgame fork short
LSGAl	8/4kpbp/p5p1/4Nn2/1r1P4/5N2/1P1RK1PP/8 b - - 17 37	g7h6 e5c6 e7e8 c6b4	861	easy	crushing endgame fork short
OVf8M	8/8/6k1/2PR2pp/8/3NP1PK/2r4P/8 w - - 0 40	e3e4 g5g4 h3h4 c2h2	861	easy	deflection endgame mate mateIn2 short
gbszf	4Qbk1/5p1p/6pB/2q5/2p5/7P/Pr3PP1/R5K1 w - - 3 28	a2a4 c5f2 g1h2 f2g2	861	easy	endgame mate mateIn2 short
ypWpi	1rb1k2r/5ppp/p3p3/1p1Nq1P1/2n2b1P/7B/PPP1Q3/1K1R2NR w k - 1 17	d5f4 e5b2	861	easy	mate mateIn1 middlegame oneMove queensideAttack
DD3Nb	r1bqkbr1/2p1p2Q/p3p3/np1PN1pn/2p5/2N3B1/PP3PPP/R3K2R b KQq - 1 16	h5f6 h7f7	862	easy	master mate mateIn1 middlegame oneMove
6f51Y	3r1rk1/5ppp/pn4q1/1p1N4/3Q4/P3PB1b/1PP2PP1/R4RK1 b - - 0 20	d8d5 f3d5 b6d5 d4d5	863	easy	advantage middlegame short
WrpBD	8/8/p3N1k1/2P3p1/8/5p2/2r4P/5K2 b - - 3 49	g6f5 e6d4 f5e5 d4c2	863	easy	crushing endgame fork short
YZvuc	5N1r/4Q3/3np3/5k1p/8/6PK/P3qNBP/8 w - - 1 35	e7d6 e2g4 f2g4 h5g4	863	easy	discoveredCheck doubleCheck endgame mate mateIn2 sacrifice short
wWebn	r3k3/1p2q3/1r3p2/p1p1pP1B/2PnP2p/PP1R4/6R1/3Q2K1 b - - 1 39	e8d8 g2g8 d8c7 g8a8	863	easy	crushing master middlegame short skewer
0aRva	6k1/5p1n/Q1bBp2p/2P3p1/3P4/5P1K/6PP/4q3 w - - 0 37	a6c6 e1h4	864	easy	endgame mate mateIn1 oneMove
QnZ99	8/1n5R/r1p2k2/1p1p1P2/1p1P4/3B2K1/5P2/8 w - - 1 37	h7b7 a6a3 b7c7 a3d3	864	easy	crushing endgame pin short
ZkNr4	r2qk2r/ppp3pp/2n5/4p3/1b2n3/2P1PQBP/P4PP1/R3KB1R w KQkq - 0 13	c3b4 d8d2	864	easy	mate mateIn1 middlegame oneMove
aPy4J	r3k2r/4ppbp/6p1/1N1qn3/2p5/2Pb3P/1P1P1PP1/R1BQR1K1 b kq - 0 17	a8a1 b5c7 e8f8 c7d5	864	easy	advantage fork middlegame short
jB0v0	r1bq1r1k/1p3p1p/2p1nPpQ/3pP1N1/p7/3P4/PP3RPP/2R3K1 b - - 5 22	e6g5 h6g7	864	easy	mate mateIn1 middlegame oneMove
sffiH	8/1PK1k3/2Bp4/2n1p3/4Pppp/5P2/6PP/8 w - - 0 40	b7b8q c5a6 c7b7 a6b8	864	easy	advantage endgame fork master short
ufiSx	8/1krb2pp/1p1Qp3/3p4/8/PR3P2/KP5P/5q2 b - - 3 34	f1c4 d6b6 b7c8 b6b8	864	easy	endgame mate mateIn2 short
2xYMh	8/7b/4p3/2k5/5PN1/2K5/8/8 b - - 0 65	c5d5 g4f6 d5d6 f6h7	865	easy	crushing endgame fork short
VKRlB	2r3k1/3q1pp1/1p1p3p/pN1Pp1b1/P3P3/5N1P/1PQ2PP1/4K2R w K - 1 21	c2b1 c8c1 b1c1 g5c1	865	easy	advantage fork middlegame short
i02i4	rk4r1/1bR4p/p2p4/1p1N2B1/4q3/1B5P/PP3PP1/2RQ2K1 w - - 3 26	d5f6 e4g2	865	easy	kingsideAttack mate mateIn1 middlegame oneMove
u4u4D	6r1/R2n1p1k/4p2p/3p1n1N/7P/1PP2P2/8/2N1K3 b - - 1 31	d7e5 h5f6 h7g7 f6g8	865	easy	crushing endgame fork short
wCPtA	3R4/p6p/6pk/1b2p3/3bPpB1/3n4/P5PP/3R3K w - - 3 37	g4e2 d3f2 h1g1 f2d1	865	easy	advantage discoveredAttack discoveredCheck endgame fork short
2dakR	r2q2kr/p1p1bp1p/1p2P1pQ/6P1/4pPb1/2B1P2R/PPP4P/R5K1 b - - 0 21	g4h3 h6g7	866	easy	mate mateIn1 middlegame oneMove
3tepn	r2qkb1r/pp1bnpp1/2n1p2p/1NPpP1B1/8/5N2/PPP2PPP/R2QKB1R b KQkq - 1 8	h6g5 b5d6	866	easy	mate mateIn1 oneMove opening smotheredMate
6Zo8y	3r1k1r/6pp/2Qbp3/3N4/8/8/PPP4P/2K5 w - - 0 25	d5c7 d6f4 c1b1 d8d1	866	easy	backRankMate endgame mate mateIn2 short
IAaEr	3R4/kp6/8/1PK5/p7/Pr6/8/8 b - - 0 50	b3a3 b5b6 a7a6 d8a8	866	easy	endgame master mate mateIn2 rookEndgame short
InTtF	5k2/6p1/p2N3p/1pp3n1/3p2PN/6QP/1PP1q2K/8 w - - 6 36	h4g2 g5f3 g3f3 e2f3	866	easy	crushing endgame short
Xl0dH	r3k2r/1p6/4pR2/p2pN1Bq/4P2P/1Q1P4/4n1P1/R5K1 w kq - 1 24	g1h2 h5h4 g5h4 h8h4	866	easy	anastasiaMate mate mateIn2 middlegame sacrifice short
ZJcoI	1r5k/2p1Q1p1/p2p4/1pq5/4P3/7P/P4RK1/8 b - - 3 28	b8g8 e7h4 c5h5 h4h5	866	easy	endgame mate mateIn2 short
fIiXk	8/p1p2p2/5k1p/3P4/2P2qP1/P1Q4K/8/8 b - - 3 35	f6g5 c3g7	866	easy	endgame mate mateIn1 oneMove queenEndgame
i3g0v	r2q1rk1/pp1n2pp/5np1/3pp3/7P/3BPN2/PPP2PP1/R2QK2R w KQ - 0 13	d3b5 d8a5 c2c3 a5b5	866	easy	crushing fork middlegame short
sAOz1	2r4k/pp3pbp/3NRNp1/6B1/3n4/2q2P2/P1P3PP/2Q4K b - - 0 29	f7e6 d6f7	866	easy	mate mateIn1 middlegame oneMove
uK06Y	5k2/p1p2ppp/1NR5/1rr5/3p4/P4KP1/5P1P/4R3 b - - 0 27	c5c6 b6d7 f8g8 e1e8	866	easy	backRankMate endgame mate mateIn2 short
9vAqe	3r1k2/5p1p/6p1/1R3p2/P4P2/1KP1n1P1/7P/8 b - - 0 38	f8e8 b5e5 e8d7 e5e3	867	easy	advantage endgame fork short
G9i75	4rq1k/p5b1/1ppp3p/4n3/8/2N1N1P1/PP3PQP/R1B3K1 w - - 2 23	e3d1 e5f3 g2f3 f8f3	867	easy	crushing kingsideAttack middlegame short
IgLAP	r4rk1/1pq1bppn/p2p2P1/4p2p/2b1P2B/5P2/PPP3QP/2KR2R1 b - - 0 19	e7h4 g6h7 g8h7 g2g7	867	easy	advancedPawn attraction discoveredAttack kingsideAttack mate mateIn2 middlegame short
N32LT	8/8/P1R3pp/3Bp1k1/1q1bP1P1/R4P2/KP6/8 w - - 3 44	c6c4 b4b2	867	easy	endgame mate mateIn1 oneMove
NT7dp	7B/4rk2/5pp1/p2p1b1p/1p3R2/8/1P3PPP/2R2K2 w - - 0 32	c1c5 f5d3 f1g1 e7e1	867	easy	backRankMate endgame mate mateIn2 short
1BT3L	rnb3k1/pp1p2bp/3qN1p1/1P1Q4/2P1P2P/5R2/6P1/5R1K b - - 0 23	d6d5 f3f8 g7f8 f1f8	868	easy	kingsideAttack mate mateIn2 middlegame sacrifice short
2mlWe	3Q4/4ppkp/p1p3p1/8/8/2q5/PrP1B1PP/1R5K w - - 0 23	b1b2 c3e1 e2f1 e1f1	868	easy	endgame fork mate mateIn2 short
Zgh96	6k1/1p3pp1/1r5p/3p4/3P4/1b1B1P1P/1P3KP1/R7 b - - 3 31	b3c4 a1a8	868	easy	endgame master mate mateIn1 oneMove pillsburysMate
hJEm8	1q2r3/4BQbk/5pp1/1p5p/3P4/4PpRP/2P2P1K/8 b - - 2 30	h5h4 f7g6 h7h8 g6g7	868	easy	endgame mate mateIn2 short
ui6jT	1k6/1p3Qp1/p1pP2p1/P5q1/1P1P4/7r/2P2PP1/4R1K1 w - - 0 27	e1e7 g5c1 e7e1 c1e1	868	easy	endgame mate mateIn2 short
I8z0s	8/1kp2r2/1pRp4/pP1Pp1P1/P3K3/1P5r/8/2R5 w - - 0 50	g5g6 f7f4	869	easy	endgame mate mateIn1 oneMove rookEndgame
i8uTQ	5rk1/pp3pp1/8/3NPR2/2r1n3/8/6KP/8 b - - 0 35	c4d4 d5e7 g8h7 f5h5	869	easy	anastasiaMate endgame mate mateIn2 short
kSLXA	6k1/ppp2ppp/3p4/3P4/6q1/4r1NQ/PP3RK1/8 b - - 5 28	g4d4 h3c8 e3e8 c8e8	869	easy	endgame mate mateIn2 short
li05b	r4r2/1p4pk/p1p1p2p/2P3P1/1P1qNb2/P2n4/2Q3BP/R3R2K b - - 5 33	d3e1 e4f6 h7h8 c2h7	869	easy	discoveredCheck doubleCheck mate mateIn2 middlegame short
rbEQU	r1bq1rk1/pppn1pbp/3p2p1/3Pp3/2PnP3/2NBBN2/PP3PPP/R2Q1RK1 w - - 1 10	f3d4 e5d4 e3d4 g7d4	869	easy	advantage fork opening short
rdS2x	2r3k1/pp1P2pp/2p1q3/3n4/2QPp3/1P2PpP1/P2N1P2/R1R3Kr w - - 1 27	g1h1 e6h3 h1g1 h3g2	869	easy	kingsideAttack mate mateIn2 middlegame short
wBjPw	2k4r/p1p5/1pP4q/3Pr3/1P2p2R/P3Q1P1/5RK1/8 b - - 2 32	h6e3 h4h8 e5e8 h8e8	869	easy	endgame hangingPiece mate mateIn2 queenRookEndgame short
GXs7t	3r2k1/2q2ppn/p1p4p/1p2R3/8/P1N3QP/1PP2PP1/7K b - - 0 24	f7f6 e5e8 d8e8 g3c7	870	easy	crushing discoveredAttack endgame short
JwsPY	8/4k1r1/3p4/p2PpR2/2PN2q1/P1n4p/KR3Q2/8 w - - 1 36	a2a1 g4d1 b2b1 d1b1	870	easy	mate mateIn2 middlegame short
NydFH	r1b2r1k/1p2ppbp/p5p1/3pP3/P4P2/1BP4n/1P1N2PP/R1BQR1qK w - - 7 18	e1g1 h3f2	870	easy	mate mateIn1 oneMove opening smotheredMate
fqDwd	1nk2N1r/pp2p1b1/2q2pp1/8/3p1P2/3PB1Pp/PPP4P/1R2QR1K w - - 0 24	h1g1 c6g2	870	easy	mate mateIn1 middlegame oneMove
j1xrG	3r4/p3kbpp/8/4q3/8/5N2/PPP1PbPP/R1K2B1R w - - 0 20	f3e5 f2e3 c1b1 d8d1	870	easy	mate mateIn2 middlegame queensideAttack short
jKvtX	5k2/5p2/8/2pr1N2/8/3n3P/1P2p1P1/R3R1K1 b - - 0 52	d3e1 a1a8 d5d8 a8d8	870	easy	endgame mate mateIn2 short
k0Abx	r1k5/2p3Qp/2q5/1p1p4/8/p5P1/5PP1/N3R1K1 w - - 1 32	a1c2 c6c2 g7g8 c8b7	870	easy	crushing endgame hangingPiece master short
pYsjY	4Q3/5pk1/3p2p1/p1pPp3/3nP3/1P1K1q1p/R6P/R7 w - - 2 48	d3c4 f3b3	870	easy	endgame master mate mateIn1 oneMove
8KOK2	1b6/p2R4/1p5p/kP2p3/2K1n3/6P1/2P4P/3N4 w - - 4 38	d7b7 e4d6 c4d5 d6b7	871	easy	crushing endgame fork master short
Ko1sg	8/6b1/2R2k1p/5P2/3pK3/1P1P4/2P5/5r2 b - - 6 53	f6g5 c6g6 g5h4 g6g7	871	easy	crushing endgame fork short
eBADy	1k6/1pp3p1/P3p3/P5p1/2P1Qb2/7r/2B2qP1/3R3K w - - 0 30	g2h3 f2h2	871	easy	endgame master mate mateIn1 oneMove
lfmMY	3R4/8/p7/4pk2/8/2P5/3K1P2/5r2 w - - 6 61	d2d3 f1d1 d3c4 d1d8	871	easy	crushing endgame rookEndgame short skewer
nHMHV	6k1/5p2/1p4pp/4b3/pQPr2P1/P2p3n/1P4B1/1R2R1qK w - - 2 41	e1g1 h3f2	871	easy	mate mateIn1 middlegame oneMove
qtJts	4r1k1/ppp2R1p/3p3B/3Pq2p/2Pr4/1P5P/P5P1/5RK1 b - - 0 22	e5e2 f7f8 e8f8 f1f8	871	easy	endgame kingsideAttack mate mateIn2 operaMate short
BT0Ej	8/8/R5kp/2p2pp1/1bBp1p2/5P2/2rNKP1P/8 b - - 13 47	g6h5 c4f7 h5h4 a6h6	872	easy	deflection endgame master mate mateIn2 short
BYPl2	r2k1n2/2R3pp/4pp2/3p4/1P1P4/1r1NP1B1/p4PPP/R5K1 w - - 12 28	d3c5 b3b1 a1b1 a2b1q	872	easy	advancedPawn backRankMate mate mateIn2 middlegame promotion short
CZNyJ	8/8/7p/1r2r1k1/1pKR2P1/1Pp5/2PR4/8 w - - 2 54	d2d3 e5c5	872	easy	blindSwineMate endgame epauletteMate master mate mateIn1 oneMove rookEndgame
RpPW3	r1b3k1/1p2bp2/pq2pn1Q/4r3/3p2R1/2PB4/PP3PPP/5RK1 b - - 1 21	f6g4 h6h7 g8f8 h7h8	872	easy	kingsideAttack mate mateIn2 middlegame short
XULLO	6k1/4P1pN/6P1/7p/8/4K3/p5PP/8 b - - 0 43	a2a1q e7e8q	872	easy	advancedPawn endgame mate mateIn1 oneMove promotion
sfMwc	8/2R1Q3/kq6/p4B1p/1n5P/6p1/1P3PPK/3r4 w - - 0 36	f2g3 b6g1 h2h3 g1h1	872	easy	endgame mate mateIn2 short
zvAy1	4rk2/4p2p/p2pR3/1pqP2p1/5p2/1P4B1/2r2PPP/3QR1K1 w - - 0 32	g3f4 c5f2 g1h1 f2g2	872	easy	fork mate mateIn2 middlegame short
33jdu	1rb5/R5k1/1pPpN3/3Pp2p/1P2n1pq/8/4B1K1/2B2R2 b - - 1 35	g7g6 a7g7	873	easy	mate mateIn1 middlegame oneMove pillsburysMate
3kyAf	6k1/p2r1pb1/1p2p2p/4P1pP/8/3BQ3/Pq3PP1/4R1K1 b - - 1 28	b2c3 d3h7 g8h7 e3c3	873	easy	crushing discoveredAttack endgame master short
6imEm	r3kr2/pp5p/1qp1pB2/3pn3/6BP/3P4/PPP5/RN1QK2R w KQq - 1 15	f6e5 b6f2	873	easy	mate mateIn1 middlegame oneMove
NfWH1	r1b2rk1/pp3p2/2n2QpB/4p2R/3qP3/2p2P2/PPP3P1/R2K1B2 w - - 2 20	f1d3 d4g1 d3f1 g1f1	873	easy	mate mateIn2 middlegame short
RzCro	4r3/4P1pk/3P1pNp/r6P/6b1/1P6/PK6/3R4 b - - 0 38	g4d7 g6f8 h7g8 f8d7	873	easy	crushing endgame fork short
ao1qs	2R5/2P2rpk/4p3/2n5/8/4P1P1/5P1P/6K1 b - - 0 45	c5a6 c8h8 h7h8 c7c8q	873	easy	advancedPawn attraction crushing endgame promotion short
GRWJz	8/6p1/5k1p/8/4RKP1/r6P/8/8 w - - 3 42	h3h4 g7g5 h4g5 h6g5	874	easy	endgame mate mateIn2 rookEndgame short
NuM33	2k2br1/1p3Q2/p1p1p1q1/4P3/3P3p/2P1P2P/PP1B1RrK/5R2 w - - 1 30	h2h1 g2g1 f1g1 g6g1	874	easy	kingsideAttack mate mateIn2 middlegame short
PAenE	r1b1k2r/p1p1qpbp/3p2p1/1p1Pp3/3n4/2Q2N2/PPPP1PPP/R1B1KB1R w KQkq - 2 11	f3d4 e5d4 c3e3 d4e3	874	easy	crushing discoveredAttack discoveredCheck opening short
icIR8	r2qkb1r/1p3ppp/p1n1pn2/8/3P4/P1N2B1P/1P3PP1/R1BQK2R b KQkq - 0 11	d8d4 f3c6 b7c6 d1d4	874	easy	crushing intermezzo opening short
wj7tk	4r1k1/1pRb1ppp/6r1/1P5q/4P3/4P2P/3N1QP1/5BK1 b - - 6 27	d7h3 f2f7 g8h8 f7e8	874	easy	fork mate mateIn2 middlegame short
02KZc	r7/5pk1/5q1n/1QPp4/pP1PpNp1/P3P1P1/5KP1/8 b - - 0 35	h6f5 f4h5 g7g6 h5f6	875	easy	advantage endgame fork short
8YJKQ	1r3r1k/p5R1/2b1qpQp/7P/1P6/P2p4/6P1/5RK1 b - - 4 33	f8g8 g6h6	875	easy	mate mateIn1 middlegame oneMove
DY3vJ	1r3b1k/2R5/6p1/3Bp2p/p3P3/P7/1P4PP/2B3K1 w - - 2 35	c7a7 f8c5 g1f1 c5a7	875	easy	advantage endgame fork short
DqtVb	7k/6b1/p1b3Qp/1p3Pp1/8/1B3p2/1PP3qP/6RK w - - 0 31	g1g2 f3g2 h1g1 g7d4	875	easy	advancedPawn endgame mate mateIn2 short
GIJq3	4r1k1/pp1R1ppp/2p5/8/2B2n2/5P1P/PPP5/3K4 b - - 5 30	b7b5 c4f7 g8f8 f7e8	875	easy	crushing endgame fork short
Hwt81	1r4k1/pppq1ppp/3b4/3Q4/8/2N1P3/PPP3PP/5RK1 w - - 3 18	c3e4 d6h2 g1h2 d7d5	875	easy	crushing discoveredAttack endgame kingsideAttack short
Lt0zR	r1bq2rk/pp4p1/2p1p2b/3pPpN1/3P3P/2PB4/PPQ2PP1/R3K2R b KQ - 2 16	h6g5 h4g5	875	easy	discoveredAttack discoveredCheck kingsideAttack mate mateIn1 middlegame oneMove
SezT6	5rk1/pp3B1p/5Qp1/3p4/8/1P5P/P2q1PP1/4R1K1 b - - 0 24	f8f7 e1e8 f7f8 e8f8	875	easy	endgame mate mateIn2 short
2kPX9	3q1rk1/p3b2p/4P1N1/2p2p2/4p3/3bP1R1/Pr4PP/R2Q2K1 b - - 0 32	h7g6 g3g6 g8h8 d1h5	876	easy	kingsideAttack mate mateIn2 middlegame short
PrAT5	8/R6p/4p1k1/2p3PP/P1P5/3K4/6r1/8 b - - 0 36	g6g5 a7g7 g5f4 g7g2	876	easy	crushing endgame rookEndgame short skewer
tq8Gv	8/1R2n2p/p4pk1/3Bp1p1/2P1K3/3P2P1/3N3n/2r5 w - - 2 37	b7e7 c1e1	876	easy	endgame mate mateIn1 oneMove
L5sWB	5r1k/pp2r3/3p2QP/3pB3/2q5/P5P1/1PP4K/5R2 b - - 2 32	d6e5 f1f8	877	easy	endgame hangingPiece mate mateIn1 oneMove
Dkn0x	r4rk1/pb3ppp/1q1pp3/1pp5/4PP2/1QPP2P1/P2N2BP/R4RK1 w - - 3 15	f1b1 c5c4 g1h1 c4b3	878	easy	advantage discoveredAttack discoveredCheck middlegame short
atQbi	6k1/p7/2p5/3p2p1/6Pb/P2QP3/2R2p2/1q1K4 w - - 1 42	c2c1 b1d3	878	easy	endgame hangingPiece master mate mateIn1 oneMove
dBuMj	4k1nr/p1pn2pp/3p4/2b1pb2/8/2N5/PPPPNPqP/R1BQK2R w KQk - 0 9	h1g1 g2f2	878	easy	attackingF2F7 mate mateIn1 middlegame oneMove
jDeUU	rnbq1r1k/pp6/2p1p1n1/2bpP1NQ/8/8/PPP2PPP/RNB2RK1 b - - 1 12	h8g7 h5h7	878	easy	mate mateIn1 oneMove opening
A5EGg	4r1k1/6p1/pqN2b1p/1p1p1P2/2n5/P1P3P1/1P4BP/R2Q3K b - - 0 29	b6c6 g2d5 c6d5 d1d5	879	easy	advantage fork middlegame short
DErXq	6r1/2R1k3/3p2rp/Q7/4P3/7P/4q1P1/7K b - - 15 47	e7f6 a5f5	879	easy	endgame mate mateIn1 oneMove
Do02J	8/3Q1rk1/1p4pp/p1p1p3/2P4P/P4pP1/1P5K/8 w - - 2 38	d7e6 f3f2 e6f7 g7f7	879	easy	advancedPawn crushing endgame queenRookEndgame short
cBZAx	2r2rk1/pp2q2p/3pP1b1/8/5p1Q/3P1N1R/PP3PP1/1K6 w - - 0 27	h4e7 g6d3 b1a1 c8c1	879	easy	backRankMate endgame master mate mateIn2 short
dSXOn	4r1k1/6pp/1pp5/8/8/2nP2BP/P4PP1/R5K1 w - - 0 27	a1c1 c3e2 g1h1 e2c1	879	easy	crushing endgame fork short
qoT87	2k1r3/1p4R1/p2p1Q2/3P4/N1P5/3q4/PP6/2K1rR2 w - - 9 34	f1e1 e8e1	879	easy	endgame mate mateIn1 oneMove
thE4J	8/5pk1/6p1/3r4/2R5/5P2/3r2P1/6RK w - - 0 35	c4e4 d5h5 e4h4 h5h4	879	easy	endgame mate mateIn2 rookEndgame short
x1LVd	3q4/5ppk/1Rrr4/P3p2p/8/8/1Q3PPP/1R4K1 w - - 4 30	b6b8 d6d1 b1d1 d8d1	879	easy	backRankMate endgame mate mateIn2 short
yPAE9	5k2/pp2r1bR/2p3P1/2q2b1Q/3p1P2/5PK1/PP4P1/8 b - - 0 31	b7b6 h7h8 g7h8 h5h8	879	easy	endgame mate mateIn2 sacrifice short
AUS4i	r2q1r2/5kb1/2P2n2/p1p1pbp1/P1P1PpP1/1PN2P2/4QKB1/1R3R2 w - - 0 27	e4f5 d8d4 f2e1 d4c3	880	easy	crushing fork middlegame short
GThKE	8/5k2/6p1/4p1Qr/3q4/5PK1/3p2P1/3R4 w - - 6 42	g5d2 d4h4	880	easy	endgame mate mateIn1 oneMove
irmq1	4r3/1b6/4Pkpp/2p2P2/pnPp1KP1/6N1/1P1N4/4R3 w - - 6 47	e1a1 g6g5	880	easy	endgame mate mateIn1 oneMove
jhpRh	2b5/4k2r/r2q1pQ1/4pP2/2p1P3/1P6/1P4PP/3R3K w - - 0 38	d1d6 a6a1 d6d1 a1d1	880	easy	endgame mate mateIn2 short
lmj7T	R7/5pk1/pp1P2p1/2p4p/P7/2N1N1b1/1P3P1q/3R2K1 w - - 5 35	g1f1 h2f2	880	easy	endgame mate mateIn1 oneMove
rkLqz	1r6/6p1/R6p/2k5/6P1/3pnP1P/P7/KN6 w - - 2 37	b1d2 e3c2	880	easy	endgame mate mateIn1 oneMove
01OgB	r3r1k1/1ppQ1pp1/1p5p/1P6/3P4/2P5/3B1PPP/5qK1 w - - 0 22	g1f1 a8a1 d2c1 a1c1	881	easy	endgame mate mateIn2 short
2ACN2	1r3r2/3R3p/6pk/p7/8/PPp4P/B1P2nP1/2K2R2 w - - 4 28	d7a7 f2d3 c2d3 f8f1	881	easy	crushing discoveredAttack endgame short
Cwu3a	3r2k1/5pp1/8/3P3p/4QP2/4R1P1/P3p2P/3q2K1 w - - 2 43	g1g2 d1f1	881	easy	dovetailMate endgame master mate mateIn1 oneMove
MXRn7	r1b3k1/1p1n2p1/p3P3/8/6qn/4P1B1/P1Q2P2/3R1RK1 b - - 0 27	d7f6 d1d8 f6e8 d8e8	881	easy	mate mateIn2 middlegame short
Oixnq	2rr2k1/1p1n1pp1/p5b1/3Q2Pp/q4B1P/2P2P2/PP2B3/2KR3R w - - 1 22	d1d4 a4c2	881	easy	master masterVsMaster mate mateIn1 middlegame oneMove
S9qrB	2krr3/1pp3p1/5p1p/5b2/Q4B2/8/PP1p1PPP/R5K1 w - - 4 22	a1d1 e8e1 d1e1 d2e1q	881	easy	advancedPawn endgame mate mateIn2 promotion short
jiKoP	2r1r1k1/1p1q1pb1/p1np2pB/3Np3/8/6Q1/PPP2PPP/R4RK1 b - - 5 19	g7h6 d5f6 g8g7 f6d7	881	easy	advantage fork middlegame short
t5rHN	k2r1n1r/8/P3p3/1Nqp4/R3n1p1/2P1Q3/5p1P/1R3K2 b - - 1 29	c5e3 b5c7 a8a7 b1b7	881	easy	mate mateIn2 middlegame short vukovicMate
xKSWW	r4rk1/1p3ppp/p4n2/q1nP1b2/5P2/2N2N2/PP1Q2PP/1K1R1B1R w - - 4 15	b1a1 c5b3	881	easy	mate mateIn1 middlegame oneMove pin
7Ky9a	3rr1k1/1b3pPB/p6p/1p4P1/7Q/1NP1pq2/P1P2p1P/R4K2 b - - 5 32	g8h7 h4h6 h7g8 h6h8	882	easy	mate mateIn2 middlegame short
NQMS0	4n2R/8/1nk1KN2/3p4/8/2p5/8/8 w - - 0 68	h8e8 c3c2 e6f5 c2c1q	882	easy	advancedPawn advantage endgame master promotion short
iVray	5r1k/1p3n2/1p4Rp/1B6/4N3/5P1P/Pb4P1/6K1 w - - 0 28	g6b6 b2d4 g1h2 d4b6	882	easy	advantage endgame fork short
sPyy0	rnbqk2r/ppp1bp1p/6p1/3pP3/8/2P3Q1/PPP3PP/R1B1KBNR w KQkq - 0 8	c1h6 e7h4 e1c1 h4g3	882	easy	crushing master opening pin short
6bAqC	8/5pk1/2R4p/p1N2p2/1r6/8/5PK1/8 b - - 6 38	b4c4 c5e6 g7f6 c6c4	883	easy	crushing discoveredAttack endgame short
e6GBG	5k2/5p2/3b1Np1/7p/4RP1P/1r4PK/8/8 b - - 1 36	f8g7 f6e8 g7f8 e8d6	883	easy	crushing endgame fork short
f1Jfq	8/8/8/p6p/2N1Rpk1/3P4/6KP/r7 w - - 0 42	e4e2 f4f3 g2f2 f3e2	883	easy	advancedPawn crushing endgame fork short
hk0Ln	7Q/p3kppp/2p5/3Pp3/N1q3b1/8/PP1B1NPP/R3K2R w KQ - 0 17	h8g7 c4e2	883	easy	mate mateIn1 middlegame oneMove
owqKD	3r1r2/pp1nQpkp/2p1p1p1/8/3RBP2/PqP5/1P4PP/3R3K w - - 7 23	d4d7 b3d1 d7d1 d8d1	883	easy	backRankMate mate mateIn2 middlegame short xRayAttack
03lri	r4rk1/ppb2p1p/2nqppb1/3p4/5PPN/1B1P3P/PPP1N3/R2Q1RK1 w - - 0 16	f4f5 d6h2	884	easy	mate mateIn1 middlegame oneMove
NBPrx	8/6pk/8/8/5P2/7K/7R/5r2 b - - 0 56	f1f4 h3g3 h7g6 g3f4	884	easy	crushing discoveredAttack discoveredCheck endgame rookEndgame short
T8fl1	2b1r1k1/5pp1/p3pq1p/N1P5/3PP3/2PQ4/Pr3PPP/R2R2K1 w - - 1 23	a5c4 f6f2 g1h1 f2g2	884	easy	kingsideAttack mate mateIn2 middlegame short
3NL71	2r1r1nk/1b2qp1p/2pp2pN/pp3PQ1/3NP3/3P3P/PP4P1/2R1R1K1 b - - 0 22	e7g5 h6f7 h8g7 f7g5	885	easy	crushing fork middlegame short
LhHU9	3rkb1r/pp3ppp/8/1Np1Pb2/1n3B2/4PP2/PPPnB1PP/R3K1NR w KQk - 3 11	e1c1 b4a2	885	easy	mate mateIn1 middlegame oneMove queensideAttack
bcUkL	r5rk/p1qnbp1p/1p2p2P/1PpbP1N1/P1Np3P/3P4/2P1QPB1/R3R1K1 b - - 2 21	d5g2 g5f7	885	easy	kingsideAttack master mate mateIn1 middlegame oneMove
jzwSj	2r2rk1/1b3pp1/p3pn1p/2bq4/P7/N2BB3/1P3PPP/R2Q1RK1 w - - 2 19	e3c5 d5g2	885	easy	kingsideAttack mate mateIn1 middlegame oneMove
mzyKY	6k1/5pp1/Q2b1n1p/3pq2b/3Np3/1P2P2P/PB1N1PP1/6K1 w - - 2 24	d4f5 e5h2 g1f1 h2h1	885	easy	kingsideAttack mate mateIn2 middlegame short
oDUQ2	r3k2r/2qp1pp1/p3p3/1p2P1Bp/3nQ1n1/8/PP3PPP/RN3RK1 b kq - 0 17	c7e5 e4a8 e5b8 a8b8	885	easy	hangingPiece mate mateIn2 middlegame short
zFtE6	2r1r1k1/5pp1/7p/3Q4/7q/5P2/3R1KPP/3R4 w - - 8 35	f2g1 e8e1 d1e1 h4e1	885	easy	endgame mate mateIn2 short
9YGHq	1rb3k1/R3b1pp/2p1p3/2PpNpn1/1q1P1N2/4PP2/Q5PP/6K1 w - - 0 28	a7e7 b4e1	886	easy	mate mateIn1 middlegame oneMove
MtuYu	r5k1/5ppp/4b3/1p1p4/1P1B4/4P3/B2n1PPP/R5K1 b - - 6 29	d2b3 a2b3 a8a1 d4a1	886	easy	crushing endgame hangingPiece short
QKDxF	4k1r1/4bpB1/p2p4/2pP3p/2q5/7P/PP3PPK/R3Q3 w - - 1 26	g7f6 c4f4 g2g3 f4f6	886	easy	crushing endgame fork short
aiwP6	4R3/1p4p1/p4k1p/P1pp2r1/5n2/1P3P1P/2P2P1K/5B2 b - - 2 32	g5e5 e8f8 f6e7 f8f4	886	easy	advantage endgame master short skewer
s435k	2r5/4k3/3r1ppp/p2B4/4PKPP/1Pn2R2/P2R4/8 w - - 0 33	f4g3 c3e4 d5e4 d6d2	886	easy	advantage endgame short
98XJH	r2r4/pp2kp1p/4pn2/1BqPn1p1/8/P1N4b/1P1QNPP1/R4RK1 w - - 0 17	g2h3 e5f3 g1g2 f3d2	887	easy	crushing fork middlegame short
A0LJA	r5k1/p3q1p1/RR1p3p/2pP1p2/2P3r1/3QP1P1/5PP1/6K1 b - - 4 25	a7b6 a6a8 g8h7 d3f5	887	easy	crushing endgame hangingPiece master masterVsMaster short
I255z	2kr3r/1pp2ppp/p1n5/8/3bN3/3P1B2/PPP3PP/2KR3R w - - 1 16	e4g5 d4e3 c1b1 e3g5	887	easy	crushing fork middlegame short
NKVI7	7k/p7/6p1/1Pr1pb1p/1Q5P/1B1qp3/P4PP1/2K5 w - - 0 34	b4c5 d3b1	887	easy	endgame master mate mateIn1 oneMove
OeHkb	8/5Rpp/8/2k5/6P1/8/2r5/6K1 b - - 0 45	g7g6 f7c7 c5d6 c7c2	887	easy	crushing endgame rookEndgame short skewer
uX7bi	r1b2rk1/p1Qp1Bpp/2p4q/4p3/4P1n1/2N1P3/PPP3PP/2K2R1R b - - 0 14	f8f7 c7d8 f7f8 f1f8	887	easy	kingsideAttack mate mateIn2 middlegame short
OI84f	7k/1pp3p1/1p1p4/4p1r1/6np/1P1P1N1q/1PP1QP2/R5K1 w - - 0 24	f3g5 h3h2 g1f1 h2h1	888	easy	endgame mate mateIn2 short
beyzj	2kr3r/1p2npp1/4b3/BPQ1p2p/2P4P/3p2P1/3KN1q1/R3R3 b - - 0 26	c8d7 c5c7 d7e8 c7d8	888	easy	mate mateIn2 middlegame short
gXxKX	r1br2k1/pp2pp1p/6p1/1B6/q7/2Q1KP2/1PP3PP/3R3R b - - 2 18	a4h4 d1d8	888	easy	hangingPiece mate mateIn1 middlegame oneMove
mf2AX	r2qk2r/pp1nb2p/3pB1p1/2p1p3/3pP3/3P1Q2/PPP2PPP/R1B2RK1 b kq - 1 14	d7f8 f3f7	888	easy	mate mateIn1 middlegame oneMove
qYxeu	8/5R1p/6pk/4Nn2/8/P4r2/3r3P/4R2K b - - 2 37	f3f2 e5g4 h6g5 g4f2	888	easy	advantage endgame fork master masterVsMaster short
Ph81t	2b5/8/k5p1/2KBBp1p/5P2/7r/8/8 b - - 3 59	h3d3 d5c4 a6b7 c4d3	889	easy	crushing endgame fork short
cXWr3	r2qk2r/pp2bppp/4p3/3pPn2/2pP1nP1/2P2N2/PP3Q1P/RN2BRK1 w kq - 0 15	g4f5 f4h3 g1h1 h3f2	889	easy	crushing fork opening short
n2uWn	8/p1R4p/6pk/5p2/3P2r1/5R2/Pr5q/2Q2K2 b - - 9 37	h6h5 c7h7	889	easy	endgame mate mateIn1 oneMove
xaDMP	r3k2r/1pp5/p3pp2/3p2p1/3Pb1Pp/PqP1PN1P/1P2QP2/2KR1R2 w kq - 1 22	f3d2 b3c2	889	easy	mate mateIn1 middlegame oneMove
8zsRl	2r3k1/p2R2p1/5p1p/1p2pP1Q/1q1nP3/7P/P5PK/8 b - - 7 33	a7a5 h5f7 g8h8 f7g7	890	easy	endgame mate mateIn2 short
GNKLw	r1bq1r1k/pp4pp/5N2/5p2/3n4/1Q4P1/PP3PBP/R1B2RK1 w - - 1 15	b3c3 d4e2 g1h1 e2c3	890	easy	advantage fork opening short
TPMb0	7R/2p5/2pk1KP1/1p6/p2P4/8/6r1/8 b - - 4 41	a4a3 h8d8	890	easy	endgame master mate mateIn1 oneMove rookEndgame
V0EIE	1k4r1/ppb2Rq1/7p/3pr3/8/3P1Q2/PP3PPP/4R1K1 w - - 0 29	f7g7 e5e1	890	easy	endgame hangingPiece mate mateIn1 oneMove
XUtMH	3r1k2/pp4rp/3q1p1Q/4Rp2/3P4/P2R1PPP/1P5K/8 w - - 2 31	e5e2 d6g3 h2h1 g3g1	890	easy	endgame mate mateIn2 short
1lsRS	8/3N3k/p3p2b/3p1p1P/bp1P1P2/8/2BK2R1/r7 b - - 3 50	a1a2 d7f6 h7h8 g2g8	891	easy	arabianMate endgame mate mateIn2 short
SsNb3	rn1qr3/pp3pp1/3b4/2p2Qk1/2P3P1/2N5/PP3P1P/R4K1R b - - 0 18	g5h6 f5h5	891	easy	mate mateIn1 middlegame oneMove
bqP7E	5k2/5ppb/3B4/3B1P1P/r1p2PK1/8/8/8 b - - 2 41	f8e8 d5c6 e8d8 c6a4	891	easy	crushing endgame fork short
1vosU	r1b1k2r/pp3ppp/3b4/3pN3/3P1P2/2nBBQ2/PP5q/2KR2R1 w kq - 0 17	b2c3 d6a3 c1b1 h2b2	892	easy	mate mateIn2 middlegame queensideAttack short
2o5Xs	r1b1qrk1/pppp1pBp/3b2pP/3Np3/3nP3/P1N2Q2/1PP3P1/R2K1B1R b - - 3 18	d4f3 d5f6	892	easy	mate mateIn1 oneMove opening
BY2Mg	2rr2k1/1b3ppp/pq6/1p1PR3/4Q3/PP6/1B3bPP/2R2B1K b - - 1 23	c8c1 e5e8 d8e8 e4e8	892	easy	kingsideAttack mate mateIn2 middlegame short
UkN7I	r1b4k/1pN3pp/2np4/p1b1p2q/2P3n1/P2P1rP1/1P1BPPB1/1R1Q1RK1 w - - 0 16	e2f3 h5h2	892	easy	mate mateIn1 middlegame oneMove
ZZ9sT	8/4r1k1/3R4/4n1p1/P3p1Kp/1P5P/3pBP2/8 w - - 2 51	g4g5 e5f7 g5f4 f7d6	892	easy	crushing endgame fork master short
oUFJE	2kr3r/Qpp1qpb1/p2p2p1/2N4p/2b1P3/2N1nP2/PPP3PP/2KR3R b - - 1 19	d6c5 a7a8	892	easy	mate mateIn1 middlegame oneMove
sNSZF	1k5r/pp6/4Q3/3p4/2pP3q/P1N2P2/1P4r1/R4RK1 w - - 0 29	g1g2 h4h2	892	easy	endgame mate mateIn1 oneMove swallowstailMate
6Nozy	8/6k1/6Pp/8/8/p4Kb1/1p4P1/1B6 b - - 1 41	g7f6 f3g3 a3a2 b1a2	893	easy	bishopEndgame crushing endgame hangingPiece short
DMuS0	2r3k1/6p1/pB2p2p/P1P5/2N5/8/5K2/8 b - - 1 37	g8f7 c4d6 f7f6 d6c8	893	easy	crushing endgame fork short
Lbhqb	2k3rr/pp1n1p1p/2p5/2Pp4/1P1Pp3/4n1q1/P2NQ1B1/R1B1R1K1 w - - 0 20	e2e3 g3g2	893	easy	kingsideAttack mate mateIn1 middlegame oneMove
ny1HN	r4rk1/ppp1npb1/2np1q2/4P1p1/2BP1pb1/P1NQ1N2/1PPB2P1/2KR3R b - - 0 13	d6e5 d3h7	893	easy	mate mateIn1 middlegame oneMove
ow9eU	2rr4/4k1pp/4p3/1p2P3/1R6/n4N2/5PPP/2R3K1 w - - 6 26	c1c8 d8d1 f3e1 d1e1	893	easy	backRankMate endgame mate mateIn2 short
Ap0YA	r2q3r/pp6/3pp1kp/8/4P1Q1/2P3P1/PP1N2P1/5RK1 b - - 0 25	g6h7 f1f7	894	easy	endgame epauletteMate master masterVsMaster mate mateIn1 oneMove
C1smL	r2qkb1r/4pppp/1p6/2n3PP/1n2P3/1QN2N2/PP6/R1B1K2R w KQkq - 5 20	b3b4 c5d3 e1e2 d3b4	894	easy	advantage fork middlegame short
MaGQh	7k/5Q1p/1q3bpB/p3pp2/1p2n3/2P5/PP4PP/5RK1 w - - 1 28	f1f2 b6f2 g1h1 f2e1	894	easy	backRankMate endgame mate mateIn2 short
Tnmpb	2r4k/p5pp/p1bpQ3/4p3/7q/P1P1PR1P/1P4P1/6K1 b - - 2 24	c8e8 e6e8 c6e8 f3f8	894	easy	backRankMate endgame mate mateIn2 sacrifice short
Lxncu	Q3r1k1/5ppp/1pB2B2/1P6/8/4q1Pb/7P/2R4K w - - 6 28	c6e8 e3c1	895	easy	endgame hangingPiece mate mateIn1 oneMove
QVf7S	8/R4pk1/6pp/4K3/1n4PP/8/8/8 w - - 5 54	h4h5 b4c6 e5d5 c6a7	895	easy	crushing endgame fork short
dme9o	5r1k/R3R1p1/1p4Qp/7P/3q4/P7/1P3PP1/2r3K1 w - - 6 28	g1h2 d4h4	895	easy	endgame mate mateIn1 oneMove
kelBD	r1k2br1/ppp2p1p/n3bp2/1Q6/3PP2N/8/PPPBB2P/2KR3q b - - 11 16	h1h2 b5e8	895	easy	mate mateIn1 middlegame oneMove
nzdmr	3r1rk1/1p3p1p/pqp3p1/4P3/3PN3/P3P2Q/1P4PP/3R2K1 b - - 3 21	b6b2 e4f6 g8g7 h3h7	895	easy	endgame kingsideAttack mate mateIn2 short
oz0Rq	r1b1r1k1/ppq2p1p/6pB/3p4/6n1/1B1P2N1/P4PPP/Q4RK1 b - - 0 18	e8e2 a1g7	895	easy	mate mateIn1 middlegame oneMove
zkoM4	5r1k/pp3Npp/8/2pQ4/2P1B3/6PP/P4PK1/4q3 b - - 4 29	f8f7 d5d8 f7f8 d8f8	895	easy	endgame mate mateIn2 short
2xhSt	2Q2k1r/p3rppp/8/2p5/8/4B1P1/PP2PPKP/q7 b - - 1 23	e7e8 e3c5 f8g8 c8e8	896	easy	deflection endgame mate mateIn2 pin short
8pBvV	4R3/p4pk1/bp6/3p2p1/3N1p2/2P2P1r/PP4KP/8 b - - 3 38	h3h4 d4f5 g7f6 f5h4	896	easy	crushing endgame fork master short
wYHHi	5r2/3k4/p1R5/1ppP4/4P3/2P5/PP1b2PP/6K1 w - - 0 29	c6a6 d2e3 g1h1 f8f1	896	easy	backRankMate endgame mate mateIn2 short
8HbGA	8/8/3q4/5p1k/2R2P1p/4R2P/7K/8 w - - 1 54	c4c2 d6f4 h2g2 f4e3	897	easy	crushing endgame fork master queenRookEndgame short
BuXsh	6k1/r6p/4p1p1/5n2/3P4/2P2R2/1NK4P/8 w - - 4 44	f3f1 f5e3 c2d3 e3f1	897	easy	crushing endgame fork master short
DWRD5	4R3/p1p4k/b6p/4BppK/8/1P5r/P4rPP/R7 w - - 2 29	g2h3 a6e2	897	easy	endgame mate mateIn1 oneMove
HKxgq	r1b3k1/ppp2p2/6p1/1Qn3P1/2PqN3/3p2P1/PP2r3/R4K1R b - - 1 21	c5e4 b5e8 g8g7 e8h8	897	easy	kingsideAttack mate mateIn2 middlegame short
VGeNT	r1bqkbnr/pp3ppp/4p3/3P4/1n6/2N1Q3/PP2PPPP/R1B1KBNR w KQkq - 3 7	d5e6 b4c2	897	easy	cornerMate mate mateIn1 oneMove opening
X2tzk	6k1/pp4p1/2p4p/8/6q1/5N2/P4K2/4R3 b - - 4 38	g8f7 f3e5 f7e7 e5g4	897	easy	crushing discoveredAttack discoveredCheck endgame fork short
GHjQD	r2q1rk1/1b2p2p/p1n2npQ/8/1p2B1P1/5P2/PPP1N3/R3K1NR b KQ - 0 18	f6e4 h6h7	898	easy	kingsideAttack mate mateIn1 middlegame oneMove
Wr4Lm	3rkb1r/ppp2ppp/5n2/4B3/8/4P3/PPP1bPPP/RN2K2R w KQk - 0 10	e5f6 d8d1 e1e2 d1h1	898	easy	advantage middlegame short skewer
Z0PIj	8/p1Q5/8/6pk/4Pn2/8/P3r3/7K b - - 8 45	e2e4 c7h7 h5g4 h7e4	898	easy	crushing endgame fork master short
n5TdD	8/2B2p2/4pP2/k5p1/P3P1p1/r7/4K2P/8 b - - 3 46	a5b4 c7d6 b4b3 d6a3	898	easy	crushing endgame short skewer
qrtDG	5nk1/1r3qp1/Q3p2p/4P3/2P5/8/6PP/5R1K w - - 0 31	f1f7 b7b1 f7f1 b1f1	898	easy	backRankMate endgame master mate mateIn2 short
9b3bM	q5k1/1bn2pp1/p2p1n1p/P2p1N2/3P4/3BPPQ1/6PP/6K1 b - - 1 31	a8d8 g3g7	899	easy	kingsideAttack mate mateIn1 middlegame oneMove
ABivu	5rkr/p1Q3p1/1p4p1/2b2n2/5BP1/8/PPP3P1/RN3R1K w - - 1 21	f4h2 f5g3 c7g3 f8f1	899	easy	discoveredAttack kingsideAttack mate mateIn2 middlegame pin short
g3jzn	3r1rk1/p1pQ4/1p2Rbq1/5p2/8/3P2N1/PP4PP/5RK1 w - - 1 27	d7c7 f6d4 g1h1 g6e6	899	easy	advantage discoveredAttack middlegame short
jyEIt	r4r1k/1p2Q1bp/p2p4/2p5/8/1P1P4/2q3PP/R4RK1 b - - 2 23	g7a1 f1f8 a8f8 e7f8	900	easy	endgame mate mateIn2 short
mMkP2	r6r/ppqn1kNp/2p1p3/3nP3/3P4/1PbP4/P2Q2PP/R4RK1 b - - 1 18	f7g7 d2g5	901	easy	mate mateIn1 middlegame oneMove
qyPtP	2r5/1N6/6k1/P5p1/3KPp2/P4b2/8/5B2 b - - 0 37	g6f7 b7d6 f7e7 d6c8	901	easy	crushing endgame fork short
s9m8m	8/bR5p/P5pk/8/3qP3/7P/2Q5/7K w - - 4 48	b7b2 d4g1	901	easy	endgame mate mateIn1 oneMove
5JKdD	4r1k1/1p3pp1/1p1P3p/8/3R2P1/5b1P/PPr5/5R1K w - - 0 26	f1f3 e8e1 f3f1 e1f1	902	easy	endgame mate mateIn2 rookEndgame short
LHseq	4Rr1k/1b4q1/pn1b1Q1p/8/8/2p5/PPP2PPP/4R1K1 w - - 1 27	f6d6 g7g2	902	easy	mate mateIn1 middlegame oneMove
4lAmE	r1bqkb1r/pp1p2pp/2pP1pn1/4p1N1/2B1P1n1/2N1B3/PPP2PPP/R2QK2R b KQkq - 6 9	g4e3 c4f7	903	easy	mate mateIn1 oneMove opening
R25Sy	2kr3r/Qpp1pp2/2q3p1/4PbB1/B5n1/2P5/P1P3PP/R4RK1 b - - 2 18	c6c3 a7a8	903	easy	mate mateIn1 middlegame oneMove
mBOhn	b4rk1/2q4p/4p3/p2pP1p1/2PPnpP1/3B4/P5QP/4BRK1 b - - 0 32	d5c4 d3e4 a8e4 g2e4	903	easy	advantage master middlegame short
6NQql	4rk2/1R3p1p/6p1/3p4/P7/1P3P2/2Q3PP/q4K2 w - - 3 35	f1f2 a1e1	904	easy	endgame mate mateIn1 oneMove
o5o8u	5rk1/R5p1/p3pp2/2p2qpQ/2P5/8/P4PKP/8 b - - 3 29	f8d8 h5f7 g8h8 f7g7	905	easy	endgame mate mateIn2 short
rlHGC	3b1r2/5rk1/3p2p1/pP1Np3/P1P1Ppqp/5RP1/4QPK1/7R b - - 1 42	f4g3 f3f7 f8f7 e2g4	905	easy	crushing discoveredAttack master masterVsMaster middlegame short
0nQpV	r2q1rk1/pbp4p/1p1ppP1Q/7p/3P4/2NB1P2/PPP5/R3K1N1 b Q - 0 17	d8f6 h6h7	906	easy	kingsideAttack mate mateIn1 middlegame oneMove
Da29N	r6k/pppbq2p/3p1r2/3PpnNQ/2P5/3B3P/PP3P2/R5RK b - - 1 21	f6h6 g5f7 e7f7 h5f7	906	easy	crushing fork master middlegame short
cOMZa	r3k2r/pp3ppp/2n1bb2/qBP5/4N3/5N2/PP1Q1PPP/R3K2R b KQkq - 2 12	a5b5 e4d6 e8e7 d6b5	906	easy	crushing fork middlegame short
h8hwV	1r1q1rk1/pbp2ppp/1p6/4P3/1bP1NQ2/8/P4PPP/R1B2RK1 b - - 5 16	d8d4 e4f6 g8h8 f4d4	906	easy	crushing discoveredAttack middlegame short
tNWsC	2q3k1/Q7/3p2p1/3PbpNp/1P2p3/4P1PP/7r/1R5K w - - 8 37	h1h2 c8c2 h2h1 c2b1	906	easy	crushing endgame fork short
tiz0W	6rk/2p3Bp/p5n1/5b2/1P3q2/2Q4P/P4PB1/4R1K1 b - - 0 30	g8g7 e1e8 g6f8 e8f8	906	easy	mate mateIn2 middlegame short
2lhEA	r1b1kb1r/pp3ppp/2n1p3/B1p3q1/2Bp4/1P3Q2/P1PP1PPP/R3K2R b KQkq - 1 10	b7b6 f3c6 c8d7 c6a8	907	easy	advantage fork hangingPiece middlegame short
LB6LC	5B2/2k5/4P3/5Pbp/1pb5/6P1/p5BP/K7 w - - 2 43	f8b4 g5f6 b4c3 f6c3	907	easy	bishopEndgame endgame mate mateIn2 short
GtB7l	r1b2r1k/pppp1p1n/2n5/4P3/3q1PQ1/2N3R1/PP4PP/R6K b - - 0 18	c6e5 g4g7	908	easy	mate mateIn1 middlegame oneMove
jT09M	1r6/8/6kp/5Rp1/P1p5/K5N1/8/8 w - - 0 52	f5c5 b8b3 a3a2 b3g3	908	easy	crushing endgame fork short
JRown	r3k3/ppp2pp1/2nb4/3pN3/3P1P1q/1P1BP1p1/PB4P1/3RQR1K w q - 1 19	h1g1 h4h2	909	easy	mate mateIn1 middlegame oneMove
q7KX9	r3kbnr/pp2pppp/2np4/qBpN4/4P1b1/3P1N2/PPPQ1PPP/R1B1K2R b KQkq - 4 7	a5b5 d5c7 e8d8 c7b5	909	easy	crushing fork opening short
SwK81	2r2k2/Pp4p1/n2Npp1p/3p3P/1P1P1BP1/3KP3/2r2P2/R6R w - - 3 26	d6c8 a6b4	911	easy	cornerMate endgame mate mateIn1 oneMove
sGPGo	2r5/pN6/7p/4B3/4bP2/4k1P1/PR5P/6K1 w - - 5 37	h2h4 c8c1 g1h2 c1h1	911	easy	endgame mate mateIn2 operaMate short
tIOcQ	r1bq1rk1/5ppp/p1nb4/1p1p4/1P1P4/PQ3N2/5PPP/RNB2RK1 w - - 0 14	b3d5 d6h2 f3h2 d8d5	911	easy	advantage discoveredAttack kingsideAttack opening short
6XKai	5b1k/pR4Qp/8/2p2p2/8/5P2/P1qr1P1P/4R1K1 b - - 0 29	f8g7 e1e8 g7f8 e8f8	912	easy	endgame mate mateIn2 short
ZWiz1	1k5r/ppb5/4Q3/3p2pp/3P1qn1/2P2N2/PP3PP1/4RRK1 w - - 3 23	f3e5 f4h2	912	easy	mate mateIn1 middlegame oneMove
xdeOr	r1b1k1r1/ppp2pPp/4nB2/8/2p5/5N2/P4PPP/2KR3R b q - 4 14	e6g7 d1d8	912	easy	mate mateIn1 middlegame oneMove operaMate
84Wfj	5r1k/R5p1/1Q2p2p/6q1/8/P7/1P3rPP/5RK1 w - - 0 28	f1f2 g5c1 f2f1 c1f1	913	easy	endgame mate mateIn2 short
DEJz4	1r3rk1/p1p3p1/3p4/2pN1bp1/B1P1n3/1P4P1/P5K1/R1R5 b - - 1 32	e4d2 d5e7 g8f7 e7f5	913	easy	crushing interference kingsideAttack middlegame short
HGsjZ	2r2r2/pp3pk1/4p1Rp/n2p4/3P3q/2PQ3P/PP3PP1/1B3RK1 b - - 0 24	f7g6 d3g6 g7h8 g6h7	913	easy	mate mateIn2 middlegame short
GVP5c	5rk1/R4ppp/4p3/3pN3/4n3/P3P3/3r2PP/5RK1 w - - 2 24	f1f7 d2d1 f7f1 d1f1	914	easy	endgame mate mateIn2 short
PEXu0	8/2p4k/8/1P2Q1K1/5P2/6q1/8/8 w - - 0 52	g5f5 g3g6	914	easy	dovetailMate endgame mate mateIn1 oneMove queenEndgame
5AvTe	8/1rBk1p1p/1P2p3/p2pP3/K6Q/8/1r3PRP/2q5 b - - 7 34	c1b1 h4d8 d7c6 d8d6	915	easy	endgame mate mateIn2 short
GUQlC	r4rk1/pp2ppb1/3p1np1/4n2p/4PNq1/1B2B1N1/PPP2P2/R2Q1RK1 w - - 2 16	f4g2 e5f3 d1f3 g4f3	915	easy	crushing kingsideAttack middlegame short
kCzHM	8/8/6p1/2P1KpP1/q4Pk1/3NR3/8/8 b - - 5 89	a4c6 d3f2 g4h5 e3h3	915	easy	endgame master mate mateIn2 short
z1IgW	r2qkb1r/pp1bnppp/2n1p3/1N1pP3/8/2PB4/PP3PPP/RNBQK2R b KQkq - 2 8	c6e5 b5d6	915	easy	mate mateIn1 oneMove opening smotheredMate
90gJg	5rk1/3bq1b1/6pp/3p4/1p1P3Q/1P2PpR1/1P4PP/6K1 w - - 0 31	h4e7 f3f2 g1f1 d7b5	916	easy	advancedPawn endgame mate mateIn2 short
mtFOj	2r2k2/1p2ppb1/3p2p1/p5P1/P3q3/4BR1Q/1P3P1K/2r5 b - - 9 35	c1d1 h3c8	916	easy	hangingPiece master mate mateIn1 middlegame oneMove
GDww7	6k1/pp4p1/8/1P5p/P4P1P/5qP1/R3p2K/3rQ3 w - - 3 36	e1e2 d1h1	917	easy	endgame killBoxMate mate mateIn1 oneMove
KUpdV	r2Bk3/p2p1p2/2pP3P/7q/6r1/4Q3/PP4P1/4RbK1 b - - 1 31	e8d8 e3e8	917	easy	endgame master mate mateIn1 oneMove
RZ5qO	r4rk1/p1p2pp1/1n1b2qp/2p1p3/2P1N3/P2P2RP/1PQ2P2/R1B3K1 b - - 5 19	g6h7 e4f6 g8h8 f6h7	917	easy	crushing kingsideAttack middlegame pin short
cgXCa	8/3kp3/2q3p1/8/4p3/2Q4P/1P4P1/7K b - - 0 39	c6c3 b2c3 e4e3 h1g1	917	easy	crushing defensiveMove endgame master short
NbRdE	8/6k1/3p4/2b1np2/2P5/2N2KP1/7r/1B2R3 w - - 6 56	e1e5 h2f2	918	easy	endgame master mate mateIn1 oneMove operaMate
Yl29q	3rr1k1/p3qppp/1p6/8/1pP1n3/4PNb1/PPQ3P1/2KR3R b - - 1 24	e4f2 c2h7 g8f8 h7h8	918	easy	kingsideAttack mate mateIn2 middlegame short
vGTyM	2kr3r/ppp2pp1/2nbp2p/8/3P2n1/2N1B2q/PPP1BP2/R2Q1RK1 w - - 0 15	e2g4 h3h2	918	easy	mate mateIn1 middlegame oneMove
x8oag	2rRq1k1/5pp1/1Q5p/2p5/8/5N1n/P4rP1/3R3K b - - 1 33	c8d8 d1d8 e8d8 b6d8	918	easy	advantage middlegame pin short
7GynM	rn4k1/p1p1Rrpp/1p6/3n4/3q4/1QN5/PP3PPP/R1B3K1 w - - 1 15	b3d5 d4f2 g1h1 f2f1	919	easy	kingsideAttack mate mateIn2 middlegame short
FZJsR	2kr4/1pp5/p3pn1p/4Np2/3P4/1Pn3P1/qB2QPBP/2KR3R w - - 0 26	e2d2 a2b1	919	easy	mate mateIn1 middlegame oneMove
4wlBl	r2k2n1/p2n1p1r/1p1Np1pp/3pb3/6P1/4BN1P/PPP2P2/2KR3R w - - 0 18	d6f7 h7f7 f3e5 d7e5	920	easy	advantage hangingPiece middlegame short
YgaAC	r7/1p1r4/1BPP1kp1/5p1p/2B1bP1P/8/PK1R2P1/8 b - - 0 30	e4c6 b6d4	921	easy	endgame master masterVsMaster mate mateIn1 oneMove
k8l3Z	2q1rbk1/2p2pp1/1pP4p/8/2n1N3/2P2PBP/6P1/3QR1K1 b - - 0 27	c8f5 e4f6 f5f6 e1e8	921	easy	crushing discoveredAttack kingsideAttack master middlegame short
NwAqt	2rk3r/1b3N2/p3Q1p1/4P2q/5Pp1/P1n3P1/7P/4R1K1 b - - 4 46	d8c7 e6d6	922	easy	mate mateIn1 middlegame oneMove
UkjFQ	2k1r2r/2p2pp1/p1p3p1/3p4/3PnBP1/P6P/1PP2P2/2KR3R w - - 4 21	f2f3 e4f2 h1h2 f2d1	922	easy	crushing endgame fork master short
mjolW	4r1k1/pp3pp1/7p/2p5/4b1N1/6R1/PPP4K/R1B2r2 w - - 0 24	b2b3 f1h1	922	easy	mate mateIn1 middlegame oneMove operaMate
A5nCO	7R/2r3k1/p3p1r1/1b1p1n1R/3P1P2/2P3P1/5B1P/6K1 b - - 6 36	c7c3 h5h7 g7f6 h8f8	923	easy	epauletteMate mate mateIn2 middlegame short
ScGWs	r1b3k1/ppQ2ppp/2p2r2/8/4P1P1/2qP4/P1P1B1KP/5R1R b - - 0 18	c3c2 c7d8	923	easy	backRankMate mate mateIn1 middlegame oneMove
VqnyT	kr6/1p6/5R2/8/p1n5/PbP5/1P6/1K3R2 w - - 6 42	f6f8 c4d2 b1c1 d2f1	923	easy	crushing endgame fork master masterVsMaster short
cyTi7	rn1q1rk1/pp2bp2/2p2np1/3p3p/8/2P4Q/PPBN1PPP/R1B1R1K1 b - - 1 17	d8d7 h3d7 b8d7 e1e7	923	easy	advantage capturingDefender opening short
HWPQn	r1bqkb1r/pp1pnppp/8/1Np1n3/4P3/1B6/PPP2PPP/RNBQK2R b KQkq - 1 7	a7a6 b5d6	926	easy	mate mateIn1 oneMove opening smotheredMate
SGXQP	5k2/5ppp/pNn2b2/1p6/5P2/2P1R1KP/PP1r2P1/8 b - - 3 29	d2b2 b6d7 f8g8 e3e8	926	easy	backRankMate endgame mate mateIn2 short
fZ6vS	r6k/5R1p/3q2p1/r7/1p1pP3/1Q1P2P1/7P/5RK1 w - - 0 29	f7f8 a8f8 f1f8 d6f8	926	easy	crushing endgame master short
iMF6m	6k1/5p1p/6p1/3p4/1p6/1Prp2P1/R1B4P/6K1 w - - 0 35	a2a8 g8g7 c2d3 c3d3	926	easy	crushing endgame short
lXGIh	8/p1pk3p/2p2B2/3p3q/5b2/1PN2P2/P1PP1Q1P/4r2K w - - 0 20	f2e1 h5h2	927	easy	endgame master mate mateIn1 oneMove
85GoH	1n1r2k1/1q3ppp/8/1B6/3P4/7n/4QPRP/2R4K w - - 4 28	e2g4 h3f2 h1g1 f2g4	928	easy	crushing middlegame pin short
CpQsj	r6r/p2k1pp1/q1p1p2p/5b2/4p3/2P3PP/P2B1KB1/3Q3R b - - 0 20	a6b6 d2e3 d7e7 e3b6	929	easy	advantage discoveredAttack discoveredCheck middlegame short
U0TSw	8/p5p1/1kr2b1p/1p3Q1P/1P6/3N4/KP1q1PP1/8 b - - 2 44	c6d6 f5c5 b6b7 c5d6	929	easy	advantage endgame fork short
rkhdJ	2r2rk1/2p2pbp/p2p2p1/6P1/qpn1PB1P/nP3P2/P3N1Q1/2KR3R w - - 0 21	b3a4 g7b2	929	easy	master mate mateIn1 middlegame oneMove
60dQl	r2q1rk1/5pp1/p1n1pn1p/1p4N1/1P1PN3/P2Q2P1/5PP1/R3K2R b KQ - 0 16	h6g5 e4f6 d8f6 d3h7	930	easy	clearance kingsideAttack mate mateIn2 middlegame short
wgJsx	r1br2k1/pp1P1ppp/1q3b2/1B6/2p5/2N5/PP3PPP/R2QR1K1 b - - 0 17	f6c3 e1e8 d8e8 d7e8q	930	easy	advancedPawn kingsideAttack mate mateIn2 middlegame promotion short
0ciNM	r2q1rk1/ppp2ppp/3p2b1/2bBp3/3nP1P1/P2P1N1P/1PP2P2/R1BQ1RK1 w - - 1 12	c1g5 d4f3 d1f3 d8g5	931	easy	crushing kingsideAttack middlegame short
FTr3v	8/p1pN1p1k/6pp/8/2r2n2/5Pq1/2Q3P1/4RK2 w - - 2 37	c2c4 g3g2	931	easy	endgame master mate mateIn1 oneMove
KeTy6	3r1k2/5Bp1/p7/1p2P2Q/2pq4/P6P/1P3PP1/6K1 w - - 1 31	e5e6 d4d1 g1h2 d1h5	931	easy	crushing endgame short
KilfL	r4rk1/pp4pp/1q1pp3/8/2p1P3/2NP2QP/PP4P1/R1B3K1 w - - 0 18	g1h1 f8f1 h1h2 b6g1	931	easy	kingsideAttack mate mateIn2 middlegame short
TmCLZ	8/6pk/8/4Q2P/2K5/r3p3/8/8 w - - 7 50	c4d5 a3a5 d5d4 a5e5	931	easy	crushing endgame queenRookEndgame short skewer
Vp1wo	r1b1kr2/pppp2pp/3N4/4p3/2Bnn2q/4KQ2/PPPP2PP/RNB2R2 b q - 7 10	c7d6 f3f8	931	easy	mate mateIn1 oneMove opening
WUQam	r4rk1/p1p2pp1/1p2p2p/3n4/3PNP2/2P4q/PPQ2P2/2KR2R1 b - - 1 22	d5f4 e4f6 g8h8 c2h7	932	easy	kingsideAttack mate mateIn2 middlegame pin short
ae3rT	2k4r/pp1n1q2/2p1pn1p/8/2PPN2Q/2KB3P/PP4r1/5R2 b - - 5 26	h8f8 e4d6 c8c7 d6f7	932	easy	advantage fork middlegame short
AM1YX	1r6/R4p2/4pk1p/5p2/P4P2/K3P3/P1R3PP/4r3 w - - 4 35	c2c7 e1e3 c7c3 e3c3	933	easy	endgame epauletteMate mate mateIn2 rookEndgame short
FzZVJ	r3kb1r/1q2pppp/2np1n2/1N6/4P3/1Q2BP2/PPP3PP/R3K2R b KQkq - 6 13	e7e6 b5d6 f8d6 b3b7	933	easy	advantage discoveredAttack middlegame short
e9eKO	4r1k1/pb3pbp/1p2p1p1/1B1nP3/3P1P1q/B2Q4/P1R1N1PP/6K1 w - - 3 23	b5e8 h4e1	933	easy	mate mateIn1 middlegame oneMove
h5ccG	2b3q1/r1Nnk2p/p1p2n1B/1p6/4p1pQ/8/PPP2P1P/2KR2R1 w - - 0 22	g1g4 g8g4 h4g4 f6g4	933	easy	crushing middlegame short
tWVj1	r1b5/pp3kp1/2pp3p/2b2n2/N3P3/3P2qP/PPP1K1P1/R2Q1R2 w - - 6 17	a4c5 g3e3	933	easy	mate mateIn1 middlegame oneMove swallowstailMate
Cts60	2rq1rk1/pp3ppp/1n1bp3/2p5/3P4/P1NQPN1P/1P3PP1/R4RK1 w - - 0 16	d4c5 d6h2 f3h2 d8d3	934	easy	crushing discoveredAttack middlegame short
wYphL	3rB1k1/p4Rp1/1q5p/8/4Q3/5R2/6PP/6K1 w - - 1 30	f3f2 d8d1 e4e1 d1e1	934	easy	endgame mate mateIn2 short
z2RPO	r1bqk2r/1p1n1pQ1/p3pn1p/3pN2P/3P1B2/2PpP3/P1P2PP1/R3K2R b KQkq - 0 15	h8g8 g7f7	934	easy	attackingF2F7 mate mateIn1 middlegame oneMove
1n7d1	1r4k1/Q4nb1/p3b3/8/3q4/3p4/P7/K4R1R w - - 0 34	a7d4 g7d4	935	easy	mate mateIn1 middlegame oneMove
5L1ou	2rq1rk1/1p2pp1p/p5pQ/2NpP3/3P4/2N4P/PP3PP1/5K2 b - - 1 23	f7f5 c5e6 f8f7 e6d8	935	easy	advantage endgame fork short
6D7kD	8/6kp/4B1pN/4b1P1/P3n2P/4P3/5r2/4R1K1 w - - 1 38	e6d5 e5h2 g1h1 e4g3	935	easy	endgame mate mateIn2 short
nQzYR	6rk/1pQ3pp/5p2/3P4/p4N2/P3P3/1P4qP/4K3 b - - 7 37	g2h2 f4g6 h7g6 c7h2	935	easy	discoveredAttack endgame mate mateIn2 short
tqA3C	r5k1/5ppp/2N1p3/p7/Pp6/1n4P1/5P1P/3R2K1 b - - 0 24	a8c8 c6e7 g8f8 e7c8	935	easy	advantage endgame fork short
xtLuP	r1b1k2r/pp1nbppp/4p3/qB1NPP2/3p4/3P4/PPPQ2PP/R1B1K2R b KQkq - 2 12	a5b5 d5c7 e8d8 c7b5	935	easy	crushing fork opening short
7uZSt	r2qk2r/ppp2pQp/1b2pn2/3pN3/3P1P2/P2PP3/1PnN2PP/2B2RK1 b kq - 0 14	h8g8 g7f7	936	easy	attackingF2F7 mate mateIn1 middlegame oneMove
MvIyT	r3rbk1/ppqb1ppp/2pp1n2/6N1/3P1P2/2PB3P/PPQB2P1/R4RK1 b - - 6 18	h7h6 d3h7 f6h7 c2h7	936	easy	kingsideAttack mate mateIn2 middlegame short
XVp5w	rn1qkb1r/ppp1n1pp/3p1p2/4N3/2BPP1b1/2P5/PP3PPP/RNBQK2R b KQkq - 0 6	g4d1 c4f7	936	easy	mate mateIn1 oneMove opening
vsKEi	2r1k1R1/2r2p2/2p1pQ2/p1RpP3/Pp1q4/1P6/5P2/5K2 b - - 1 43	e8d7 f6f7	936	easy	endgame mate mateIn1 oneMove
IrXQ2	R7/pp1kpp2/3p4/q1pPn3/2P1Pr2/P1P5/5PP1/R1Q1K3 w Q - 0 24	f2f3 e5d3 e1d2 d3c1	939	easy	crushing endgame fork short
mXdmd	8/2p3qk/2pb2p1/2r5/8/3Q2P1/2B3KP/8 b - - 4 56	g7e5 d3g6 h7h8 g6h7	939	easy	endgame mate mateIn2 short
3bzAo	7Q/5b2/1n6/5p2/3pkP2/8/1p2K3/8 b - - 0 56	b2b1q h8e5	940	easy	endgame epauletteMate mate mateIn1 oneMove
Dy1Gf	R7/6k1/1r3p1p/K7/1P1N1bP1/8/8/8 b - - 8 54	b6d6 d4f5 g7g6 f5d6	940	easy	crushing endgame fork short
nATvQ	r2q3r/pp2k1bp/2nN2p1/2pnP1N1/6b1/2P5/PP1P2PP/R1BQ1RK1 b - - 4 14	g4d1 f1f7	940	easy	hookMate mate mateIn1 middlegame oneMove
ZMw1j	6r1/5pkp/1pb1p3/p4p1R/7P/8/PP3PP1/5BK1 b - - 2 37	g7g6 h5g5 g6f6 g5g8	941	easy	crushing endgame short skewer
eP9FB	2r3k1/p2R1pbp/1p4p1/P1q1p3/2r5/1Q2PNPP/P5P1/6K1 b - - 0 24	c4c3 b3f7 g8h8 f7g7	941	easy	kingsideAttack mate mateIn2 middlegame short
MtXPU	r4r2/p1qkp2Q/2p3p1/2p3B1/8/2NP2nP/PPP3Pb/R4R1K w - - 1 18	h1h2 g3f1 h2g1 c7h2	942	easy	discoveredCheck doubleCheck mate mateIn2 middlegame short
e8s2e	3r2k1/R5pp/8/1p6/8/5Q1P/P2qr1PK/8 b - - 3 33	h7h6 f3f7 g8h8 f7g7	942	easy	endgame mate mateIn2 short
43PaU	8/p1pp1qkp/np4p1/7N/2P2P2/4r3/PP4PP/R2Q2K1 b - - 0 22	g6h5 d1d4 g7f8 d4e3	943	easy	crushing endgame fork short
HNUwN	6k1/1p4r1/p7/P1Pp4/3PpPpP/q5P1/3Q1K2/1R6 w - - 4 37	d2e3 a3a2 f2e1 a2b1	943	easy	crushing endgame fork short
cD0wS	r2qk2r/5pQp/b1pbpn2/p2nN3/P1pP4/7P/1PN2PP1/R1B1KB1R b KQkq - 0 16	h8g8 g7f7	944	easy	attackingF2F7 mate mateIn1 middlegame oneMove
d6HLh	r5k1/1b4p1/pp4Qp/3p3P/PPpP4/2P2Bb1/6Pq/R1B3K1 w - - 7 31	g1f1 h2h1 f1e2 h1e1	944	easy	mate mateIn2 middlegame short
9yE2R	4Q3/p4R2/6p1/1P1B2k1/2P2pr1/P3p3/2b2K2/8 w - - 0 48	f2f1 c2d3 f1e1 g4g1	945	easy	endgame mate mateIn2 pillsburysMate short
QHwZm	rnb1kb1Q/ppppqp1p/6p1/8/2B5/2N5/PPPP1PPP/R1BK2Nn w q - 0 8	h8h7 h1f2	945	easy	mate mateIn1 oneMove opening
C3gOd	8/1R6/4p1kp/1P1n2p1/2NKp1P1/7P/2r5/8 b - - 6 44	c2c1 c4e5 g6f6 b7f7	946	easy	endgame master mate mateIn2 short
iTDnd	r1bqr1k1/ppp1p1b1/2n2npp/6N1/8/1Q1P4/PP2BPPP/R1B2RK1 b - - 1 12	g8h8 g5f7 h8h7 f7d8	946	easy	advantage fork opening short
shwXy	r7/p2pQ1pp/bp5k/4R3/8/2P5/P4q1P/2K5 b - - 1 30	a6d3 e7g5	946	easy	endgame mate mateIn1 oneMove
EmeaU	r7/7p/3R4/pr5k/6p1/1P6/P2R4/5K2 b - - 1 37	b5g5 d2h2	947	easy	endgame mate mateIn1 oneMove rookEndgame
4Swk4	3Qr1k1/pp3ppp/6q1/2B5/8/2P1nNKP/PP3PP1/RN2R3 w - - 1 27	g3h2 g6g2	948	easy	mate mateIn1 middlegame oneMove
5nh5b	rnbqr2Q/pp1k1pp1/2pb4/3n2N1/2B5/2PP4/PP3PPP/RNB1R1K1 w - - 5 15	h8g7 e8e1	948	easy	hangingPiece kingsideAttack mate mateIn1 oneMove opening
6CCKs	1r6/5pkp/3pbq2/p1p1p2Q/P3P1B1/2PP3P/1r3PP1/R3R1K1 w - - 3 29	g4e6 f6f2 g1h2 f2g2	948	easy	kingsideAttack mate mateIn2 middlegame short
Iz4x0	4r1k1/5p2/p6N/1p1pn3/7P/q5P1/2PK1Q2/5R2 b - - 1 40	g8f8 f2f7 e5f7 f1f7	949	easy	endgame mate mateIn2 sacrifice short
alDof	3r2k1/2q2p2/R5p1/8/8/7P/P2Q1PP1/6K1 w - - 3 39	d2h6 d8d1	949	easy	endgame mate mateIn1 oneMove
v8mOK	1r6/4R2R/2ppk1p1/p7/r6P/2K1PP2/8/8 b - - 4 29	e6f6 h7f7	949	easy	blindSwineMate endgame mate mateIn1 oneMove rookEndgame
Lh49d	rn4k1/p1p2pp1/3q3p/1p2r3/4P3/P2P4/1PP1BBPn/R2Q1R1K w - - 0 17	h1h2 e5h5 h2g1 d6h2	950	easy	discoveredCheck doubleCheck mate mateIn2 middlegame short
Oom6x	rnb2rk1/pp3ppp/2p1q1n1/4P3/8/2NB4/PPQ2PPP/R1B1R1K1 w - - 7 14	d3f5 e6f5 c2f5 c8f5	950	easy	advantage opening short
PjUYc	1r1q1rk1/5p2/p2pp1N1/2p3Np/2Pn2nP/P2Q2P1/4PPb1/R2R2K1 b - - 0 26	d8f6 g6e7 f6e7 d3h7	950	easy	clearance kingsideAttack master mate mateIn2 middlegame sacrifice short
arC9j	rn1qk1nr/ppp2Nbb/4p1pp/8/2B5/6N1/PPPPQPPP/R1B1K2R b KQkq - 0 10	e8f7 e2e6 f7f8 e6f7	950	easy	mate mateIn2 opening short
rAlas	4k1r1/5p2/p3p3/8/Pp4P1/1PbP1K2/2RB4/8 b - - 4 41	c3d2 c2c8 e8e7 c8g8	950	easy	crushing endgame master short skewer
yPfEn	1n1b2k1/p2q1pp1/1p2p2p/4P3/1P1N1B2/P6P/3Q1PP1/6K1 b - - 3 34	b8c6 d4c6 d7c6 d2d8	950	easy	advantage capturingDefender discoveredAttack endgame short skewer
DQ0jy	K7/8/6P1/8/2k5/2p5/3p4/2R5 w - - 0 56	c1d1 c3c2 d1d2 c2c1q	951	easy	advancedPawn crushing endgame promotion rookEndgame short
EHuJM	4r3/1pk1r1p1/pnp1B3/2qpQ3/8/2N3PP/PPP5/4R2K b - - 14 31	c7d8 e5b8 b6c8 b8c8	951	easy	mate mateIn2 middlegame short
OlXci	6k1/5pPb/pr1p1P2/4p3/2p1P3/P2B4/1P6/1K5R w - - 0 36	d3c4 h7e4 b1a2 e4h1	951	easy	crushing endgame fork short
ZA7hh	r4rk1/p4ppp/1p1q1n2/8/3B2n1/P1N5/5PPP/R2Q1RK1 w - - 2 22	d4f6 d6h2	951	easy	kingsideAttack mate mateIn1 middlegame oneMove
rzrLm	r4rk1/pp3ppp/3p4/2pP4/2P1P1n1/2Q4R/PP1N2PP/RN2q1K1 w - - 4 20	d2f1 e1f2 g1h1 f2f1	951	easy	deflection kingsideAttack mate mateIn2 middlegame short
PTLEj	2r2r1k/5p1P/pp2p1p1/3pP1n1/1q6/2N1P3/PP5R/2R1KQ2 b - - 1 23	b4g4 f1f6	952	easy	mate mateIn1 middlegame oneMove
iZhMB	3q2k1/1b3p1p/p5p1/1p4r1/3p2Q1/3P4/PP4PP/4RR1K w - - 2 30	g4e2 b7g2 e2g2 g5g2	952	easy	advantage endgame fork short
7xwih	1r2k3/p3p3/2N1Q3/3pP3/P2P4/5rp1/1KP1q3/R1R5 w - - 6 36	b2a2 e2c4	953	easy	mate mateIn1 middlegame oneMove
KyQsT	3r2k1/5pb1/p1n1p2p/1p1qP3/2Rp1P2/1P1Q4/P4B1P/5RK1 w - - 0 29	c4c2 c6b4 d3d2 b4c2	953	easy	crushing fork middlegame short
RDmhk	8/p1qrk3/1p2pb1p/2p2p2/7P/PBP3P1/1P2QP2/3R2K1 w - - 0 37	b3e6 d7d1 e2d1 e7e6	953	easy	advantage endgame short
rskmi	6k1/6p1/p2pNnpp/1p1Pp3/6Pq/3PPQ2/PPr2N2/5RK1 w - - 5 28	f2e4 h4h2	954	easy	mate mateIn1 middlegame oneMove
ufKGj	8/2B2p2/4p1pp/4n3/R5PK/4kr1P/8/8 w - - 5 42	c7e5 g6g5 h4h5 f3h3	954	easy	deflection endgame mate mateIn2 short
Hd56F	5rk1/pp6/4r2p/2qp2pQ/P4p1n/1B5P/1PP4K/3RR3 w - - 0 29	e1e6 c5f2 h2h1 f2g2	955	easy	mate mateIn2 middlegame short
YBq2E	3r3r/1p1kbp2/p3p3/3pP3/1P1n4/P2P2B1/5PPN/R4RK1 w - - 0 22	h2f3 d4e2	955	easy	master mate mateIn1 middlegame oneMove
iTyoG	5r1k/5ppp/8/pp2PP2/3P2P1/4qB1K/PP1R2QP/6r1 w - - 3 36	g2e2 e3h6	955	easy	endgame mate mateIn1 oneMove
uLufu	N4bnr/pp1k2pp/3p4/8/3pPpP1/3B1q2/PPP1K1bP/R2QB2R w - - 0 18	e2d2 f3e3	955	easy	mate mateIn1 middlegame oneMove
2S4ug	r2q1b1r/ppp1kBpp/5n2/5bB1/2Qn4/8/PP3PPP/RN2K1NR w KQ - 4 10	g1e2 d4c2 c4c2 f5c2	956	easy	crushing fork opening short
5XMZ4	r3kbnr/pp3ppb/2n1p2p/qB1N3P/3P2P1/5N2/PPPB1P2/R2QK2R b KQkq - 0 12	a5b5 d5c7 e8d7 c7b5	957	easy	crushing fork opening short
TzC7M	1k6/pp2bp2/B3p3/1Q6/P2PN3/2P2q1p/3R1P2/5Kr1 w - - 2 38	f1g1 f3g2	957	easy	endgame mate mateIn1 oneMove
adwop	r4rk1/pp2b1pp/1nq1Pp2/5P2/2pp1B2/P6P/RPP3P1/2NQ1RK1 w - - 0 20	d1d4 e7c5 f4e3 c5d4	957	easy	crushing middlegame pin short
4XOU5	r2q1n2/p1p1kp1p/1p1p1br1/1B1Pp2Q/6b1/5NN1/PPP2PPP/1K1R3R b - - 7 19	g4h5 g3f5	958	easy	master masterVsMaster mate mateIn1 middlegame oneMove
A4KVf	1r4k1/q4p1p/4p1p1/2R5/p2Q4/7P/P4PP1/6K1 b - - 3 34	a4a3 c5c8 b8c8 d4a7	958	easy	advantage discoveredAttack endgame master short
L3VbY	7k/1R5p/6p1/2b5/1p6/8/b1B3PP/7K w - - 0 33	g2g3 a2d5 c2e4 d5e4	958	easy	doubleBishopMate endgame fork mate mateIn2 short
qcVv4	8/1pR2p2/p3p1p1/8/1P1n1P1p/P2kB2P/5K2/3r4 b - - 11 48	d4c2 c7d7 d3e4 d7d1	958	easy	advantage endgame master short skewer
RKFAx	R7/P4pp1/5k1p/8/4PK1P/r5P1/8/8 w - - 1 41	g3g4 g7g5 h4g5 h6g5	959	easy	endgame mate mateIn2 rookEndgame short
hBeJM	5n2/4pk2/1p1p2p1/3P3p/1PP5/2qB1Q1P/6PK/8 b - - 10 35	f7e8 d3g6 f8g6 f3c3	959	easy	crushing discoveredAttack endgame master short
jDew9	4r1k1/pQ4bp/1p4p1/6N1/2q3n1/2P5/PP2nPPP/R2R3K w - - 3 26	d1d7 g4f2	959	easy	kingsideAttack mate mateIn1 middlegame oneMove
qS6Fh	3r4/4k2p/1q3p2/1B1p1bp1/1Q1P1B2/4PPK1/1Pr3PP/7R b - - 1 24	e7f7 b5e8 d8e8 b4b6	959	easy	advantage discoveredAttack middlegame short
zvrYB	R7/1p2qbkp/5r2/pP2ppQ1/P1B5/8/5PP1/6K1 b - - 3 36	f7g6 a8g8	959	easy	endgame master masterVsMaster mate mateIn1 oneMove operaMate
2UF6w	8/7k/p1p1Q1p1/2qp3p/6n1/P2P1PP1/7P/1R2R1K1 w - - 1 30	g1g2 c5f2 g2h3 f2h2	960	easy	endgame mate mateIn2 short
3TB9V	8/8/6P1/8/1k2B3/2p5/5K2/r7 b - - 1 46	b4b3 g6g7 b3b4 g7g8q	960	easy	advancedPawn crushing endgame promotion short
ALLyE	7k/p3Q3/6pp/4n3/3pP3/3Pn3/PP3RqP/2r2NK1 w - - 0 30	f2g2 c1f1	960	easy	endgame mate mateIn1 oneMove
RE9pk	5r1k/p5rp/1p1p2R1/2pP4/2Pqp2Q/P7/7P/6RK b - - 0 49	f8g8 g6g7 d4g7 g1g7	960	easy	crushing endgame short
inhic	b5k1/p4pp1/1p3P1p/3q4/2pN4/4r1PP/5R1K/4Q3 w - - 2 35	e1e3 d5h1	960	easy	endgame master mate mateIn1 oneMove
1kvU6	4r1k1/p3qr1p/bp4R1/2pp1p1Q/5P1b/2B2B2/PPP1N2P/R4K2 b - - 0 23	h7g6 h5h8	961	easy	mate mateIn1 middlegame oneMove
TCv9Y	r1b1kb1r/3n1ppp/p1n5/2pNP1B1/3P4/1p3N2/PPBK1PPP/R6R b kq - 0 14	b3c2 d5c7	961	easy	master mate mateIn1 middlegame oneMove
3Qttr	r3kb1r/1b3pp1/pq2p2p/np2N3/7B/1B5P/PP3PP1/2RQ1RK1 b kq - 1 16	a5b3 d1d7	962	easy	master masterVsMaster mate mateIn1 oneMove opening
PQEkm	1rq3k1/3R1pp1/1p5p/3Q4/3P4/6PP/5P1K/8 b - - 6 34	b6b5 d5f7 g8h8 f7g7	962	easy	endgame mate mateIn2 short
h8fzv	1r1qk2r/p1ppbp1p/1pn2Np1/8/8/3P4/PPP1QP1P/R1B1K1NB b Qk - 0 11	e8f8 c1h6	962	easy	mate mateIn1 oneMove opening
hi7V0	4rrk1/1pq3p1/p4p1p/2bRP2P/5Q2/P1N5/1PP5/2K4R w - - 0 26	f4c4 c5e3 c1b1 c7c4	962	easy	crushing discoveredAttack middlegame queensideAttack short
tJKk2	6k1/6p1/1pp3r1/3p4/3P1B2/7q/PPP1R2N/5R1K w - - 5 33	e2e3 h3g2	962	easy	endgame mate mateIn1 oneMove
fWw5p	r2qr1k1/p4p1p/1p2p1pB/3pP3/3Pn1P1/2P2Q2/PP5P/R4RK1 b - - 3 18	d8h4 f3f7 g8h8 h6g7	963	easy	kingsideAttack mate mateIn2 middlegame short
jT2nB	8/4pk2/p1qp1n2/8/2p2N2/8/PPP5/2K3Q1 b - - 0 31	c4c3 g1g6 f7f8 f4e6	963	easy	endgame mate mateIn2 short
jc0aU	5rk1/ppp2pq1/4bR1R/2P3P1/6n1/4P1Q1/P5P1/6K1 w - - 7 30	f6e6 g7a1 g3e1 a1e1	963	easy	endgame mate mateIn2 short
07ORw	5r1k/8/Q6p/1pR5/3Pr2q/P3PP2/1P3P2/3RK3 w - - 0 31	f3e4 h4f2	964	easy	attackingF2F7 endgame mate mateIn1 oneMove
SUBaf	2Q5/3r3k/5pb1/1N2p3/PPP5/4KP2/3r4/8 w - - 6 52	a4a5 d7d3	964	easy	blindSwineMate endgame mate mateIn1 oneMove operaMate
ThnFH	8/6p1/2p3k1/1p1p1p2/1q1P1QP1/4P3/5P2/6K1 b - - 0 42	b4e7 f4f5 g6h6 f5h5	964	easy	endgame mate mateIn2 queenEndgame short
xK9Vl	8/3Q1nkp/4p1p1/q4p2/3P4/4PP2/2B3PP/1R4K1 w - - 5 32	b1b7 a5e1	964	easy	endgame mate mateIn1 oneMove
3W37W	r4qk1/4R1np/p2p1Bp1/1pbP4/2B4Q/1P5P/P5P1/7K b - - 7 33	b5c4 e7g7 f8g7 f6g7	965	easy	advantage middlegame short
4BmmY	8/4R3/1r3ppk/1b5P/3N2P1/4K3/8/8 b - - 0 55	g6h5 d4f5 h6g5 e7g7	965	easy	endgame epauletteMate mate mateIn2 short
DrPQE	8/p6Q/1b1kp3/1p3p2/1Pn2Np1/4P1P1/P2r1PKP/8 w - - 1 42	h7h6 c4e3 g2h1 d2d1	965	easy	endgame mate mateIn2 pin short
HFIrz	r5rk/4R1p1/5p2/2pN1R2/3bP1pP/6P1/2P3K1/8 b - - 1 37	h8h7 f5h5 h7g6 d5f4	965	easy	cornerMate endgame mate mateIn2 short
NwzBv	2k4r/p1p4r/5p2/1p1Pp3/4P1R1/P1PN1K1p/1P3PnR/8 w - - 0 32	g4g6 g2h4 f3e3 h4g6	965	easy	crushing endgame fork short
hBptt	7k/p5pp/5p2/8/1PQ2n2/P4NbP/3R1qP1/2B1r2K w - - 7 30	f3e1 f2e1 c4f1 e1f1	965	easy	mate mateIn2 middlegame short
kwdbW	5rkb/p3pp1p/1pb4Q/2p1qP1R/P2pP3/1P1P4/2P3PP/5RK1 b - - 0 26	e5f6 h6h7	965	easy	kingsideAttack master masterVsMaster mate mateIn1 middlegame oneMove
KwVb9	Bn4k1/p5pp/2p2r2/8/4P3/3P2Qq/PPP3pP/R4K2 w - - 0 26	f1g1 f6f1 a1f1 g2f1q	966	easy	advancedPawn endgame mate mateIn2 promotion short
REsBr	r5k1/5ppp/4p3/3rP3/pn3P2/5QPP/1q2RK2/8 b - - 1 34	d5d2 f3a8 d2d8 a8d8	966	easy	backRankMate endgame hangingPiece mate mateIn2 short
SJHYU	3Q4/1p3ppk/p6p/8/P3q3/4P1PP/3R1P1K/1r6 w - - 3 35	d8d3 b1h1	966	easy	endgame mate mateIn1 oneMove
jWACk	rnb2rk1/ppp2Npp/3p4/5q2/1bBP2n1/2N5/PPP2P1P/R1BQR1K1 b - - 0 13	f8f7 e1e8	966	easy	mate mateIn1 oneMove opening pin
lbRFd	r1b2rk1/pp3p1p/2p3p1/2q4n/2PbP3/2NB4/PPQB2PP/R4R1K w - - 6 16	c3a4 h5g3 h2g3 c5h5	966	easy	clearance kingsideAttack mate mateIn2 middlegame sacrifice short
2IWFh	rn2k1nr/pQpbppbp/6p1/8/3P4/2P1B3/P4PPP/qN2KBNR b Kkq - 0 9	d7c6 b7c8	967	easy	mate mateIn1 oneMove opening
4pqA1	r4rk1/1b4p1/1p2Rn1p/p2q1n2/3P4/2PQ4/1P3PPP/RBB3K1 w - - 1 22	d3f5 d5g2	967	easy	kingsideAttack mate mateIn1 middlegame oneMove
6OlSK	r2q1rk1/p4p1p/2b2B2/8/1b1Q4/4R3/PPP2PPP/R5K1 b - - 0 19	d8d4 e3g3 d4g4 g3g4	967	easy	mate mateIn2 middlegame pillsburysMate short
SscoP	3q2k1/2p2pp1/P1Qp3p/2p5/1rr5/4B3/5PPP/R5K1 b - - 0 26	b4a4 a1a4 c4a4 c6a4	967	easy	crushing endgame short
a6Nkj	r2qr1k1/pp1n1ppn/2pb3p/3pN2Q/3P1P2/2N1B2P/PPP3P1/R4R1K b - - 4 15	d7f6 h5f7 g8h8 e5g6	967	easy	kingsideAttack mate mateIn2 middlegame short
bLN2h	5k1r/2NQ1p1p/3Pp1p1/p7/1pP5/4nPq1/R7/6KR w - - 3 35	a2g2 g3g2	967	easy	mate mateIn1 middlegame oneMove
eiq9u	r1bqk2r/ppppbp1p/8/1B2Q3/8/8/P4PPP/RN2R1K1 b kq - 0 13	c7c6 e5h8	967	easy	hangingPiece mate mateIn1 middlegame oneMove
tS7uU	6k1/3b3p/5pp1/3q2P1/5B1K/P3Q2P/2P2P2/8 w - - 0 38	g5f6 d5h5 h4g3 h5h3	967	easy	endgame mate mateIn2 short swallowstailMate
7NUmx	r3k1nr/pp3ppp/2n1p3/3pP3/N2q4/1P3P2/P1PQ1P1P/R3KB1R w KQkq - 2 13	e1c1 d4a1	968	easy	mate mateIn1 middlegame oneMove
7Ysqj	8/pK6/1p3kP1/1P6/2P1B3/2b5/7p/8 b - - 2 45	f6e5 g6g7 e5e4 g7g8q	968	easy	advancedPawn bishopEndgame crushing endgame promotion short
ICVfm	r1b2rk1/p1b2ppp/1p1q1n2/6B1/2PN4/3B3P/PP3PP1/2RQR1K1 b - - 0 17	d6d4 d3h7 f6h7 d1d4	968	easy	advantage discoveredAttack kingsideAttack opening short
Lu6al	r4bnr/1b1p1kpp/p3p1q1/2p5/2p5/2P2N2/PP3PPP/R1BQR1K1 b - - 5 13	g8f6 f3e5 f7g8 e5g6	968	easy	advantage fork middlegame short
OX6GC	1kr4r/2q1b1p1/pp1pp2p/n4p2/1NP1b3/PP1BPNP1/2QR1PP1/2K4R b - - 2 23	d6d5 b4a6 b8b7 a6c7	968	easy	crushing fork middlegame short
Q4jD4	8/5K1k/p7/1p3p2/3pbP2/P1rB4/6P1/3R4 b - - 2 41	c3d3 d1h1 d3h3 h1h3	968	easy	endgame mate mateIn2 short
R5dJ0	2q4k/6pb/1pp4p/r5Pn/3R3Q/P2P4/1P6/4R1K1 w - - 2 32	h4h5 a5g5 h5g5 h6g5	968	easy	crushing endgame fork short
TW9R3	r5k1/ppp2ppp/8/8/1PP1p1qr/2Q1PbP1/PB1P1P1K/R5R1 w - - 0 19	g3h4 g4h4	968	easy	mate mateIn1 middlegame oneMove
bGiWS	r4rk1/pp3bpp/1qp1n3/3n4/4NBP1/P1P4Q/1PB4P/R4R1K b - - 0 24	d5f4 e4f6 g7f6 h3h7	968	easy	kingsideAttack mate mateIn2 middlegame sacrifice short
mrohP	8/8/p1p1kp1b/4p2P/2p1P1P1/2P2PK1/PP1r4/1R5R w - - 8 45	h1d1 h6f4 g3h4 d2h2	968	easy	endgame mate mateIn2 pillsburysMate short
1aKvv	r4rk1/2p2pp1/4p1qp/p7/4P3/Q3BN2/PP3PPP/1R4K1 w - - 2 26	f3e5 g6e4 b1e1 e4e5	969	easy	advantage fork middlegame short
2Y8OD	4k3/1Q3pp1/p2r4/4q2p/8/PP2P2P/6P1/2R4K w - - 3 32	b7c7 d6d1 c1d1 e5c7	969	easy	advantage deflection discoveredAttack endgame short
PUmRj	2r4k/2P1pQ2/p2p2p1/1p6/4q1p1/1P6/6PP/5RK1 b - - 0 34	c8c7 f7f8 h8h7 f1f7	969	easy	endgame mate mateIn2 short
ZwcrH	rn2kb1r/pp2pppp/8/1N2Nb2/8/8/PP1P1P1P/R1B1K2R b KQkq - 4 11	a7a6 b5c7 e8d8 c7a8	969	easy	advantage fork middlegame short
0Zkc5	8/8/8/3rpkpp/5p2/5P2/4RKPP/8 b - - 3 49	e5e4 f3e4 f5e6 e4d5	970	easy	crushing discoveredCheck doubleCheck endgame fork master rookEndgame short
8ay9t	r1bq1k2/1p1nnrb1/p2p2N1/2pPp1QB/2P1P3/2N5/PP3PP1/R3K2R b KQ - 2 17	e7g6 g5d8	970	easy	hangingPiece mate mateIn1 middlegame oneMove
CiP6h	r7/p5Q1/1kp1Np2/1p5p/4P3/3q3B/P4KPP/8 b - - 2 28	d3e4 g7c7 b6a6 e6c5	970	easy	endgame mate mateIn2 short
Sg3LW	3q2k1/2r3pp/p4p2/8/P3bPQ1/2p3PP/6B1/2R3K1 w - - 0 40	g2e4 d8d4 g1f1 d4e4	970	easy	advantage endgame fork master short
WXXon	r1b1kbnr/ppq2ppp/2n5/1Bp1p3/3pP3/5NN1/PPPP1PPP/R1BQK2R w KQkq - 4 7	d2d3 c7a5 f3d2 a5b5	970	easy	advantage fork opening short
q0slM	r2qr2k/1p6/2P1N1pp/p7/8/2Q1P2P/P4PP1/2n2RK1 b - - 0 26	h8g8 c3g7	970	easy	mate mateIn1 middlegame oneMove
uaOVp	r3r1k1/1ppq1p2/3p1npQ/p2N4/2PNP1b1/3n2P1/PP3PBP/2R1R1K1 b - - 2 17	d3c1 d5f6	970	easy	hangingPiece kingsideAttack mate mateIn1 middlegame oneMove
wT1gw	2r3k1/5p1p/1p4p1/p4q2/1n1R1N2/Q1P3P1/1P3PP1/1K5R w - - 4 27	b1c1 f5c2	970	easy	mate mateIn1 middlegame oneMove
MM2Ha	5r1k/pp4p1/3p1r1p/1b1P4/4q1BR/1P4P1/P2Q3P/3R2K1 w - - 4 34	g4e6 f6f1 d1f1 f8f1	971	easy	kingsideAttack mate mateIn2 middlegame operaMate short
Xwrxs	r1b2k1r/pppp2pp/6q1/3Qn3/3bN3/1B6/PP3PPP/R1B2RK1 w - - 6 14	d5d4 e5f3 g1h1 f3d4	971	easy	crushing opening pin short
7tezX	8/3b4/p2b1kp1/7p/P7/4R2P/4KPP1/r3B3 b - - 1 41	d7f5 e1c3 f6f7 c3a1	972	easy	crushing endgame fork master short
8kjEq	5r2/1p5k/2p3p1/p6p/P3B1nP/3QR3/5PP1/2R2K1q w - - 1 32	f1e2 f8f2	972	easy	mate mateIn1 middlegame oneMove
TQWCo	5r2/6pk/p3Q3/1ppp1p2/3q4/P5RP/6PK/8 b - - 5 36	d4e4 e6g6 h7h8 g6g7	972	easy	endgame mate mateIn2 short
TkuWR	4Q3/5Bpk/8/8/1p2pq2/1Pn3PP/2P3PK/3r4 b - - 0 39	f4g5 e8g8 h7h6 g8h8	972	easy	endgame mate mateIn2 short
YbW0j	8/1p3p1R/1k6/1p1pnp2/1P1N4/rKP5/6rP/4R3 w - - 0 33	b3a3 e5c4 a3b3 g2b2	972	easy	endgame hookMate master mate mateIn2 short
Z9rNd	r7/pp4kp/2p1b3/3pP1p1/3Pp3/4P1P1/PP2N2P/5RK1 b - - 0 20	g7g6 f1f6 g6g7 f6e6	972	easy	crushing endgame fork master short
immGY	1nr3k1/1b3p2/pq2pPpQ/3p2N1/5P2/P7/4B1PP/b4R1K b - - 0 32	a1f6 h6h7 g8f8 h7f7	972	easy	kingsideAttack mate mateIn2 middlegame short
vCr2R	8/8/1b4p1/3k1p1p/5P2/5KP1/6P1/4B3 b - - 10 55	d5d4 e1f2 d4c3 f2b6	972	easy	bishopEndgame crushing endgame master short skewer
XUlvj	7k/1pp5/p5p1/P2N3p/1P1p4/7R/Q4rPK/5q2 w - - 4 33	h3f3 f1g2	973	easy	endgame mate mateIn1 oneMove
ecaOg	r2q1rk1/pp5p/2pp1ppb/3Pp3/B5PP/3P4/PPP2PQ1/R3K2R w KQ - 0 16	d5c6 d8a5 c2c3 a5a4	973	easy	advantage fork middlegame short
sqiVJ	r1bq1rk1/1pp2ppp/4p3/p2nn3/7Q/2N5/PPPPBPPP/R1B1K1NR w KQ - 0 10	g1f3 e5f3 e2f3 d8h4	973	easy	crushing master opening short
ujXiJ	8/8/5P1p/4k3/1p2N1P1/3K4/1r6/8 b - - 0 55	b2g2 f6f7 g2a2 f7f8q	973	easy	advancedPawn crushing endgame promotion short
vP0Md	3R1bk1/1p3pp1/8/p7/6Q1/7P/6P1/2q4K w - - 2 27	h1h2 c1c7 g4g3 c7d8	973	easy	crushing endgame fork short
0dVxo	r1b1k2r/1p1pnppp/2q5/p1p1P3/1n2P3/Q1P2NP1/PP1NP2P/2KR1B1R w kq - 1 14	c3b4 c5b4 c1b1 b4a3	974	easy	crushing discoveredAttack discoveredCheck opening queensideAttack short
E5fF3	2r2B2/pp1b1B1k/4pb2/q2p4/3n1P2/2P3P1/P3R1K1/7R b - - 1 27	f6h4 h1h4	974	easy	hangingPiece master mate mateIn1 middlegame oneMove pillsburysMate
KC6nw	5b2/p2r1kp1/R4n2/2p1P2P/Pp3B2/1P6/1K6/8 b - - 0 36	f6h5 e5e6 f7e8 e6d7	974	easy	advancedPawn advantage endgame fork master short
e51VB	2r2rk1/pb3ppp/1p2pq2/2nn4/8/4PN2/PPQB1PPP/1BR2RK1 b - - 3 15	c5d7 c2h7	974	easy	kingsideAttack mate mateIn1 middlegame oneMove
FTdxi	6k1/R4p1p/4nP1b/8/8/1P4BP/P1r3PK/8 b - - 0 40	e6f4 a7a8 h6f8 g3f4	975	easy	crushing deflection endgame short
chDmN	8/8/8/8/8/2QK4/p7/1k6 b - - 5 52	a2a1q c3c2	975	easy	endgame master mate mateIn1 oneMove queenEndgame
gzk1u	8/p4pkp/3qp1p1/2p1b3/2P3Q1/1P1rB2P/P4PP1/1R4K1 w - - 7 29	g4g5 d3d1 b1d1 d6d1	975	easy	endgame kingsideAttack mate mateIn2 short
ryB6F	r2qr1k1/2p2p1p/p2p2p1/1p1nb1N1/8/1P2BQPP/P1P2P2/4RRK1 b - - 1 17	d5e3 f3f7 g8h8 f7h7	975	easy	kingsideAttack mate mateIn2 middlegame short
sP8Bk	8/8/2p4p/7P/8/p3R3/2rn4/K1k5 b - - 8 63	c6c5 e3e1	975	easy	endgame master masterVsMaster mate mateIn1 oneMove
yXtnl	rk3R2/2p4p/ppq5/2Npp3/3P4/1PP1P2P/1P1K4/R7 b - - 0 29	b8a7 a1a6	975	easy	endgame mate mateIn1 oneMove
0znGV	8/4Pk2/5pp1/p2p1p2/3Pq3/2Q1b3/6Pr/4R2K w - - 0 39	h1h2 e4h4	976	easy	endgame mate mateIn1 oneMove
MWGZb	r2qkr2/pp2n2p/2nppQp1/1N2p3/4P3/8/PPP2PPP/R1B1K2R w KQq - 0 13	f6e6 d8a5 c2c3 a5b5	976	easy	advantage fork middlegame short
dvJW8	7R/3rn1Rp/b1r2p2/P2pp2k/8/8/5P2/6K1 b - - 1 44	h5h6 h8h7	976	easy	blindSwineMate endgame mate mateIn1 oneMove
dzXnn	3r3k/2q1n2p/6pb/pQ2p3/1p2P3/2P3BP/PP2N1P1/6K1 b - - 2 30	b4c3 g3e5 c7e5 b5e5	976	easy	advantage fork middlegame short
ixXks	8/5Q1k/6p1/p7/6PP/6K1/1q6/8 b - - 0 44	h7h6 g4g5 h6h5 f7h7	976	easy	endgame mate mateIn2 queenEndgame short
szneK	r3k2r/1p2n1p1/pB3p2/P6q/1b1P1n2/1Q3N2/3N1PP1/R3RK2 w kq - 5 24	b3b4 h5h1 f3g1 h1g2	976	easy	mate mateIn2 middlegame short
1Zw4a	rn2k2r/1pp2pp1/p2p4/2b1p3/P1P1P1p1/2NP3q/1P3P1N/R1BQ1RK1 w kq - 0 13	d1g4 h3h2	977	easy	kingsideAttack mate mateIn1 middlegame oneMove
AOxAx	2r2rk1/p2q1pb1/1pn1p2p/3pP1p1/3P4/1P1QB3/P3NPPP/2R2RK1 w - - 2 20	c1c2 c6b4 c2c8 b4d3	977	easy	crushing fork middlegame short
VuQ4k	4r3/pqPR3p/5ppk/8/2R5/5PPP/PPQ3K1/4r3 w - - 3 37	c2c3 e8e2	977	easy	endgame master mate mateIn1 oneMove
YUudF	rr6/P4kpp/5p2/8/1PRn4/3Pb3/6PP/R4K2 w - - 0 32	a7b8q a8a1 c4c1 a1c1	977	easy	endgame hangingPiece mate mateIn2 pillsburysMate short
Pf11K	r1b1kb1r/ppp2ppp/2q2n2/8/8/1QP5/PP3PPP/RNB1KB1R b KQkq - 1 8	f8c5 f1b5 c8d7 b5c6	978	easy	crushing opening pin short
hQ4M1	7r/pp3pk1/6p1/2p2nP1/6Q1/6P1/1P1r1PK1/7R w - - 8 30	h1h8 f5e3 g2f3 e3g4	978	easy	crushing endgame master pin short
kTOWU	6k1/p1Q5/1p1p4/3Pp3/4P1Pp/P7/1P3bP1/5r1K w - - 1 33	h1h2 f2g3 h2h3 f1h1	978	easy	endgame mate mateIn2 short
6rYWS	r4r2/2pb3k/1p1p1q2/p1nP1pPp/2P1Pp2/2N5/PPQ1BN2/2K4R b - - 0 24	f6g5 h1h5 g5h5 e2h5	979	easy	crushing fork master middlegame short
kObkp	3q1rk1/p3p2p/6p1/1Q1b1p2/2r1pB2/4P3/P4PPP/R5K1 b - - 0 23	d8b6 b5d5 f8f7 d5c4	979	easy	advantage fork hangingPiece middlegame short
mybUH	1r5k/3qNp1p/3p2p1/4Q3/P4n1B/7P/6PK/4R3 b - - 0 36	d6e5 h4f6	979	easy	endgame mate mateIn1 oneMove
9QXu0	2kr3r/1p1q1pp1/p4n2/bN5p/2Pp1B2/1b3PN1/1P1Q1KPP/5B1R b - - 1 21	a5d2 b5a7	980	easy	mate mateIn1 middlegame oneMove
vvRyB	r2r1k1Q/1pp1q1b1/4B3/p2pP3/8/4B3/PPP2P2/2K3R1 b - - 4 25	g7h8 g1g8	980	easy	mate mateIn1 middlegame oneMove operaMate
yCnES	r1bqk2r/ppppbppp/2n2n2/6B1/2BpN3/2P2Q2/PP3PPP/R3K1NR b KQkq - 1 8	f6e4 f3f7	980	easy	attackingF2F7 mate mateIn1 oneMove opening
Greow	r3brk1/ppp2qpn/3p2Np/5P2/5P2/6QP/PPP3P1/R3R2K b - - 4 21	f7f5 g6e7 g8h8 e7f5	981	easy	crushing fork middlegame short
QWYUE	r1b2rk1/1p3ppp/p4q2/2b1N3/2P5/1P4Nn/P4PPP/R2QRBK1 w - - 1 19	g2h3 f6f2 g1h1 f2g1	981	easy	kingsideAttack mate mateIn2 opening short
jDm9S	r3kbnr/ppp2p1p/8/3QP3/8/1PN2pPb/PBP5/2KR1B1q b kq - 2 14	h3f1 d5d7	981	easy	mate mateIn1 middlegame oneMove
r0vZz	8/8/2Q4p/3p1ppk/1p1P4/qP2P1KP/5P2/8 b - - 3 38	a3b3 c6e8	981	easy	endgame master mate mateIn1 oneMove queenEndgame
xUniC	6rk/pp5p/6r1/8/3P4/5Q2/P4qPK/4R1R1 w - - 4 29	f3f2 g6h6 f2h4 h6h4	981	easy	endgame mate mateIn2 queenRookEndgame short
lUKJN	5rk1/p1p2p1p/3b1pb1/2pN4/1q5P/1N6/PPP1BPP1/2KR3R b - - 3 17	b4e4 d5f6 g8h8 f6e4	982	easy	crushing fork middlegame short
y6C9B	rnbqk2r/pppp1ppp/4p3/4P3/2PP1n2/8/PP1N1PPP/R2QKBNR w KQkq - 1 7	g1e2 f4d3	982	easy	mate mateIn1 oneMove opening smotheredMate
5iIoc	rnb1qrk1/ppp3pp/3pp3/8/1b1P1PN1/2NBP3/PPP4P/R2QK2R b KQ - 0 11	e8h5 g4f6 f8f6 d1h5	983	easy	crushing discoveredAttack kingsideAttack opening short
9hQLz	2q2k1r/2p2p2/p1p1bQ1p/2b1P2N/6Pn/3R4/PPP2P1P/6K1 b - - 3 27	h8h7 d3d8 c8d8 f6d8	983	easy	fork mate mateIn2 middlegame short
VU5FT	r5k1/p4p1p/2p1bp2/2Pr4/8/2PB1P2/P1P2P1P/R3R1K1 w - - 0 19	d3c4 d5g5 g1h1 e6c4	983	easy	crushing discoveredAttack endgame master short
xZozl	4r2k/4N2p/p2P1rP1/1p4R1/2p3R1/3n4/P5P1/6K1 b - - 0 33	f6d6 g6g7	983	easy	advancedPawn endgame master mate mateIn1 oneMove
xwXGQ	r3kb1N/pp4pp/4b3/2p1p3/2Bnq3/2Q5/PPPP1PPP/R1B2K1R w q - 3 12	c4e6 e4e2 f1g1 e2d1	983	easy	backRankMate mate mateIn2 middlegame short
I4Z8K	rn2kb1r/ppp2ppp/5n2/3p4/3P2bN/2N5/PPP1BPqP/R1BQKR2 b Qkq - 3 9	g4e2 d1e2 g2e4 c3e4	984	easy	crushing opening short
Lj8Ix	4r1k1/pR4p1/1b2pp2/5n1p/7P/B3P1P1/P1r2PBN/3R2K1 w - - 2 25	e3e4 b6f2 g1f1 f5g3	984	easy	kingsideAttack mate mateIn2 middlegame short
d0bFw	1kr5/p1r2p2/1p1npNp1/2qpQ3/5P2/1PP2PP1/P7/1KR1R3 b - - 3 30	d6b5 f6d7 b8b7 d7c5	984	easy	advantage master middlegame pin queensideAttack short
n4vqQ	r1bQ1b1r/pp3kpp/1n2pn2/8/4PP2/2N4N/PP4PP/R1B1K2R w KQ - 2 12	e1g1 f8c5 g1h1 h8d8	984	easy	advantage discoveredAttack opening short
tY7fF	6k1/1p2n2p/1b4p1/1p1pP2r/1P1P1P2/P3B2q/4Q2P/3R1R1K w - - 7 25	e2f3 h3h2	984	easy	kingsideAttack mate mateIn1 middlegame oneMove
wqOts	r2r2k1/pp5p/2p1bp1B/q7/4p3/2b3QP/PPP2PP1/1K1RR3 b - - 1 19	g8f7 g3g7 f7e8 g7f8	984	easy	mate mateIn2 middlegame short
BF2aX	r2q2k1/pp3pb1/2p2R2/3Pr1N1/4P1bQ/2N5/PPP3PP/R6K b - - 0 18	g7f6 h4h7 g8f8 h7f7	985	easy	kingsideAttack mate mateIn2 middlegame short
I9EFI	r3r1k1/p3p3/1ppq1B2/3pNp1p/3P4/5P2/PPP4P/2KR2R1 b - - 1 25	g8h7 g1g7 h7h8 e5f7	985	easy	mate mateIn2 middlegame short
Mxe87	6k1/5p1p/p5p1/1p1Q4/4qP2/7P/Pb4r1/1R1R2K1 w - - 0 29	g1f1 e4e2	985	easy	endgame mate mateIn1 oneMove triangleMate
QpEKJ	6k1/pp1R2pp/1brB1p2/2P2P2/8/7P/3r2P1/5R1K b - - 0 32	b6c5 d7d8 g8f7 d8f8	985	easy	endgame mate mateIn2 operaMate short
XtGYj	6rk/pp3p2/2p2P1p/2b2RpP/3p4/1B4PK/Pr6/3R4 w - - 0 36	f5c5 g5g4 h3h4 b2h2	985	easy	endgame mate mateIn2 short
vyThz	r3kb1r/p4ppp/q7/3QNb2/8/4B3/P4PPP/R4RK1 b kq - 0 16	a8d8 d5f7	985	easy	attackingF2F7 mate mateIn1 middlegame oneMove
7Kfpw	r1b1k2r/1p1p1pp1/p3p3/2b4p/4P1n1/2NB1NPP/PPP1n1P1/R2Q1RK1 w kq - 1 14	g1h1 e2g3	986	easy	kingsideAttack mate mateIn1 middlegame oneMove
EEn4k	5q2/6kp/4Q1p1/3PN3/4N3/7P/5PPK/4r3 w - - 1 45	e4d6 f8f4 g2g3 f4f2	986	easy	endgame mate mateIn2 short
LiHFi	1k6/p1p2q2/Bpp1p3/4Q3/4p3/PP6/2K5/8 b - - 3 39	e4e3 e5h8 f7g8 h8g8	986	easy	endgame mate mateIn2 short
S7vKm	4r1rk/ppp2pq1/2n4p/5Q2/2Pp2Pp/3B3P/P4PK1/1R6 b - - 2 28	h6h5 f5h5 g7h6 h5h6	986	easy	kingsideAttack mate mateIn2 middlegame short
SZD8d	7r/6RN/8/8/5n2/4k3/6P1/6K1 w - - 3 52	h7f6 f4e2 g1f1 h8h1	986	easy	endgame mate mateIn2 short
UNwev	r1b2rk1/pp3Qpp/1np5/4q3/2B1P3/2N4P/PPP2PP1/3R1RK1 b - - 0 16	f8f7 d1d8 e5e8 d8e8	986	easy	kingsideAttack mate mateIn2 middlegame pin short
VG0E2	r1b1kbnr/pp3ppp/2n1p3/3q4/3N4/5B2/PPP2PPP/RNBQK2R b KQkq - 1 7	d5d4 f3c6 c8d7 d1d4	987	easy	crushing intermezzo opening short
ZibIb	4Rn1Q/5pk1/2p2N2/p2p2P1/3P4/1P6/P1q3P1/6K1 b - - 0 47	g7h8 e8f8 h8g7 f8g8	987	easy	endgame hangingPiece hookMate mate mateIn2 short
5gjAT	r6r/6p1/1p1k1np1/p1np4/8/8/PPPB1PPP/2KRR3 b - - 3 19	h8h2 d2f4 d6d7 f4h2	988	easy	crushing fork middlegame short
F9L8k	7k/2p3rp/p1p3r1/2Pp4/3P2p1/P1PqP3/6QR/2B2R1K w - - 4 38	g2d2 d3f1	988	easy	hangingPiece kingsideAttack master mate mateIn1 middlegame oneMove
ivW1c	r2qkb1r/p1p2ppp/b2p1n2/2p1p3/2P5/1P2PQP1/PB1P1P1P/RN2K1NR b KQkq - 0 8	a8b8 f3c6 d8d7 c6a6	988	easy	advantage fork opening short
mbXnp	r2qk2r/ppp1bppp/3p1n2/3Pp1B1/2BnP3/2N2b2/PPP1N1PP/R2QK2R w KQkq - 0 9	g2f3 d4f3 e1f1 f3g5	988	easy	advantage fork opening short
19Zaz	r1bqk2r/pp1ppp1p/2n1P1p1/2p5/2B3n1/3PBN2/P1PN1PPP/Q3K2R b Kkq - 0 9	g4f6 e6f7 e8f8 e3h6	989	easy	advancedPawn attackingF2F7 mate mateIn2 middlegame short
FRqWo	3b4/rp3p2/2k2N1p/PR2pP2/2P1K1P1/7P/8/8 b - - 0 36	d8f6 b5b6 c6d7 b6f6	989	easy	advantage endgame master masterVsMaster short skewer
FgttA	r3k2r/1b2bppp/p3pB2/1pq1N3/2p5/8/5PPP/1B1Q1RK1 b kq - 0 20	e7f6 d1d7 e8f8 d7f7	989	easy	fork mate mateIn2 middlegame short
XfJSe	8/4N3/p7/k1pK4/2P4p/7P/P5P1/4b3 w - - 9 61	d5c5 e1b4 c5d5 b4e7	989	easy	crushing endgame master short skewer
brkQF	2b1r2k/7p/6R1/3pP1Q1/2p1p2P/4P3/1q4P1/1B4K1 b - - 2 35	b2a1 g5f6	989	easy	endgame mate mateIn1 oneMove
iD3zT	r1b1k2r/pppp1pp1/5q2/6p1/1bPp4/3P4/PP1NBPPP/R2QK2R b KQkq - 3 11	d7d6 d1a4 e8d8 a4b4	989	easy	advantage fork middlegame short
qZF1U	5r2/1b2n1k1/p2pPpp1/qp1P3p/3NP3/1pP1Q2P/rP1R2P1/4R1K1 b - - 1 35	a5b6 d4f5 g6f5 e3b6	989	easy	crushing discoveredAttack master middlegame short
uDoVh	8/8/8/8/4q3/6K1/7Q/6k1 b - - 3 64	g1f1 h2f2	989	easy	endgame master masterVsMaster mate mateIn1 oneMove queenEndgame
wfAXF	6k1/p4pp1/6bp/1q1Bp3/3bP1P1/7P/P1Q5/5R1K w - - 10 34	c2c4 g6e4 d5e4 b5c4	989	easy	crushing deflection endgame short
8SQ6E	r2k3r/ppp2qpp/1b1n2N1/3b1PQ1/8/2P5/P1P3PP/R4R1K b - - 0 21	d8d7 g6e5 d7c8 e5f7	990	easy	advantage fork middlegame short
B1qo8	8/p4q1k/1p3b1p/4nN1P/3pQ1P1/8/P4PK1/8 b - - 2 40	d4d3 f5d6 h7g7 d6f7	990	easy	crushing discoveredAttack discoveredCheck endgame short
BaJrW	1r3rk1/3bb1pp/pq1p4/1p1PN3/4Pp2/PB1Q3P/1P3PP1/2R1R1K1 b - - 0 22	d6e5 d5d6 g8h8 d6e7	990	easy	advancedPawn crushing discoveredAttack discoveredCheck kingsideAttack middlegame short
H4XMS	8/8/4Pk1K/p1P2P2/1p4r1/1R6/6P1/8 w - - 3 49	b3e3 g4h4	990	easy	endgame mate mateIn1 oneMove rookEndgame
Z13rJ	6k1/5pp1/1q5p/pNpn4/P2p2P1/1PPQ1P2/6KP/8 w - - 1 36	c3d4 d5f4 g2f1 f4d3	990	easy	crushing endgame fork short
hOkT1	R7/2p2k1p/1p1p3r/2PPp3/1P4q1/5PpP/5rB1/6RK w - - 0 38	f3g4 h6h3 g2h3 f2h2	990	easy	endgame mate mateIn2 sacrifice short
jSKVr	1b4k1/5ppp/2p1p3/8/2N5/P1P2P1P/5KP1/8 w - - 0 27	c4b6 b8a7 f2e2 a7b6	990	easy	crushing endgame pin short
sYzci	r2qr2k/3n1p2/2pbbn1P/pp1p2Q1/3P4/2NB1N2/PPP2PP1/1K1R3R b - - 0 16	f6h7 g5g7	990	easy	mate mateIn1 middlegame oneMove
1jPxT	1r6/2RR4/p7/4P3/3kn3/5rP1/P1P5/4K3 b - - 4 32	d4e3 d7d3	991	easy	endgame mate mateIn1 oneMove
4UDmg	r5k1/p1p3p1/1bppb1qp/6r1/N1PB4/1P3P1P/P3R1P1/R2Q3K b - - 4 21	g6h5 e2e6 b6d4 d1d4	991	easy	crushing hangingPiece middlegame short
ARPLR	r1bq1b1r/pp4pp/n4k2/3B4/3pQ2P/P7/1PP2PP1/R1B1K2R b KQ - 0 15	d8e7 c1g5	991	easy	balestraMate mate mateIn1 oneMove opening
Di8bj	2rr4/7p/3pkpp1/4N3/4Pp2/P2n4/QP2q2P/1KRR4 b - - 1 37	e6e5 a2d5	991	easy	master mate mateIn1 middlegame oneMove
OCSu9	r5k1/p4p1p/bp3Qp1/3B4/1P6/P3P3/R3KPPP/7q w - - 1 24	e2f3 h1d1 f3g3 d1d5	991	easy	advantage endgame fork short
pXAmH	r1b2rk1/pp4pp/2nb1p2/q2Pp3/3P4/6B1/PP1N1PPP/R2QKB1R b KQ - 2 12	a5d5 f1c4 d5c4 d2c4	991	easy	advantage opening pin short
s8AzI	rn2r1k1/p1p2ppp/1p6/3Q4/1P6/2q1B3/P2N1PPP/3RKb1R w K - 0 16	h1f1 e8e3 f2e3 c3e3	991	easy	epauletteMate mate mateIn2 middlegame short
vEKZw	r4rk1/1pp3pp/p2pb1q1/8/2QNNn2/1PP5/1P3PPP/R3R1K1 w - - 7 23	d4e6 g6g2	991	easy	kingsideAttack mate mateIn1 middlegame oneMove
wZgAk	r1Q1k2r/1p2bpp1/3pp2p/1q2N3/7B/8/5PPP/2RR2K1 b kq - 7 24	a8c8 c1c8 e7d8 c8d8	991	easy	mate mateIn2 middlegame operaMate short
zzVWk	2r2rk1/pp6/1nn4R/2N2pp1/1Pb1p3/P5P1/1B3P1P/3B2K1 b - - 0 31	f8f7 h6h8	991	easy	master mate mateIn1 middlegame oneMove operaMate
Iy0Hh	r4rk1/2pn1ppp/8/3p4/1n1PpPP1/p1N4P/1PPB1P2/1K1R3R w - - 0 20	c3b5 a3a2 b1a1 b4c2	992	easy	advancedPawn deflection mate mateIn2 middlegame queensideAttack short
RcCTV	1k3r2/pp2Q3/2p5/8/PP2pq1p/7P/6P1/3R3K b - - 2 34	e4e3 d1d8 f8d8 e7d8	992	easy	endgame mate mateIn2 short
s0cJk	3r2k1/1q3ppp/p4n2/3b1PQN/3p4/1P1B4/P5PP/2R4K b - - 3 31	f6h5 g5d8	992	easy	backRankMate hangingPiece master masterVsMaster mate mateIn1 middlegame oneMove
3VdAt	r4rk1/pp3NBp/2n3b1/q7/3p4/2P3P1/P3PQ1P/R4RK1 b - - 0 19	g8g7 f2f6 g7g8 f7h6	993	easy	mate mateIn2 middlegame short
Nd87b	6k1/pp1b1p1p/3P1Bp1/4P3/8/P2R4/1q2NK1P/8 b - - 3 45	d7b5 d6d7 b5d7 d3d7	993	easy	advancedPawn advantage endgame master short
UKXYV	r1b1kb1r/pp3ppp/2n2n2/qB2Q3/4P3/2N5/PPP2PPP/R1B1K2R b KQkq - 0 9	c8e6 b5c6 b7c6 e5a5	993	easy	crushing discoveredAttack opening short
VftgQ	6k1/pR5p/1p3K2/6p1/3P4/1P2r3/P7/8 b - - 0 36	g5g4 b7b8 e3e8 b8e8	993	easy	endgame mate mateIn2 rookEndgame short
ZFOeQ	5rRk/p1b4p/2p5/1p1pNp1r/3PP3/PnP4q/3Q3N/6RK b - - 1 35	f8g8 e5f7	993	easy	cornerMate mate mateIn1 middlegame oneMove
g6k8q	r1r2k2/3p1pp1/p3pP2/1p1bn1p1/1b1NB3/6P1/P3K1P1/2R4R b - - 3 26	c8c1 h1h8	993	easy	mate mateIn1 middlegame oneMove
3znbQ	r2q1rk1/pQ1nbppp/5n2/2pNNb2/8/4P3/PP2BPPP/R1B1K2R b KQ - 0 13	d7e5 d5e7 g8h8 e7f5	994	easy	advantage fork opening short
ANANE	4r1k1/p4pbp/6p1/R7/1P3B2/P5P1/5K1P/8 w - - 2 30	a5a7 g7d4 f2f3 d4a7	994	easy	advantage endgame fork short
PJazw	2r4r/1b2qpp1/pn2N1k1/1p1pP3/3P2QP/6P1/PP3PK1/R4R2 b - - 0 21	g6h7 g4g7	994	easy	master mate mateIn1 middlegame oneMove
h1gsB	5rk1/Q5p1/2R5/K4b2/4r3/1PB5/P7/5q2 b - - 0 38	f5e6 a7g7	994	easy	mate mateIn1 middlegame oneMove
i75uB	2R2bk1/1pq2p2/5Qp1/2P1r1N1/1P5P/8/5KP1/8 b - - 5 32	c7c8 f6f7 g8h8 f7h7	994	easy	endgame mate mateIn2 short
nV9GC	r1b1r1k1/pp3pbp/2pp2p1/5N2/4NPP1/7P/qPPQ4/2KR2BR w - - 0 18	e4c3 a2a1 c3b1 a1b2	994	easy	mate mateIn2 middlegame queensideAttack short
EbkOJ	6k1/p1p2p2/1p3p1p/1b6/2nP4/2P3P1/P4QBq/4RK2 w - - 2 30	g2c6 c4e3	995	easy	discoveredCheck doubleCheck endgame master mate mateIn1 oneMove
FV21z	r3kb1r/pp2ppp1/2pp3p/8/4P3/P1NP1bNq/BPPQ1P2/R1B2RK1 w kq - 4 16	d2f4 h3g2	995	easy	mate mateIn1 oneMove opening
GKY16	3R4/1p4pk/p4p2/8/4p1q1/PP1Q1n2/5P2/5K2 w - - 0 37	d3e3 g4g1 f1e2 g1e1	995	easy	endgame mate mateIn2 short
Pvkni	2r3k1/1br2ppp/pR2p3/1p3n2/nP6/P3PN2/N3BPPP/2R3K1 w - - 1 22	c1c7 c8c7 b6b7 c7b7	995	easy	crushing middlegame short trappedPiece
iQSFu	3r4/8/5p2/1k4p1/p2B2P1/2R1R2P/r7/6K1 w - - 4 44	c3c5 b5b4 c5c1 d8d4	995	easy	advantage defensiveMove endgame short
pIHAX	2R5/8/2KpN3/3P4/2P1Pp2/1q3P2/4k3/1r6 b - - 1 54	b1a1 e6d4 e2e3 d4b3	995	easy	crushing endgame fork short
sueDs	6k1/5pp1/3R3p/4N3/1Q6/7P/1P3bP1/2q4K w - - 1 31	h1h2 c1g1	995	easy	endgame mate mateIn1 oneMove
qv6zU	r4r1k/6pp/1p4q1/p2Qpp2/PbP5/7P/1P4BK/R1B2R2 w - - 2 27	d5e5 b4d6 e5d6 g6d6	996	easy	advantage middlegame pin short
VX2O5	5rk1/5p2/6p1/2q5/8/2Q1R2P/6P1/7K b - - 0 41	f8c8 e3e8 c8e8 c3c5	997	easy	crushing deflection endgame master short
cuTZ3	r1b1kb1r/2pqn1pp/p1Np1B2/1p1P4/n1P5/8/PP3PPP/RN1QR1K1 b kq - 0 13	g7f6 d1h5	997	easy	mate mateIn1 oneMove opening
z7s6Z	3r1rk1/p1p2ppp/b1p5/2b5/2N1Q3/1PP5/P4qPP/R1B2RK1 w - - 0 18	f1f2 d8d1 e4e1 d1e1	997	easy	kingsideAttack mate mateIn2 middlegame pin short
6f9k4	8/p4r2/5pk1/1p1Q2p1/8/2P1q3/1P4P1/5R1K w - - 4 43	d5b5 f7h7	998	easy	endgame mate mateIn1 oneMove
BagYH	r1b1k2r/pp3p1p/4pqp1/1B1p4/1Q6/P1P2P2/2P2P1P/R3K2R b KQkq - 1 16	e8d8 b4d6 c8d7 d6d7	998	easy	mate mateIn2 middlegame short
JML28	8/R6p/6pk/p1rBp3/1pP3PP/1P2n2K/P7/8 b - - 2 35	e3d5 g4g5 h6h5 a7h7	998	easy	deflection endgame mate mateIn2 short
h7lSg	5r2/pp3k1p/2p2p1P/2P5/1P4bR/P3Pq2/1B1Q1b2/4K3 w - - 0 35	d2f2 f3d1	998	easy	endgame mate mateIn1 oneMove
pb8rn	2rr4/pp2kp1p/3p1p2/4pP2/4q3/2R4Q/PPPR1PPP/1K6 w - - 11 24	c3c8 e4e1 d2d1 e1d1	998	easy	endgame fork mate mateIn2 short
Nc3Vm	8/8/8/8/6P1/1p1q1kPK/8/4Q3 w - - 3 62	e1c1 d3h7 c1h6 h7h6	999	easy	endgame mate mateIn2 queenEndgame short
YTGbO	8/2R2p2/2p1r1kp/p5p1/P5PP/2b2NK1/2P2P2/8 b - - 0 32	f7f6 h4h5	999	easy	endgame mate mateIn1 oneMove
lQNGp	rn2k1nr/ppp1qppp/8/3P4/3P1pbb/2N2N2/PPP1K1PP/R1BQ1B1R w kq - 3 8	e2d2 e7e3	999	easy	mate mateIn1 oneMove opening
PcJH8	r3kb1r/2p2ppp/p1P2q2/4p3/p5b1/5N2/PPP2PPP/R1BQR1K1 b kq - 1 12	g4f3 d1d7	1000	easy	master mate mateIn1 middlegame oneMove
QalTH	r1bq1rk1/4bppp/2p1p3/p2n4/4N1Q1/1P4P1/PBP2PBP/R4RK1 b - - 2 13	f7f5 g4g7	1000	easy	kingsideAttack mate mateIn1 middlegame oneMove
oqkDA	r1b1k2r/1pqn1ppp/p3pb2/4p3/2B1N3/5Q2/PP3PPP/1K1R2NR b kq - 3 13	c7c4 e4d6 e8f8 d6c4	1000	easy	advantage fork opening short
v3di2	8/8/1P2p3/3pP3/2bBpP2/4P1k1/2r5/1R4K1 w - - 1 38	b1b2 c2c1	1000	easy	endgame master mate mateIn1 oneMove
yOaMt	3r2k1/pP5p/3n4/1Pp2p2/2P1n3/1Qb1Pp2/2R2P2/3RKBq1 w - - 1 34	c2c3 g1f2	1000	easy	attackingF2F7 mate mateIn1 middlegame oneMove
0n6OQ	2r1rb1k/pp1n2pp/6q1/4B3/3p2N1/PQ1P3P/1P2R1P1/4R1K1 b - - 0 28	d7e5 g4e5 e8e5 e2e5	1001	easy	advantage middlegame short
5rlNb	r2qk2r/pp3ppp/5n2/2bp2B1/3n4/2N2bPP/PPP1NPB1/R2Q1RK1 w kq - 1 12	g2f3 d4f3 g1g2 f3g5	1001	easy	advantage fork opening short
Kumke	8/5pk1/5R2/2r3KP/5RP1/8/8/7r w - - 3 56	f6f5 f7f6	1001	easy	endgame master mate mateIn1 oneMove rookEndgame
N5Qap	2k5/8/2pB1N2/2Nb1pp1/3P4/1p3P2/3q4/1KR5 w - - 6 45	f6d5 d2a2	1001	easy	endgame mate mateIn1 oneMove
i9Vok	r3r1k1/1Rp2ppp/1b1p4/5B2/2P1P3/7Q/5qPP/5RK1 w - - 0 24	f1f2 a8a1	1001	easy	master mate mateIn1 middlegame oneMove pin
iATq5	8/2r3kp/p5p1/4R3/4B3/1P1pbPP1/P3b2P/4R2K w - - 0 40	e4d3 e2f3	1001	easy	doubleBishopMate endgame mate mateIn1 oneMove
6RpIM	5rk1/pp3p2/1q4n1/3pBn1Q/2r5/8/PPP3PK/R4R2 w - - 4 22	f1f5 c4h4 h5h4 g6h4	1002	easy	crushing fork middlegame short
B6Evu	3q1rk1/1b3pNp/p4b2/1p2pP2/n2pP1Q1/P2P3P/BPr3PN/1R3RK1 b - - 0 21	f6g7 f5f6 d8f6 f1f6	1002	easy	crushing middlegame pin short
q9zyD	rnb1k2r/4pp1p/p2p2p1/1ppP4/4PQ2/2q2PN1/P1P2KPP/R4B1R b kq - 1 13	c3a1 f1b5 a6b5 h1a1	1002	easy	advantage discoveredAttack middlegame short
rTGJ8	r4rk1/6pp/p7/1pbpP3/1n5q/2N2N1b/PP4PK/RBBQ3R w - - 0 19	g2h3 h4f2	1002	easy	epauletteMate mate mateIn1 middlegame oneMove
7KilV	4K3/3R3P/2p4r/p6k/4p3/3p4/Pb4R1/8 b - - 4 48	h6h7 d7h7	1003	easy	endgame hangingPiece master mate mateIn1 oneMove
HSONF	rnQqkb1r/p1p2Bpp/3p1n2/8/3pb3/2P5/PP3PPP/RNB2KNR b kq - 5 10	e8e7 c8e6	1003	easy	mate mateIn1 oneMove opening
OTSKQ	1r6/1ppb4/p1k2R2/3p2p1/4p3/2P1P2P/PP2B1P1/2K5 b - - 4 27	c6c5 b2b4	1003	easy	endgame mate mateIn1 oneMove
VHuPF	8/8/p1B1k2p/3pb2P/1p2n3/1P1K4/P7/5R2 w - - 2 46	c6b7 e4c5 d3e2 c5b7	1003	easy	advantage endgame fork master short
eGCe5	6rr/1ppqp1bp/p2p1k2/3P1p1Q/3NnP2/1P6/P1P3PP/R1B2RK1 b - - 0 18	d7e8 h5f5	1005	easy	mate mateIn1 middlegame oneMove swallowstailMate
wF758	2rqkb1r/5ppp/p1p1pn2/1B1p1b2/N2P1B2/8/PPP2PPP/R2QK2R w KQk - 0 11	b5a6 d8a5 a4c3 a5a6	1006	easy	crushing fork opening short
vZKf6	4r1k1/1p1n1ppp/1q1b4/BP1p4/Q1pP4/4PN1P/5PP1/5RK1 b - - 3 22	b6a7 b5b6 a7a8 a4d7	1007	easy	advantage discoveredAttack master middlegame short
2VIbE	8/2pk1p2/2P3p1/3P4/5q2/r1Q2P2/r5PP/4R1K1 b - - 0 47	d7d8 c3h8	1008	easy	endgame mate mateIn1 oneMove
kHlqn	r2k1bQr/pp2p3/n1pp4/8/2PP4/4BpPq/PP5P/RN1Q1RK1 w - - 0 17	g8h8 h3g2	1008	easy	master mate mateIn1 middlegame oneMove
Icd4d	6k1/2p2p1p/2p3p1/8/5n2/2P4P/PP1R2Pq/4rKQ1 w - - 11 30	f1e1 h2g1	1009	easy	endgame hangingPiece master mate mateIn1 oneMove
KNBDt	8/2q3pk/7p/3Q4/3pn3/2P4P/2r2PP1/R5K1 b - - 1 37	e4c3 d5f5 g7g6 f5c2	1009	easy	advantage endgame fork short
ODuty	1r1q1rk1/1p2bppp/p2pb3/2pB4/2P1P3/1P1n1NQ1/PB3PPP/R1R3K1 b - - 8 17	d3c1 g3g7	1009	easy	kingsideAttack mate mateIn1 middlegame oneMove
cl9N3	5R1k/8/2q3rp/1p6/2p1Q3/7P/6P1/7K b - - 12 56	h8g7 e4e7	1009	easy	endgame mate mateIn1 oneMove
cyjBZ	3k1R2/8/p1Qp4/2n1p1p1/4P1q1/2K1P3/PPP5/3r4 b - - 6 32	d8e7 c6e8	1009	easy	endgame mate mateIn1 oneMove
w7qfD	r1b1k2r/bpqp1pp1/p1n1p3/7p/4P1n1/PNNB4/1PPB1PPP/R2Q1R1K w kq - 2 12	f2f3 c7h2	1009	easy	kingsideAttack master mate mateIn1 oneMove opening
0t9bk	8/5p1p/p4kp1/5p2/1nnB4/5P1P/6P1/1B4K1 b - - 1 44	f6e7 d4c5 e7f6 c5b4	1010	easy	advantage endgame fork short
8Rifx	5Bk1/p4ppp/Q3p3/3pP3/6q1/P2BPbn1/2r2P1P/R1R3K1 w - - 0 22	c1c2 g3e2 g1f1 g4g1	1010	easy	discoveredCheck doubleCheck kingsideAttack mate mateIn2 middlegame short
CT0yh	7k/pRQ4p/6rK/2P1P3/6P1/5q2/7P/5B1R w - - 3 30	h6h5 f3g4	1010	easy	endgame mate mateIn1 oneMove triangleMate
h2oaO	r6k/R4Rbp/6p1/4p3/8/2q5/5QPP/6K1 b - - 0 33	a8a7 f7f8 g7f8 f2f8	1010	easy	endgame mate mateIn2 sacrifice short
01IFU	r1b2rk1/pp3pp1/3b3p/3Bn3/P2N1q2/2P4P/1P3PP1/RN1Q1RK1 w - - 1 17	d4e2 e5f3 g2f3 f4h2	1011	easy	kingsideAttack mate mateIn2 opening sacrifice short
7oVxZ	r2q2kr/pp3p1b/1npbp2Q/7N/3P4/2P4P/PP3PP1/R1B1R1K1 b - - 0 18	h7g6 h6g7	1011	easy	mate mateIn1 oneMove opening
DtqBG	r4rBk/pp3N2/2n2pbp/q7/3P4/7P/PPQb1PP1/R4RK1 b - - 0 18	h8g8 c2g6	1011	easy	hangingPiece kingsideAttack mate mateIn1 middlegame oneMove
trfUo	r4rk1/pppq2bp/2n3p1/4p2n/4PpbB/1NPB1N2/PPQ2PPP/2KR3R b - - 3 14	g4f3 d3c4 g8h8 d1d7	1012	easy	advantage discoveredAttack middlegame short
wNLJI	8/6pk/3p2pp/4p3/P7/1NPQB1b1/1P4P1/3R1K1q w - - 8 37	f1e2 h1g2 e3f2 g2f2	1012	easy	endgame mate mateIn2 short swallowstailMate
JDtJQ	r3k2r/pp2ppbp/2nq2p1/1Bpp4/3P4/2P2P2/PP4PP/RNBQ1RK1 w kq - 0 12	d4c5 d6c5 f1f2 c5b5	1013	easy	advantage fork master middlegame short
XUkYa	7k/R7/5N2/2p1p3/P1r5/2b5/8/5K2 b - - 3 46	e5e4 a7h7	1013	easy	arabianMate endgame master mate mateIn1 oneMove
Gp6FJ	r1bq1r1k/pp2b3/2n2pQ1/7N/5P2/2p5/PP4PP/R1B2RK1 b - - 2 18	f8g8 g6h6	1014	easy	mate mateIn1 oneMove opening
Mt1gm	r1bq1rk1/pp1n2bp/5pp1/3pP3/3N1P2/3B2B1/PP4PP/R2Q1RK1 w - - 0 16	d4e6 d8b6 g1h1 b6e6	1014	easy	advantage fork middlegame short
pKpRf	r1b1k1nr/pppp1q1p/7b/8/3PPB2/5Q2/PP4PP/RN3RK1 b kq - 0 11	f7f4 f3h5 e8d8 f1f4	1014	easy	advantage discoveredAttack middlegame short
QMXij	rnbq1k1r/ppp1p1b1/3pP1QB/8/2PP4/8/PP3P1P/RN2K1NR b KQ - 0 11	h8h6 g6f7	1015	easy	mate mateIn1 oneMove opening
5BGYg	rn2kb1r/pp2qNpp/5n2/2p5/2B3b1/3p2Q1/PPP2PPP/RNB2K1R w kq - 0 11	c2d3 e7e2 f1g1 e2d1	1016	easy	backRankMate mate mateIn2 opening short
ZwwGV	2r2r1k/2n2ppP/7P/4p3/1q2P3/1p2B3/2PR1Q2/4K3 b - - 0 30	g7g6 f2f6 h8h7 f6g7	1016	easy	mate mateIn2 middlegame short
dqyH1	r1b1k2r/p1p2ppp/1bpp4/4p1q1/2N1Pn2/1N1P4/PPP2PPP/R1BQ1RK1 w kq - 6 11	c4b6 g5g2	1016	easy	kingsideAttack mate mateIn1 middlegame oneMove
5o2za	2R1nk2/6p1/7p/7q/4Q3/4P1PB/5P1K/7r w - - 2 38	h2h1 h5h3 h1g1 h3c8	1017	easy	advantage endgame fork hangingPiece master short
KVDrY	8/4bQ2/pkP4r/8/7N/4r1PK/P6P/8 w - - 1 48	f7f4 h6h4 f4h4 e7h4	1017	easy	crushing endgame pin short
QZvFE	6r1/1kp4p/8/1p1P1R1P/4p1r1/1P2P3/P6K/5R2 w - - 3 33	f1f2 g4h4	1017	easy	endgame mate mateIn1 oneMove rookEndgame
oZd13	4rb1k/pr5p/1p4q1/1P3R2/2PQ4/7P/6P1/5R1K b - - 4 34	g6g7 f5f8 e8f8 f1f8	1017	easy	mate mateIn2 middlegame pin short
31rl9	rn1q1rk1/p4ppp/3b4/1pp4b/3P4/1BPQ1N1P/P4PP1/R1B2RK1 w - - 0 15	d4c5 d6h2 f3h2 d8d3	1018	easy	crushing discoveredAttack middlegame short
D8KOw	4r1k1/1p1q1p2/pn1p1Q1p/2pP2r1/4P3/7P/PP3PBP/2R2RK1 b - - 0 21	d7h3 f6g5 h6g5 g2h3	1018	easy	crushing middlegame short
XYeLh	q7/p5rk/7p/5P1Q/6r1/5R2/PPP4P/3R3K w - - 4 30	f5f6 a8f3	1018	easy	endgame hangingPiece mate mateIn1 oneMove
YDdFk	8/Rpk2pp1/2p4p/2Pp4/1P6/2PK1P2/1r2r1PP/6R1 w - - 9 35	a7a8 b2d2	1018	easy	blindSwineMate endgame mate mateIn1 oneMove rookEndgame
NlEwT	r2q1rk1/pp1nppbp/4P1p1/8/6n1/2N2N2/PP2QPPP/R1B1K2R b KQ - 0 12	f7e6 e2e6 g8h8 e6g4	1019	easy	crushing fork opening short
k71Cn	5r1k/1pp3p1/2n5/p2P2N1/4p3/1PP4b/P2QBq1N/R5K1 w - - 4 28	g1h1 h3g2	1019	easy	master mate mateIn1 middlegame oneMove
riwdV	r3kb1r/1b3pp1/n1np1q1p/1N2p3/Q2PP3/4BN2/PPP2PPP/2KR3R b kq - 0 13	a6b4 b5c7 e8d7 c7a8	1019	easy	crushing fork middlegame short
CfTLH	2q5/1R3pk1/3p3b/3P2p1/4PPK1/1P4P1/4Q3/8 w - - 3 47	g4h5 c8h3	1020	easy	endgame master mate mateIn1 oneMove
CwB1O	r1b1k1nr/pppp1p1p/5qp1/2bNp3/4P3/1B6/PPnP1PPP/R1BQK1NR w KQkq - 0 8	d1c2 f6f2 e1d1 f2f1	1020	easy	attackingF2F7 mate mateIn2 opening short
dovOf	8/5ppk/6rp/1p2K3/2b5/P1P5/1P2R2P/4R3 w - - 16 44	e2f2 g6e6 e5d4 e6e1	1021	easy	advantage endgame short skewer
tWbFK	7r/ppk5/2pb4/3r4/4RPB1/P4Q2/1P2NP2/5K2 w - - 3 34	f4f5 d5d1 f1g2 h8h2	1021	easy	mate mateIn2 middlegame operaMate short
1sytV	1r6/R6p/4pkp1/5p2/3P1P1P/6P1/1r3K2/2R5 w - - 3 35	f2f3 b8b3 c1c3 b3c3	1022	easy	endgame mate mateIn2 rookEndgame short
Lp8MG	7Q/8/6B1/1p2p3/4P3/k7/2K2q2/8 w - - 7 57	c2b1 f2b2	1022	easy	endgame master mate mateIn1 oneMove
Z6FIn	5rk1/5ppp/4p3/8/3Pn1nq/QB5P/P2B2P1/R3R1K1 w - - 2 23	a3c1 h4f2 g1h1 e4g3	1022	easy	mate mateIn2 middlegame short
2SXEN	8/1p3p2/k1b5/2Q1P2P/1K1P4/1PR5/rr6/8 w - - 15 54	d4d5 a2a4	1023	easy	endgame master mate mateIn1 oneMove operaMate pin
NEJfx	rn1qkbnr/pp2pppp/2p3b1/8/4NB2/3B1N2/PPP1QPPP/R3K2R b KQkq - 3 8	b8d7 e4d6	1023	easy	mate mateIn1 middlegame oneMove pin smotheredMate
dNZta	7r/4kpp1/4pn2/p1q5/2P1B2p/P4Q1P/5PP1/1R1r2K1 w - - 0 26	f3d1 f6e4 b1b7 e7f6	1023	easy	crushing defensiveMove endgame hangingPiece short
mvfDU	rnb1r1k1/p4ppp/2p5/2b4n/5P1q/2NB3P/PPP1N1P1/R1BQKR2 w Q - 5 13	e1d2 c5e3	1023	easy	mate mateIn1 oneMove opening
qIApD	r2qk1nr/ppp2pbp/3p2p1/3Pp3/3nP3/2N1BP1P/PPP2P2/R2QKB1R w KQkq - 1 9	c3e2 d4f3	1023	easy	mate mateIn1 oneMove opening
yKRv6	r3r1kb/pp2pp1p/3p1npB/q6P/1n2P3/1PN2P2/1PPQ2P1/2KR1B1R w - - 1 15	h5g6 a5a1 c3b1 b4a2	1024	easy	mate mateIn2 middlegame queensideAttack short smotheredMate
yaad4	r1b1r3/pp4k1/3q3p/4p1p1/2PN1n2/1B5P/PP3PP1/R2QR1K1 b - - 0 25	c8h3 d4f5 h3f5 d1d6	1024	easy	crushing discoveredAttack master middlegame short
zmujn	4r1k1/1R4R1/5p1p/6pP/8/6P1/3prPK1/8 b - - 1 43	g8f8 b7f7	1024	easy	blindSwineMate endgame master mate mateIn1 oneMove rookEndgame
Zqkrf	7k/pb3p1p/1P1p1qp1/6rP/8/1P6/2Q1BPP1/R2R2K1 w - - 2 27	b6a7 g5g2 g1f1 f6f2	1025	easy	mate mateIn2 middlegame short
ljcq7	r3kb1r/1p1bnpp1/1q2p2p/pB1pnN2/P5PP/1P2B3/2P2P2/RN1QK2R b KQkq - 1 14	b6d8 f5d6	1025	easy	mate mateIn1 middlegame oneMove smotheredMate
syy8E	1r4k1/p2n1pp1/2p4p/P1P5/2QPp3/4q3/N5RK/1r3R2 b - - 1 32	b1b2 c4f7 g8h8 f7g7	1025	easy	fork mate mateIn2 middlegame short
u6Ubr	r1b1kb1r/1pp2ppp/p4n2/2p5/4P3/4BN2/PPP2PPP/RN1K3R b kq - 2 9	f8d6 e4e5 d6e7 e5f6	1025	easy	advantage fork middlegame short
vdPOe	1r2k2r/ppQ2ppp/2p5/8/4P3/B4BP1/q4P1P/5K2 b k - 1 20	a2a1 f1g2 a1a3 c7b8	1025	easy	crushing defensiveMove endgame short
xliuh	rn2k2r/ppp2ppp/4b3/8/1bq5/2N5/PP1B1PPP/R2QKB1R b KQkq - 1 10	c4c6 f1b5 e8g8 b5c6	1025	easy	crushing opening pin short
L6tih	2r2bk1/p5p1/bp6/3BqpQ1/5n2/2P4P/P5P1/3R2KR b - - 1 32	g8h8 g5h4 f4h5 h4h5	1026	easy	mate mateIn2 middlegame short
SEum5	4K3/4N1Q1/2p5/3r2kp/4q3/8/5P2/8 b - - 0 52	g5h4 g7g3	1026	easy	endgame master mate mateIn1 oneMove
XHNnT	r1b1kbnr/pppn1ppp/3q4/3N4/2B1p3/1Q6/PP1P1PPP/R1B1K1NR w KQkq - 6 8	d5c7 d6c7 c4f7 e8d8	1026	easy	advantage opening short
V6XzR	8/2p5/4b3/p3Pp2/2P1pP2/1PK1Bk2/P7/8 w - - 4 45	c3d4 c7c5 d4c5 f3e3	1027	easy	bishopEndgame crushing deflection endgame short
XBgIs	3q2rk/1pp4p/1r1p1n2/p2P4/2PNp1bQ/1P3p1P/P2N1P2/R4RK1 w - - 0 22	h3g4 g8g4 h4g4 f6g4	1027	easy	advantage fork middlegame short
oebAm	8/1p6/k1b5/P4R2/r2K4/2B5/8/8 w - - 12 68	d4d3 c6e4 d3e3 e4f5	1027	easy	crushing endgame fork short
xq7te	rnb1kbnr/ppQ4p/2p1Pqp1/3p4/3Np3/8/PPP2PPP/RNB1KB1R b KQkq - 3 9	f6d8 c7f7	1027	easy	mate mateIn1 oneMove opening
jGOaX	3r3k/6p1/3NQb1p/p7/P7/4B1P1/5PKP/1q6 b - - 4 37	b1d3 d6f7 h8h7 f7d8	1028	easy	advantage endgame fork master short
vsPc5	4rr2/pp2bpk1/4nn2/2pp1NN1/5P2/2Pb4/PP1B4/2KB2RR b - - 1 29	d3f5 g5e6	1028	easy	discoveredCheck doubleCheck master mate mateIn1 middlegame oneMove
lPyyZ	7k/1Q4p1/1p5q/pP6/P2PR3/5rp1/6B1/6K1 w - - 0 45	g2f3 h6h2 g1f1 h2f2	1029	easy	endgame mate mateIn2 short
WOS1D	1r2k2r/p2b4/2p1p3/2qp1p1p/3N1Pn1/5R1P/PPP3P1/R1BQ3K w k - 0 19	h3g4 h5g4 f3h3 g4h3	1030	easy	advantage discoveredAttack discoveredCheck kingsideAttack middlegame short
2hPIE	4r1k1/4Bp1p/p5p1/1p6/6n1/3B1Q2/P4PPq/1R3K2 w - - 2 25	b1e1 h2h1 f1e2 e8e7	1031	easy	crushing interference middlegame short
P5Iwd	8/8/2r3p1/4kp1p/1R5P/4PKP1/PN3P2/2q5 b - - 1 42	c6c2 b2d3 e5f6 d3c1	1031	easy	advantage endgame fork master short
PHYRr	5rk1/pb3pp1/1pn4p/2p3q1/4Pn2/2N4P/PPP1B1P1/R2Q1RK1 w - - 0 17	c3d5 g5g2	1031	easy	kingsideAttack mate mateIn1 middlegame oneMove
6Qmxr	2kr4/pp3p1p/2p3r1/2Np4/3P1Q2/4P2b/P3qPPP/1R3RK1 w - - 6 21	b1b7 g6g2 g1h1 e2f1	1032	easy	deflection kingsideAttack mate mateIn2 middlegame short
HgLVJ	r3k2r/ppp2pp1/2np2qp/4p3/4P3/2PP1NPb/PP2Bb2/RN1Q1RK1 w kq - 0 11	f1f2 g6g3 g1h1 g3f2	1032	easy	crushing deflection kingsideAttack middlegame short
dRDNc	1k6/p1p2pb1/Qp1q2pp/1N2np2/1P6/P4N2/2P2PPP/2K5 b - - 2 22	d6f6 a6a7 b8c8 a7c7	1032	easy	endgame mate mateIn2 queensideAttack short
lBrd9	6k1/p4pP1/8/2n4K/5r2/2N4r/PP4N1/1R4R1 w - - 0 35	h5g5 c5e6	1032	easy	cornerMate mate mateIn1 middlegame oneMove
WqQ33	r2r4/1pp1q1kQ/p1b1nNp1/2p1P3/8/2P5/P1P2P1P/3RR1K1 b - - 1 28	g7f8 h7g8	1033	easy	master mate mateIn1 middlegame oneMove
tt8jG	r1bq1k1r/2ppn1pn/p2P3p/1p6/Q1B5/5N2/PP3PPP/RN2K2R w KQ - 1 15	d6e7 d8e7 c4e2 b5a4	1033	easy	crushing opening short
wYOKP	r2qkb1r/1p2ppp1/p2p1n1p/2p1N3/P3P1b1/1BN5/1PPP1PPP/R1BQK2R b KQkq - 0 9	g4d1 b3f7	1033	easy	attackingF2F7 mate mateIn1 middlegame oneMove
jXNgC	r4rk1/ppqb1ppp/2n1p3/6N1/4N3/3Q4/PPP2PPP/1K1R3R b - - 0 16	c6e5 e4f6 g7f6 d3h7	1034	easy	discoveredAttack kingsideAttack mate mateIn2 middlegame sacrifice short
kNCx6	5rk1/pQ3ppp/4p2r/8/2p3q1/2N1P1N1/PP3PK1/R1B2R2 w - - 0 21	b7f3 g4h3 g2g1 h3h2	1034	easy	mate mateIn2 middlegame short
AFvFh	r2k4/p2n1p2/1p2p1p1/3pP2p/PB1P1P2/3K4/1P4PP/2R5 b - - 0 24	a8c8 b4e7 d8e7 c1c8	1035	easy	crushing deflection endgame short
Ak12r	6k1/1b3p2/2p1p1p1/p1q1P1Qp/1p5P/P2BP3/1PPr1PP1/4R1K1 w - - 0 23	e3e4 c5f2 g1h2 f2e1	1035	easy	crushing endgame fork short
ol0er	r1k3r1/1p3p2/2p5/2P3np/1P6/4P2P/1Q3PP1/3R2K1 w - - 2 29	b2e5 g5f3 g1f1 f3e5	1035	easy	advantage endgame master pin short
5evGD	3r1b1r/pkpq2pp/1p1p4/5p2/P2Q4/1P2P3/1BP2PPP/2KR3R b - - 0 14	h8g8 d4d5 c7c6 d5g8	1036	easy	advantage fork middlegame short
g7rne	8/6bk/6p1/2P1p3/KP1pP2p/3q3P/Q7/1R6 w - - 2 52	a2b3 d3a6	1036	easy	endgame mate mateIn1 oneMove
E6Tje	r3k1r1/ppp3pp/3p1q2/4nb2/3Q4/2N5/PPP2PPP/R1B2RK1 w q - 2 11	c3d5 e5f3 g2f3 f6d4	1037	easy	crushing discoveredAttack middlegame short
pYpt2	r1b1k2r/1pQ2ppp/p2P1nq1/4p3/8/2N2P2/PPn3PP/R1BK1B1R b kq - 1 13	c2a1 c7e7	1037	easy	mate mateIn1 oneMove opening
OGlVo	3q2k1/2pNr1pp/2Pnpp2/1pQp4/r2P4/P3P1P1/5PP1/R1R3K1 w - - 2 30	c1c3 d6e4 c5b5 e4c3	1038	easy	crushing fork middlegame short
RhkvS	1k2r3/1ppQ1ppp/1p6/4q3/1PP5/6P1/3N1P1P/2RK4 w - - 4 24	d2f3 e5e2	1038	easy	endgame mate mateIn1 oneMove
h4W7v	8/3Q2pk/P7/3P3p/6K1/1P4P1/4r2r/8 w - - 0 40	g4f3 h2f2	1038	easy	blindSwineMate endgame master mate mateIn1 oneMove queenRookEndgame
lC6eg	8/8/8/8/6p1/6K1/3R3p/6k1 b - - 7 58	h2h1q d2d1	1038	easy	endgame mate mateIn1 oneMove queenRookEndgame
sJqQW	8/4Rp2/ppk4P/2p3P1/2Kp4/7r/PPP5/8 w - - 5 36	e7f7 b6b5	1038	easy	endgame mate mateIn1 oneMove rookEndgame
RGwKM	3q1r2/1Q4pk/3b1p1p/3p4/n2P4/2rbBN2/P2N1PPP/R3R1K1 w - - 1 25	b7d5 d6h2 g1h2 d8d5	1039	easy	crushing discoveredAttack kingsideAttack middlegame short
syTiE	3r1k2/1p3p1p/3q2p1/8/8/5P2/PP2Q1P1/4R2K b - - 0 26	d6c6 e2e7 f8g7 e7d8	1039	easy	crushing endgame fork short
5BV2v	2r4k/6p1/p6p/1pq5/8/2PQ3P/P1P3P1/5R1K b - - 3 29	c5c3 f1f8 c8f8 d3c3	1040	easy	advantage deflection endgame short
MjC1l	2r5/1k1Q1ppp/1P2p3/3nP3/pp3P2/2n3P1/5K1P/8 b - - 10 36	b7b8 d7a7	1040	easy	endgame master mate mateIn1 oneMove
qQGrT	2kr3r/pppqbppp/4Pn2/8/2Q1PB2/2N2P2/PP3P1P/2KR3R b - - 0 13	d7e6 c4c7	1040	easy	mate mateIn1 middlegame oneMove queensideAttack
rh8LF	r2qkb1r/pp1npppp/5n2/2p1Nb2/Q1B5/2N1P3/PP1P1PPP/R1B1K2R b KQkq - 6 7	a7a6 c4f7	1040	easy	attackingF2F7 mate mateIn1 oneMove opening pin
zkJzW	1r2r1k1/Rb3pbp/1q3pp1/1p1P4/2B1P3/2P2N2/2Q2PPP/1R4K1 w - - 1 19	c4b5 b6a7 b5e8 b8e8	1040	easy	advantage middlegame short
ARdGP	3r1rk1/pp4pp/2p5/4Q1B1/3PN1q1/7b/PP3R2/R5K1 w - - 3 25	g1h2 f8f2 e4f2 g4g2	1041	easy	mate mateIn2 middlegame short
LnRFH	7r/1pp2pp1/p1p4p/8/2k5/2P1bPN1/PKP3PP/3R4 b - - 9 26	e3f4 d1d4 c4c5 d4f4	1042	easy	advantage endgame fork short
R2lCt	rqb2rk1/pp4bp/3Np1p1/2ppN3/8/3P4/PPP1Q1PP/R1B2RK1 b - - 0 15	f8f1 e2f1 b8d6 f1f7	1042	easy	advantage middlegame short
n3MN8	4r1k1/1p4pp/4P1b1/p1p5/2n2P2/P1B2K2/1P3R2/R7 w - - 1 33	f2e2 g6h5 f3f2 h5e2	1042	easy	advantage endgame short skewer
sdFMk	5q1k/6pp/3R4/1rp5/Q7/8/PrP2PPP/4R1K1 w - - 1 25	c2c4 f8f2 g1h1 f2e1	1042	easy	endgame fork mate mateIn2 short
Ehws4	3r3r/2pkp3/1p3n1p/1P4p1/3p1P2/1Qbq2P1/P2N1B1P/4R1K1 b - - 1 26	d3d2 b3e6 d7e8 e6e7	1043	easy	mate mateIn2 middlegame short
JIgJo	8/3k3p/8/1pK5/2p3PP/5P2/1B2b3/8 w - - 2 43	c5b5 c4c3 b5b4 c3b2	1043	easy	advancedPawn bishopEndgame crushing discoveredAttack discoveredCheck endgame short
XhWcx	6k1/6pp/p1n3p1/3p4/N2PnqP1/P6r/1P5K/R2Q1R2 w - - 0 28	h2h3 f4g3	1043	easy	master mate mateIn1 middlegame oneMove
Yzt7P	q4rk1/4pp1p/p1bb2p1/3n4/3Q4/1P3P2/P1P3PP/R1BR2K1 b - - 2 22	d5f4 c1f4 d6f4 d4f4	1043	easy	advantage middlegame short
LyRud	8/2k1pr2/1pp1N3/p1r5/6K1/1P2R2P/8/8 b - - 1 44	c7b7 e6d8 b7c7 d8f7	1044	easy	advantage endgame fork short
NqXBr	4kbnr/ppp2p2/2n4p/6p1/4BB1N/2N3P1/PPb2P1P/4R1K1 b k - 0 14	g5f4 e4c6 e8d8 e1e8	1044	easy	discoveredCheck doubleCheck mate mateIn2 middlegame operaMate short
dbFlx	r3n2k/2pb1qQ1/1p1p3P/p2Pn3/2P1Pp2/2N5/PP6/1K4RR b - - 4 29	e8g7 h6g7 h8g8 h1h8	1044	easy	advancedPawn discoveredCheck doubleCheck kingsideAttack master mate mateIn2 middlegame short
qkz3D	r3r1k1/p4pb1/3N2pp/q1pp4/4b3/4B3/P4QPP/R3R2K b - - 3 26	e8e6 f2f7 g8h8 f7e6	1044	easy	advantage fork middlegame short
lvKRN	r3brk1/4R2R/1q2p1B1/p1ppP3/8/2P1PN2/PPp2PP1/2K5 b - - 2 22	e8g6 e7g7	1045	easy	blindSwineMate mate mateIn1 middlegame oneMove
7Nq0g	1brk1r2/p2nR3/2pPB1p1/2p2bP1/1P2p3/4P3/PB6/5RK1 b - - 0 41	f8e8 e7d7	1046	easy	epauletteMate master masterVsMaster mate mateIn1 middlegame oneMove operaMate
MnJbl	r1b1nrk1/pp1n2b1/2p1p2p/q3P1p1/2PP2N1/6B1/PP4P1/R2QKBNR w KQ - 2 16	d1d2 f8f1 e1f1 a5d2	1046	easy	advantage deflection opening short
0cyHW	r3r3/5pkp/p3p1p1/1p1pQ2P/1P5q/2P5/2R2PP1/5RK1 b - - 2 32	h4f6 h5h6 g7f8 e5f6	1047	easy	crushing deflection endgame short
9Mgnt	8/p1r2p2/1kP2R2/3p4/P5r1/3K4/8/1R6 b - - 2 46	b6c5 b1b5	1047	easy	endgame master mate mateIn1 oneMove rookEndgame
Sbf5t	1R6/p3r1k1/1pb3pN/2pp2P1/8/2nB4/P5P1/6K1 b - - 3 34	c6b5 b8g8 g7h7 d3g6	1047	easy	endgame mate mateIn2 morphysMate short
UmOaG	1Qn3k1/1p1q1ppp/p7/3P4/8/5N1P/P4PP1/6K1 b - - 1 23	g8f8 f3e5 d7d5 b8c8	1047	easy	crushing endgame master short
kEKhm	r1bq1k1r/pp2b1pn/2p1N2p/4pP1Q/8/2N5/PPP3PP/R4RK1 b - - 3 16	c8e6 f5e6 e7f6 h5f7	1047	easy	discoveredAttack discoveredCheck mate mateIn2 middlegame short
osQSV	5k2/p4p1p/2b2qp1/8/8/4B2P/PPr2PP1/3R1RK1 b - - 3 22	f8g7 e3d4 f6d4 d1d4	1047	easy	advantage endgame pin short
qu4r9	8/5k1p/2p1r3/3n4/7P/6BK/2R3P1/8 w - - 3 38	h3g4 d5e3 g4f3 e3c2	1047	easy	crushing endgame fork master short
sgwSC	6k1/p4pp1/7p/3n4/3N4/3KPPP1/P1R3P1/1r6 w - - 1 31	e3e4 d5b4 d3d2 b4c2	1047	easy	crushing endgame fork master short
0yFAi	r2q1r2/p1p1R1pk/1p5p/5p1R/PPB3Qn/2PP3P/3B1P2/6K1 b - - 0 23	f5g4 h5h6	1048	easy	mate mateIn1 middlegame oneMove operaMate pillsburysMate pin
29uGN	r5k1/1p4pp/p2b3r/2pPp1q1/P1B1Ppb1/2N2Q1P/1P3P1K/R5R1 b - - 1 21	h6h3 f3h3 g4h3 g1g5	1048	easy	crushing middlegame short
H19lU	r1bqr1k1/pppn1pbp/3p2p1/4n3/2P2B2/2N1PN1P/PP2BPP1/R2Q1RK1 w - - 2 11	f4g5 e5f3 e2f3 d8g5	1048	easy	advantage kingsideAttack opening short
ndpKn	2r3k1/1p3pP1/p1b4p/P2p4/3N2P1/2P1r2P/1P4B1/5RK1 b - - 0 29	g8g7 d4f5 g7g8 f5e3	1048	easy	crushing endgame fork master short
qDqq8	r1bq1rk1/p3bppp/2p2n2/2p1p3/4P3/3P1N2/PPP3PP/RNBQ1RK1 w - - 0 10	f3e5 d8d4 g1h1 d4e5	1048	easy	advantage fork opening short
1Eo20	r3kb1r/pp1n1ppp/5n2/q1pN4/8/3P4/PPPB1PPP/R2QK2R b KQkq - 0 11	a5a6 d5c7 e8d8 c7a6	1049	easy	advantage fork opening short
5sxuH	1r3r2/1b1Rnpk1/p1n1B1pp/8/Pp2PN2/5N2/1PP2PPP/5RK1 b - - 0 17	f7e6 f4e6 g7g8 e6f8	1049	easy	advantage fork middlegame short
rYcr2	r1bq1rk1/p4ppp/8/2bPp3/8/3B4/PP3PPP/R1BQ1RK1 b - - 0 12	d8d5 d3h7 g8h7 d1d5	1049	easy	advantage discoveredAttack kingsideAttack middlegame short
byFUZ	r3kr2/b1p2Npp/p1np1q2/1p2p3/4PB2/1BPP3P/PP3PP1/R2QK2R w KQq - 1 15	f4g5 f6f2	1050	easy	attackingF2F7 mate mateIn1 middlegame oneMove
0aztU	r5k1/5p1p/4pQ2/2p5/2B5/q1nP4/P1P2PPP/1K1R3R w - - 3 21	b1a1 a3a2 c4a2 a8a2	1051	easy	arabianMate mate mateIn2 middlegame sacrifice short
9IEU6	5rk1/pp3ppp/4p1q1/3p1n2/1P6/P4N2/2r1B1PB/R3QR1K w - - 2 22	e2d3 g6g2	1051	easy	kingsideAttack mate mateIn1 middlegame oneMove
CyneX	r6k/pb4p1/1p1p3p/5q2/2P5/1P6/P3Q1PP/3RR1K1 w - - 0 28	d1d6 f5c5 g1h1 c5d6	1051	easy	advantage endgame fork short
jaOlz	2rn1rk1/pp1bb1pp/1q2pn2/3p2NQ/3P1N2/3B3P/PP3PP1/R1B1R1K1 b - - 4 16	f6h5 d3h7 g8h8 f4g6	1051	easy	kingsideAttack mate mateIn2 middlegame short
pGb5L	4r3/p1p5/6k1/3P2pp/4NnP1/4qPK1/PPP4P/R4Q2 w - - 0 32	a1e1 h5h4	1051	easy	endgame mate mateIn1 oneMove
0rNqZ	6k1/6p1/PN2p2p/3p4/3n2P1/b6P/5PK1/8 b - - 0 42	a3c5 a6a7 c5b6 a7a8q	1052	easy	advancedPawn advantage endgame promotion short
914pW	7r/4bpp1/7p/8/4n1P1/3rB3/PP2kPK1/2R2R2 b - - 5 34	e7g5 c1e1	1052	easy	blindSwineMate master mate mateIn1 middlegame oneMove pillsburysMate
E4DYC	1r5k/6pp/Q2brn2/4n2q/8/2P1B2B/P4PPP/R4RK1 w - - 0 24	h3e6 e5f3 g1h1 h5h2	1052	easy	mate mateIn2 middlegame short
Fk9ke	rnb1k2r/pp3ppp/2p2B2/3p4/3P4/2qB1N2/P1P2PPP/R2QK2R w KQkq - 0 10	d1d2 c3a1 e1e2 a1h1	1052	easy	advantage hangingPiece master middlegame short skewer
WzhNh	r3k2r/3p1ppp/p3p3/4Q3/4b1n1/5qP1/PPP4P/R1B1RBK1 w kq - 0 18	e5e4 f3f2 g1h1 f2h2	1052	easy	kingsideAttack mate mateIn2 middlegame short
hs79r	8/ppk3pp/1bpr3r/8/5P2/1B4P1/PPP3PN/R1B2R1K w - - 4 22	c2c3 h6h2 h1h2 d6h6	1052	easy	attraction kingsideAttack mate mateIn2 middlegame pillsburysMate sacrifice short
8T2mS	3kr2r/Nbpn2q1/Bp2p2b/3pP1p1/8/6P1/PPP1Q2P/1K1R4 b - - 2 24	b7a6 a7c6 d8c8 e2a6	1053	easy	intermezzo mate mateIn2 middlegame short
XgfmI	4k1r1/pb4pp/4pp2/8/2N2P2/4Q3/PPP5/2K1B2q b - - 2 33	h1e4 c4d6 e8d7 d6e4	1053	easy	crushing endgame fork master short
iOxM8	3r2k1/2R2p1p/p1K2Qp1/1p2p3/6P1/4qP1P/8/8 b - - 2 41	e3c3 c6b7 c3c7 b7c7	1053	easy	advantage endgame short
zSyyP	r1b4B/p1p4p/1pk5/2n5/3R4/8/P4PPP/4RK2 w - - 1 23	e1c1 c8a6 f1g1 a8h8	1053	easy	advantage discoveredAttack endgame short
3RsBn	1rbq1rk1/p2n1p1p/2p3p1/2pp1P2/6N1/1PQP1N2/P1P3PP/R4RK1 b - - 1 18	g6f5 g4h6	1054	easy	master mate mateIn1 middlegame oneMove
gDn27	3q2k1/7p/R1Q1p2r/3p1p2/3b1P2/8/3BB1PP/6K1 w - - 0 28	g1h1 h6h2 h1h2 d8h4	1054	easy	attraction mate mateIn2 middlegame sacrifice short
1Hcei	r4rk1/1p1Rb1pp/pq2pp2/8/6Q1/NPP5/1P3PPP/R5K1 b - - 1 19	e7a3 g4g7	1055	easy	kingsideAttack master masterVsMaster mate mateIn1 middlegame oneMove
9DTgK	1r4k1/5p1p/6pb/1N1q1P2/3P4/1R1Q4/5P1P/6K1 b - - 0 28	g6f5 d3g3 g8f8 g3b8	1055	easy	crushing endgame fork master short
VfHeX	r5k1/pp3ppp/3N4/8/1PPb2P1/P7/4rPP1/R4RK1 w - - 0 22	a1e1 d4f2 f1f2 e2e1	1055	easy	advantage deflection endgame fork short
b5EjJ	5k2/pp3p1p/2pbpn2/5p1q/2PP1P2/5PQ1/PP4N1/3R2K1 w - - 2 28	g1f2 f6e4 f3e4 h5d1	1055	easy	advantage endgame master short
fmEkc	4r1k1/ppN2p2/8/5p2/3n2b1/P7/1P3PPP/RB2rRK1 w - - 2 25	c7e8 d4e2 g1h1 e1f1	1055	easy	backRankMate deflection mate mateIn2 middlegame short
VGW16	r4rk1/1pp3pp/p2p4/2bPqp2/8/1P1B4/P1P2PPP/R2Q1R1K b - - 0 17	e5d5 d3c4 d5c4 b3c4	1056	easy	advantage middlegame pin short
b5WUU	r2k1br1/pppb2pp/3p1q2/5P1Q/3nP3/3P4/PPP3PP/RNB2RK1 b - - 2 11	d4c2 c1g5 f8e7 g5f6	1056	easy	advantage opening pin short
lT1c2	r1bqrk1Q/1pp3p1/2nbp1B1/p5p1/3P4/5N2/PPP2PPP/R4RK1 b - - 1 14	f8e7 h8g7	1056	easy	epauletteMate mate mateIn1 middlegame oneMove
2H5c1	2r2rk1/1pp2ppp/p2b4/3Pp3/4R3/P5Pq/1PP2P1P/R1BQ2K1 b - - 2 19	f7f5 e4h4 h3h4 g3h4	1057	easy	advantage middlegame short trappedPiece
9CleN	r1bq1r1k/p1p2ppB/1pn5/4P1N1/5P2/2P1p2P/P5P1/R2QK2R w KQ - 0 16	d1h5 d8d2 e1f1 d2f2	1057	easy	mate mateIn2 middlegame short
2sxqD	r1b2r1k/ppp1b1p1/4p3/6qp/3P1nN1/1NP4P/PP1QBPP1/R4RK1 w - - 0 17	g4e5 g5g2	1058	easy	kingsideAttack mate mateIn1 middlegame oneMove
jdkOH	5rk1/ppp3pp/2n5/4p3/4n3/2P2N2/PP1P2PP/RNB1b2K w - - 0 17	f3e1 f8f1	1058	easy	backRankMate mate mateIn1 middlegame oneMove
kdCYB	2r1kb1r/pp1bnppp/3p4/8/2B1N3/R3PN2/1P3PPP/4K2R b Kk - 0 16	c8c4 e4d6 e8d8 d6c4	1058	easy	advantage fork middlegame short
QU0VZ	r1bq1kr1/pppp2p1/1bn2nQB/5N2/4P3/8/PPP2PPP/RN2K2R b KQ - 0 11	c6e5 h6g7 g8g7 g6g7	1059	easy	crushing opening short
boemB	r1b2rk1/pp3Qpp/2n2b2/q7/2B5/5N2/PP3PPP/R1B1R1K1 b - - 0 14	f8f7 e1e8	1059	easy	mate mateIn1 middlegame oneMove pin
p9VZv	2k5/p1p4p/1p4pb/3Pp2P/4B3/P4QPK/1q2b3/3R4 w - - 5 34	f3f2 e2g4 h3g4 b2f2	1059	easy	crushing discoveredAttack endgame short
Gik3t	rnb3k1/pp4pp/2pb3r/3p1p2/3PnP2/2NBPN2/PP3qPP/R1BQR2K w - - 5 15	e1f1 e4g3	1060	easy	mate mateIn1 oneMove opening pin
MEJNX	2r1k2r/3p1ppp/p1b1p3/1pb1Pn2/P4P1q/2N5/1PP1B1PP/R1BQ1R1K w k - 3 14	a4b5 f5g3	1060	easy	mate mateIn1 middlegame oneMove pin
N5AeA	5r1k/7p/p5p1/1p6/1P6/P1b4q/2R3R1/3Q3K w - - 2 37	g2h2 f8f1 d1f1 h3f1	1060	easy	endgame fork mate mateIn2 short
mEQBG	4rr2/1p3p1k/pq5p/2bp1N2/8/7Q/PPP1RPP1/R5K1 w - - 2 24	a1e1 c5f2 e2f2 e8e1	1060	easy	advantage deflection fork middlegame short
uA7D7	6k1/pp3ppp/8/1PPp4/2n5/2Pq4/R1Q1rPPP/6K1 w - - 0 24	c2e2 d3b1 e2f1 b1a2	1060	easy	advantage deflection endgame short
0cw5p	2r2rk1/1b2qpp1/pp6/3p2R1/3p1n2/P1P5/1PQ1B2P/6RK b - - 0 28	d4c3 g5g7 g8h8 g7h7	1061	easy	kingsideAttack mate mateIn2 middlegame short
0oWXA	r1b2rk1/ppp2ppp/3p1n2/2q5/4P3/2N2Q2/PPP2PPP/2KR1B1R w - - 0 11	h2h4 c8g4 f3f4 g4d1	1061	easy	advantage middlegame short skewer
Gsfpi	8/5pkp/B1pp2p1/3qn1Q1/8/8/P4PPP/1R4K1 w - - 1 30	a6f1 e5f3 g2f3 d5g5	1061	easy	advantage discoveredAttack endgame short
oHjO8	r1b2b1r/ppBnkBpp/2p5/4p1N1/4Np2/4n3/PPPK2PP/5R1R b - - 5 16	h7h6 c7d6 e7d8 g5e6	1061	easy	mate mateIn2 middlegame short
oXuzw	4R3/6kp/5np1/2pp1p2/Pp3q2/1P3PNP/6Q1/6K1 b - - 0 37	f6e8 g3h5 g7f8 h5f4	1061	easy	crushing endgame master pin short
2LGEJ	5k2/p4p2/1bQ4p/8/5Pp1/1P4P1/3r2KP/8 w - - 2 32	g2h1 d2d1 h1g2 d1g1	1062	easy	endgame master mate mateIn2 operaMate short
lk1br	r1bq1rk1/pp2bppp/3p1n2/4p1B1/2BpP3/2NP3P/PPPQ1PP1/R3K2R w KQ - 0 10	c3d5 f6d5 c4d5 e7g5	1062	easy	crushing discoveredAttack master middlegame short
8A4rj	2k4r/ppp1ppb1/6p1/1P2q3/2Pr2p1/P2PB3/5PPP/1R1Q1RK1 w - - 2 17	e3d4 e5h2	1063	easy	kingsideAttack mate mateIn1 middlegame oneMove
DVPl4	r1b1k2r/ppp1np1p/1bnp1Np1/4p3/1PB1P3/3P1N2/P1P2PPP/R1B1K2R b KQkq - 2 10	e8f8 c1h6	1063	easy	master mate mateIn1 oneMove opening
QdVq2	4kr1Q/pb2b1Q1/1p2p3/4P3/3Pp3/2P1B3/1PB4R/q5K1 w - - 1 30	g1g2 a1f1 g2g3 f1f3	1063	easy	mate mateIn2 middlegame short
iuEf1	r1b1k3/ppB1p1r1/2p1pbNp/2n2Pp1/2B5/4R3/P1P3PP/3R2K1 b q - 2 21	e6f5 d1d8	1063	easy	mate mateIn1 middlegame oneMove operaMate pillsburysMate
wUSpo	rnb1r1k1/pp3ppp/2p2n1q/3p4/3P2N1/2NB2PP/PP3P2/R2QR1K1 b - - 2 15	f6g4 e1e8	1063	easy	hangingPiece kingsideAttack mate mateIn1 oneMove opening
G3Yen	6rk/8/8/4Q3/4b1r1/P7/1PP3PK/8 b - - 1 37	h8h7 e5h5 h7g7 h5g4	1064	easy	crushing endgame interference short
OnVb9	r2q1rk1/p3ppbp/1p1p2p1/6B1/2Pp2BP/4P3/PQ1NKPbR/R5N1 w - - 0 16	h2g2 d4d3 e2d3 g7b2	1064	easy	advantage discoveredAttack middlegame short
QbrwA	r1bqr3/pp2kpbp/2nppnp1/8/3P4/BPN2NP1/P3PPBP/R2QK2R w KQ - 0 11	c3b5 d8a5 d1d2 a5b5	1064	easy	advantage fork opening short
YQG9O	r2q1rk1/1pp3pp/p7/4p3/1b6/2N2P2/PP2QP1P/R4RK1 b - - 1 18	f8f6 e2c4 g8h8 c4b4	1064	easy	advantage fork middlegame short
9nqIn	8/8/R5p1/8/3k3P/8/7r/2K5 b - - 0 52	h2h4 a6a4 d4d5 a4h4	1065	easy	crushing endgame rookEndgame short skewer
PFf84	r4rk1/1pp2ppp/pb1pq3/8/4PPn1/1P4P1/P3N1BK/RNBQ1R2 w - - 0 16	h2h1 e6h6 g2h3 h6h3	1065	easy	kingsideAttack mate mateIn2 middlegame short
cC4j9	8/8/p7/8/3n2k1/P3R1B1/6r1/4K3 w - - 0 54	g3e5 d4c2 e1d1 c2e3	1065	easy	crushing endgame fork master short
8s0jI	2k5/1p5p/1Bb1p3/4rp2/p1B3p1/8/5PPP/1R3K2 w - - 0 31	b1e1 c6g2 f1g2 e5e1	1066	easy	crushing deflection endgame short
91ce8	3rr3/pp3kpp/2n5/2p1p3/4N3/2P1nPB1/Pq4PP/1R1Q1R1K w - - 0 23	d1d8 b2g2	1066	easy	kingsideAttack master mate mateIn1 middlegame oneMove
bWRON	4r1k1/q4ppp/p5P1/3b4/7Q/4R3/P5rP/4RK2 b - - 1 36	e8e3 h4d8 e3e8 d8e8	1066	easy	endgame fork mate mateIn2 short
HFFri	r4rk1/ppp2ppp/5n2/8/6b1/P3PqN1/1P1P1P1P/R1B1KQ1R w KQ - 3 17	h2h3 f3d1	1067	easy	master mate mateIn1 middlegame oneMove
lKsyD	4r2r/k6p/p1PQ4/qppNn1P1/7P/P6B/1PP2P2/2KR4 w - - 3 28	d1e1 a5e1	1067	easy	hangingPiece master mate mateIn1 middlegame oneMove
zZZAy	3r4/pp2R3/3r4/2pN1kpp/2P2p2/1P5P/P4K2/5B2 b - - 3 37	d8d7 f1d3	1067	easy	endgame mate mateIn1 morphysMate oneMove
4nfYN	Q4nkR/p4pp1/8/6N1/q1P5/4p1P1/1P3rP1/6K1 b - - 3 30	g8h8 a8f8	1068	easy	endgame hangingPiece master mate mateIn1 oneMove
UOCP0	6k1/1pp2pp1/1p1p3p/1P6/8/1BPn1N2/P4qPP/R2Qr2K w - - 2 21	f3e1 f2f1	1068	easy	endgame mate mateIn1 oneMove
gm51c	6k1/6p1/8/5QP1/7P/5p1K/PP2q3/8 w - - 4 53	g5g6 e2g2	1068	easy	endgame mate mateIn1 oneMove queenEndgame
9MsYs	3r1R2/p5Q1/1p1kp3/3p4/1Pr5/5P2/P1B2q1P/7K b - - 0 33	c4c2 f8d8 d6c6 g7d7	1069	easy	endgame hangingPiece mate mateIn2 short
Wr1is	r4rk1/ppp1nppp/8/n2P2Nb/2B1Nq2/3Q4/P4PPP/R4RK1 b - - 2 17	a5c4 e4f6 g7f6 d3h7	1069	easy	discoveredAttack kingsideAttack mate mateIn2 middlegame sacrifice short
ekZ0k	8/p2kpn2/6N1/5P1p/P2bP3/1Pn2PKP/8/4R3 w - - 0 37	g3h4 d4f2 h4h5 f2e1	1069	easy	advantage endgame fork short
fdpTC	2rr2k1/1p3pbp/p5p1/q2B4/5B2/P2Q3P/1PP3P1/4RR1K b - - 0 21	a5d5 e1e8 d8e8 d3d5	1069	easy	crushing deflection master middlegame short
mXxhH	8/3k4/1p3r2/pRP5/5p1r/5R1P/1P5K/8 b - - 0 45	d7c6 b5b6 c6c5 b6f6	1069	easy	crushing endgame rookEndgame short skewer
y3aLb	r2qk2r/p2bbppp/2n2n2/1B6/N2p4/P4N2/1PP2PPP/R1BQ1RK1 w kq - 1 12	f3d4 c6d4 b5d7 d8d7	1069	easy	advantage opening short
1BgNs	1r3r2/1p4kp/pq3bp1/5p2/1PBP1N2/P2Q4/6PP/5R1K b - - 0 31	b6d4 f4e6 g7h8 e6d4	1070	easy	crushing fork middlegame short
Wf3oy	r1b4r/pp1k1ppp/2n5/2bNP3/4nB2/8/PPP1PPPP/R3KBNR w KQ - 1 9	a1d1 c5f2	1070	easy	attackingF2F7 mate mateIn1 middlegame oneMove
Azuxh	6k1/5p2/2p3pQ/p1Pp4/P2P3K/4PqP1/7P/8 w - - 0 47	h6f4 f3h5	1071	easy	endgame mate mateIn1 oneMove queenEndgame
NTYia	8/8/7P/5Rp1/3k2P1/3qP3/6K1/8 b - - 0 67	d4e3 f5f3 e3d2 f3d3	1071	easy	crushing endgame master queenRookEndgame short skewer
SebfC	2r1N2r/pp4k1/3b3p/5b2/3Q4/5q2/PPP2P1P/2K5 b - - 1 29	g7h7 d4g7	1071	easy	epauletteMate master mate mateIn1 middlegame oneMove
bgNaw	6k1/6pp/3B4/3R4/P4p2/1P3PnP/6P1/r5K1 w - - 3 38	g1f2 a1f1	1071	easy	endgame hookMate mate mateIn1 oneMove
8jnko	r1b2k1r/p5bp/2pNp1p1/2p5/1pP2P2/1q1BQ2P/6P1/2R2RK1 w - - 0 22	d6c8 g7d4 e3d4 c5d4	1072	easy	crushing middlegame pin short
YPyLp	rn1q1rk1/1b4pp/1p6/p1bP4/3p4/2P3P1/P1QN2BP/R1B1R1K1 w - - 1 17	d2b3 d4d3 b3c5 d3c2	1072	easy	advancedPawn crushing discoveredAttack discoveredCheck master opening short
tlLUH	6k1/1Q3pp1/p2rq2p/3n4/2p5/4N1P1/P4P1P/3R2K1 b - - 3 31	d5e3 b7b8 g8h7 d1d6	1072	easy	advantage endgame short
5EnUj	r7/8/1R5p/5pk1/p2ppN2/K5P1/7P/8 b - - 1 45	d4d3 b6g6	1073	easy	endgame hookMate mate mateIn1 oneMove
9KDd9	r1bqk1r1/pp1pbQp1/4P3/4n3/2B1N3/8/PP3P2/R2R2K1 b q - 1 20	e5f7 e6f7 e8f8 f7g8q	1073	easy	advancedPawn attackingF2F7 fork mate mateIn2 middlegame promotion short
AWqHC	5bk1/3R4/p2p4/1p1q4/PP6/5p1P/8/2R2B1K b - - 0 42	b5a4 f1c4 d5c4 c1c4	1073	easy	crushing endgame master pin short
G24LN	6k1/1p3pp1/2pb3p/p2p3Q/3P4/5N1P/PPP1qPP1/6K1 w - - 3 24	h5f5 e2d1 f3e1 d1e1	1074	easy	endgame kingsideAttack mate mateIn2 short
UMgNB	r1bkqb1r/pppp3p/5Q2/4N3/4P3/8/PP1P1PPP/n1BK3R b - - 0 12	f8e7 e5f7 e8f7 f6f7	1074	easy	advantage fork middlegame short
kgd05	2r3k1/pp3p2/4n2p/3pP1q1/7p/2r4Q/P1R2PPB/2R3K1 w - - 0 27	c2c3 g5c1 c3c1 c8c1	1074	easy	backRankMate mate mateIn2 middlegame short xRayAttack
wpQLc	3r2k1/pp3pp1/2b2q1p/5R1Q/3p4/3P2RP/PP3PPK/4r3 b - - 8 22	f6d6 h5f7 g8h8 f7g7	1074	easy	kingsideAttack mate mateIn2 middlegame short
6PpB1	r1b4k/ppp2q1p/2n1p3/4N3/2pP3Q/6R1/PPP2PP1/2K5 b - - 7 20	c6e5 h4d8 f7e8 d8e8	1075	easy	endgame kingsideAttack mate mateIn2 short
YDsLD	6k1/p2qRp2/1pp2Qpp/3p4/P1nP4/5BPP/3r1P2/6K1 b - - 5 35	d7f5 e7e8 g8h7 e8h8	1075	easy	endgame killBoxMate kingsideAttack mate mateIn2 short
7lIaK	3Q4/8/6p1/4ppk1/7p/5PqP/6P1/7K b - - 7 55	g5f4 d8d2	1076	easy	endgame mate mateIn1 oneMove queenEndgame
Y47lQ	3r1k1r/ppp3pp/4Q3/8/7q/6b1/PPP1RPPP/R1B3K1 w - - 1 18	c1e3 h4h2 g1f1 h2h1	1076	easy	kingsideAttack mate mateIn2 middlegame short
cy9Yh	8/2PB2k1/3B2pp/4pp2/8/5n2/2r5/7K w - - 1 47	c7c8q c2h2	1076	easy	arabianMate endgame mate mateIn1 oneMove
eKJfE	r5rk/ppp2ppn/2q2Q1R/4P3/5P2/3B4/P1P4K/6R1 b - - 0 26	c6f6 h6h7	1076	easy	master mate mateIn1 middlegame oneMove
fMpkf	r1bq2k1/4b3/2p1p1PQ/1p2Np2/p2P2p1/8/PPP2P2/1K1R4 b - - 0 21	e7f6 h6h7 g8f8 h7f7	1076	easy	kingsideAttack mate mateIn2 middlegame short
nJLs9	1r4r1/pp5k/2pp1Q1R/5N2/1P1PPq1p/2P2p2/1P3P1P/7K b - - 4 42	f4h6 f6h6	1076	easy	endgame mate mateIn1 oneMove
uePBa	6k1/pb4p1/3BR2p/2p5/P1P5/1n3P2/5KPP/1r6 b - - 0 31	g8f7 e6e7 f7f6 e7b7	1076	easy	advantage endgame fork short
vgyrJ	r2qkbnr/ppp2Bpp/3p4/4N3/4Pp2/2N5/PPP2PPP/R1BbK2R b KQkq - 1 9	e8e7 c3d5	1076	easy	mate mateIn1 oneMove opening
JrwQW	2r1r1k1/pp3pp1/2nb3B/3pp2n/3P3q/1BP2P1P/PP1Q1P2/RN4RK w - - 1 18	d2g5 h4h3	1077	easy	kingsideAttack mate mateIn1 middlegame oneMove
XAJVO	2Q1q1k1/p1p3pp/2p5/8/8/8/PPP3PP/4rRK1 w - - 3 22	c8c7 e8e3 g1h1 e1f1	1077	easy	backRankMate deflection endgame mate mateIn2 short
mA2en	r2qk3/1p2n2p/p2p1Qp1/2p5/P1B1P3/3P4/1P4PP/1R5K b q - 0 25	e7c6 f6f7	1077	easy	endgame mate mateIn1 oneMove
qjiy9	5Q2/7k/p3B1q1/2rP2P1/8/P3nPRK/7P/3r4 w - - 3 43	f8c5 g6h5	1077	easy	anastasiaMate endgame mate mateIn1 oneMove
HqJsa	2r1k2r/pp2bpqp/4p3/3pP3/3n4/3B3P/PP3QPN/R1B3K1 w k - 0 21	f2d4 e7c5 d4c5 c8c5	1078	easy	crushing middlegame pin short
Pz8ke	2n3k1/1p3p2/p3q1p1/3p4/5P2/1PP1r2P/3Q2P1/1B1R1K2 w - - 1 31	d2d5 e3e1 d1e1 e6d5	1078	easy	advantage deflection endgame master short
Sw7sl	8/8/R3bpp1/4k3/4PPP1/6K1/8/2r5 b - - 0 43	e5e4 a6e6 e4d5 e6f6	1078	easy	advantage endgame hangingPiece short
ah9oJ	8/1R2kpp1/7p/p1p1P3/4KP2/6P1/P1r4P/8 b - - 3 34	e7e6 f4f5	1078	easy	endgame mate mateIn1 oneMove rookEndgame
dDX2x	r1b2rk1/5ppp/p2q4/1pp2PQ1/2Pp2P1/P2P4/1P2B2P/R4RK1 b - - 1 19	c8b7 f5f6 d6f6 f1f6	1079	easy	crushing middlegame pin short
plTN5	2r1r1k1/ppq1bp1p/2p1p1nQ/5p1N/1PPP4/P4B1P/5PP1/3RR1K1 b - - 5 24	e7f8 h5f6 g8h8 h6h7	1079	easy	fork mate mateIn2 middlegame short
zccF2	r2qkbnr/pppb1p1p/3p2p1/3N4/4P3/4BP2/PPP2P1P/R2QKB1R b KQkq - 3 11	g8e7 d5f6	1079	easy	mate mateIn1 oneMove opening smotheredMate
PllxE	r2q1rk1/3bb1pp/4pn2/n1ppN1N1/8/3B4/P1Q2PPP/R1B2RK1 b - - 1 19	c5c4 d3h7 f6h7 c2h7	1080	easy	kingsideAttack mate mateIn2 opening short
WlhGL	8/2q5/r6k/P4Q1P/3P4/1BP5/KP6/8 w - - 5 44	b3f7 a6a5 f5a5 c7a5	1080	easy	crushing endgame fork short
uYCLg	2r3R1/p4Q1p/3kp3/8/2q1P3/8/1P3P1P/7K w - - 1 37	g8c8 c4f1	1080	easy	endgame mate mateIn1 oneMove
ng4Ku	rnb1kb1r/ppq2ppp/2pp4/4n1P1/4P3/3BB3/PPP1NP1P/RN1QK2R w KQkq - 0 9	b1c3 e5f3 e1f1 c8h3	1081	easy	mate mateIn2 opening short
sfTCa	rn1qk1nr/ppp2ppp/3b4/7b/8/5N1P/PPP1PPP1/RNBQKB1R w KQkq - 1 6	d1d5 d6b4 d5d2 b4d2	1081	easy	crushing master opening short
vO1MZ	rnbqk2r/pp2bppp/3ppn2/6B1/3N4/4P3/PPP2PPP/RN1QKB1R w KQkq - 2 7	f1d3 d8a5 b1c3 a5g5	1081	easy	advantage fork opening short
3qwBM	r1bk4/2p3pp/p7/1p2p3/4n3/1BP1P3/PP4PP/RN3K2 b - - 0 16	d8e7 b3d5 c8b7 d5b7	1082	easy	advantage endgame fork master short
9RBlj	r2k1bR1/pp1n4/2pQ4/1P2p3/2P1P3/2K5/PB1Pb3/3q4 b - - 0 29	c6b5 g8f8	1082	easy	killBoxMate mate mateIn1 middlegame oneMove pin
LMkye	1r4k1/5pp1/p6p/3p4/R2Q2P1/2P1PP2/2pK2P1/1r6 w - - 2 41	d2c2 b8b2 c2d3 b1d1	1082	easy	endgame epauletteMate mate mateIn2 queenRookEndgame short
SB9By	r2qkb1r/pp2pppp/3p1n2/2p1N2b/2B1P3/2P4P/PP1PQPP1/RNB2RK1 b kq - 0 8	h5e2 c4f7	1082	easy	attackingF2F7 mate mateIn1 oneMove opening
WBYoD	r1b2rk1/ppp1b1pp/2n1Pp2/1N1q4/8/4BN2/PPP1Q1PP/R2R2K1 b - - 7 18	d5e6 b5c7 e6f7 c7a8	1082	easy	crushing fork middlegame short
Xa06V	r2q1rk1/5pp1/2b4p/p1p2N2/4P3/1P1B4/P4PPP/Q4RK1 b - - 2 18	d8d3 a1g7	1082	easy	kingsideAttack mate mateIn1 middlegame oneMove
HYvQl	r1bqrk1Q/pp4p1/2nbpnB1/3p4/3P1P2/1PP5/PB1N2PP/R4RK1 b - - 4 17	f8e7 h8g7	1083	easy	epauletteMate mate mateIn1 middlegame oneMove
2qfhK	2r2k2/2b1Rp2/1p6/p7/3p1PKQ/P2N4/1PP3q1/8 w - - 3 45	g4f5 g2g6	1084	easy	endgame master mate mateIn1 oneMove
ERwz7	r3r1k1/1bR3pp/1p3p2/3p3Q/P2q4/7P/6P1/5R1K b - - 0 23	b7a6 h5f7 g8h8 f7g7	1084	easy	mate mateIn2 middlegame short
Fy8DH	r4rk1/p1q2pp1/2pbb2p/1N2p3/8/4QNP1/PP4PP/2R2RK1 b - - 0 18	c7b6 e3b6 a7b6 b5d6	1084	easy	advantage middlegame short
OHB1E	1q4k1/5ppp/2r2n2/3Np3/1P2P1P1/7P/1KP1Q3/r2R3R b - - 3 27	a1d1 d5e7 g8f8 e7c6	1084	easy	advantage fork middlegame short
Pt0P7	rn1qkbnr/1b2pppp/p7/1p1N4/2p1PB2/5N2/PP3PPP/R2QKB1R b KQkq - 0 8	e7e6 d5c7 d8c7 f4c7	1084	easy	advantage fork opening short
cF3y9	r2qr3/pp2k2p/2np2p1/2pQ1P2/3b4/8/PPPP2PP/R1B2R1K b - - 2 16	e8f8 d5e6	1084	easy	mate mateIn1 middlegame oneMove swallowstailMate
9KHZL	7r/R7/4pk2/2P1R3/3P4/2P2prP/P5PK/8 w - - 0 33	g2f3 h8h3	1085	easy	blindSwineMate endgame mate mateIn1 oneMove rookEndgame
YILWg	8/1P3p2/6pk/2pB4/2Pb4/4qPPp/Q6P/5K2 w - - 5 58	a2f2 e3f2	1085	easy	endgame mate mateIn1 oneMove
qaxgX	8/2pk1p2/1p6/1P1Pp3/8/2Q5/1PP2qr1/1K1R4 b - - 1 33	f2c5 c3h3 d7d8 h3g2	1085	easy	crushing endgame fork master short
qvv8f	8/5p2/6p1/5k1p/5P2/4RK1P/3r2P1/8 b - - 5 40	f7f6 g2g4 h5g4 h3g4	1085	easy	endgame mate mateIn2 rookEndgame short
zOWcP	3r1r2/1Q3pk1/p1p1p1p1/4P3/P3N2p/2q5/6PP/3RR2K w - - 2 28	d1d8 c3e1	1085	easy	backRankMate endgame hangingPiece mate mateIn1 oneMove
2IyXo	2R2bnr/k5pp/1p6/1p2p3/8/4BP2/PP2KNqP/3R4 b - - 1 28	f8c5 d1d7 a7a6 c8a8	1086	easy	mate mateIn2 middlegame short
6Lfi9	8/6p1/B7/2p2kP1/8/P1K2b2/8/8 w - - 0 53	c3c4 f3e2 c4c5 e2a6	1086	easy	bishopEndgame crushing endgame short skewer
IONHo	r3k2r/pp3ppp/2n1pn2/3p2Bb/N7/3P1NqP/PP2P1B1/2RQ1RK1 w kq - 0 14	a4c5 h5f3 e2f3 g3g5	1086	easy	advantage capturingDefender middlegame short
JEVwq	6n1/ppk5/2p5/4R3/2N5/8/PPP3rr/2KR4 w - - 2 27	d1f1 g2c2 c1b1 c2c4	1086	easy	advantage endgame fork short
K9qwe	r1b2rk1/pp3pp1/1qn1pn1p/3p4/3P2N1/P1NQ4/2B2PPP/R4RK1 b - - 3 19	b6d4 g4f6 d4f6 d3h7	1086	easy	kingsideAttack mate mateIn2 middlegame short
ENK8J	r1b4r/pp4k1/2p3p1/3pp3/5p2/2PP1Pn1/PP2PRB1/R3QNKq w - - 2 24	g2h1 h8h1 g1g2 c8h3	1087	easy	kingsideAttack mate mateIn2 middlegame short
TjrNW	4k3/6R1/3B4/3n1P2/P5K1/1r5p/8/8 w - - 0 52	g7h7 d5f6 g4h4 f6h7	1087	easy	crushing endgame fork master short
jVaNl	rnb2rk1/ppp2ppp/8/2bqP3/4n3/3BPN2/PP1B1PPP/RN1QK2R w KQ - 0 9	b1c3 d5d3 c3e4 d3e4	1087	easy	crushing hangingPiece master opening short
mNsAy	2Q5/kp1R1pp1/p3p2q/8/2P3p1/6P1/PP3bPN/4rK2 w - - 2 34	f1f2 h6e3	1087	easy	endgame mate mateIn1 oneMove triangleMate
4HDuP	1rQk1b1r/pP1Bpppp/3p1n2/2pP4/4P3/8/PP3P1P/RNB1K2b b Q - 4 14	b8c8 b7c8q	1088	easy	advancedPawn mate mateIn1 middlegame oneMove promotion
7oDN3	8/p5r1/1p3Q1k/2p4r/2P1p2P/1P5K/P3P3/8 b - - 1 57	g7g6 f6h8	1088	easy	endgame mate mateIn1 oneMove queenRookEndgame
QUkSi	r4rk1/1bq1bppp/p3p3/1p2P3/3NB3/4Q3/PPP3PP/R4R1K b - - 0 18	c7e5 e4h7 g8h7 e3e5	1088	easy	advantage discoveredAttack kingsideAttack middlegame short
VgvTw	1B6/6p1/p4pk1/5b2/2R3p1/1P4RP/P4nPK/4r3 w - - 6 41	h3g4 e1h1	1088	easy	endgame master mate mateIn1 oneMove
sEeVc	7k/R7/6Kp/7P/8/8/8/7r b - - 17 68	h1d1 a7a8 d1d8 a8d8	1088	easy	endgame mate mateIn2 rookEndgame short
VzUma	r3k1r1/3Rnp2/pp2p3/8/2P4Q/P1P2qP1/5P2/3R2K1 b q - 0 26	e7f5 d7d8 a8d8 h4d8	1089	easy	mate mateIn2 middlegame short
WJgoh	2r1kb1r/p4pPp/1p6/1N1p1q2/8/1Q6/PP2PPbP/R3K2R b KQk - 0 15	f8g7 b5d6 e8d8 d6f5	1089	easy	crushing fork middlegame short
mT7p3	r3k3/pp1b4/1q2p1p1/3pBnPr/7p/2NP4/PP4PP/1R2QR1K w q - 4 21	e5f6 f5g3 e1g3 h4g3	1089	easy	advantage kingsideAttack master middlegame pin short
meVYZ	4k3/2R5/3P1p2/p4b2/5r2/8/P5PP/6K1 b - - 0 33	f5e6 c7e7 e8d8 e7e6	1089	easy	advantage endgame fork short
16TCH	r1b2q1k/5Pp1/2p2n1p/p2p1pN1/1p1P1P1P/8/PPP1Q1P1/R4K1R w - - 0 23	a1e1 c8a6 e2a6 a8a6	1090	easy	advantage middlegame pin short
HH5AL	1R4k1/4qp1p/2r1p1pP/2p1P3/p2p1RN1/P1rP2P1/5P2/6K1 b - - 1 39	e7f8 g4f6 g8h8 b8f8	1090	easy	endgame kingsideAttack mate mateIn2 pin short
P7ybY	2k3r1/ppqr4/2n2p2/2Ppn3/P2N3p/1Q2B2P/5PP1/1R3RK1 w - - 3 25	d4e6 e5f3 g1h1 c7h2	1090	easy	kingsideAttack mate mateIn2 middlegame pin short
RZD9q	r1b1rnk1/1pq2p2/p2p2pb/2pPp3/4P1N1/2PB2P1/PP3P2/R1BQR1K1 b - - 1 21	h6c1 g4f6 g8g7 f6e8	1090	easy	crushing fork middlegame short
sphn1	r4rk1/ppq1ppbp/2npbnp1/3N4/4P3/1N2B2P/PPPQBPP1/2KR3R b - - 6 12	f6d5 e4d5 e6d5 d2d5	1090	easy	advantage fork middlegame short
63Dx5	r2q1rk1/pb1n1ppp/1p1ppn2/2p5/2PP1B2/P3PN2/1P1QBPPP/R4RK1 w - - 0 11	f4d6 f6e4 d2d3 e4d6	1091	easy	advantage fork middlegame short
AtsdN	6rk/1p4p1/p1p1R2p/3rBp2/1P1P4/5PK1/P1Qq3P/8 b - - 6 38	d2c2 e6h6	1091	easy	endgame mate mateIn1 oneMove pin
EAAQg	8/pp4pk/4Q2p/5p2/3PnP2/4nR2/1q4PP/5BK1 w - - 2 29	f3e3 b2f2 g1h1 f2f1	1091	easy	deflection endgame fork mate mateIn2 short
NOmrL	5b2/7p/2KpR1p1/2pP1pkP/8/8/5P2/8 w - - 5 48	e6d6 f8d6 c6d6 c5c4	1091	easy	advantage defensiveMove endgame short
dxRq9	3rR1k1/1Q4p1/5bBp/p2p4/2pP4/2q2N2/5PPP/6K1 b - - 4 29	d8e8 b7f7 g8h8 f7e8	1091	easy	endgame fork mate mateIn2 short
0fwoo	8/5p1p/p2Qp3/8/4k3/2p2PP1/P5K1/2q5 b - - 0 46	e4e3 d6f4 e3d3 f4c1	1092	easy	crushing endgame queenEndgame short skewer
HVkWp	4r3/R3b2p/2p2npk/1p3p2/4pP2/1BB5/PPP3PP/6K1 w - - 2 25	b3f7 e7c5 g1f1 c5a7	1092	easy	advantage endgame fork short
LYv0V	2r2r2/3b1pk1/p3pqp1/1p1p4/8/3BQ1P1/P1P2PK1/R6R b - - 4 25	d7c6 e3h6 g7g8 h6h7	1092	easy	mate mateIn2 middlegame short
RTQJf	r3r1k1/5p2/p1b4Q/Pp4N1/2pP4/2P1qP2/6PP/R2B1n1K b - - 4 32	e3e1 h6h7 g8f8 h7f7	1092	easy	kingsideAttack mate mateIn2 middlegame short
YRvvi	5r2/p5Np/1pp5/4n3/2PR2k1/P7/1P4P1/6K1 b - - 2 37	g4g3 g7h5	1092	easy	cornerMate endgame mate mateIn1 oneMove
c4R2u	5rk1/4bppp/p7/1p2p1P1/4B3/Pbq2P2/2P3QP/1KBR4 w - - 0 24	c2b3 c3b3 g2b2 b3d1	1092	easy	crushing fork middlegame short
1apEZ	8/8/p5p1/6k1/5Q2/6K1/q6P/8 b - - 11 54	g5h5 f4h4	1093	easy	endgame mate mateIn1 oneMove queenEndgame
482c3	1k4r1/p1Q5/1p6/2bP3q/2P2BP1/6K1/PP4P1/8 b - - 0 36	b8a8 c7c6	1093	easy	endgame mate mateIn1 oneMove
CUoXp	6k1/pp2p2p/2P3p1/8/2PP4/1P5P/q3Br2/1R1Q3K w - - 1 29	e2f3 f2h2 h1g1 a2f2	1093	easy	endgame mate mateIn2 short triangleMate
P8nDW	8/R5p1/4pk1p/2p5/P2bBPPP/2r5/6K1/8 b - - 2 40	c3e3 g4g5 h6g5 h4g5	1093	easy	endgame master mate mateIn2 short
Pj2jb	8/1p5q/3p2R1/2p1kP2/8/5K2/1P4R1/8 b - - 0 48	e5f5 g2g5	1093	easy	blindSwineMate endgame mate mateIn1 oneMove queenRookEndgame
QnUsz	r4rk1/pb3ppp/1p2pn2/6B1/1bB3q1/2N5/PP2QPPP/3R1RK1 w - - 2 15	g5f6 g4g2	1093	easy	kingsideAttack mate mateIn1 middlegame oneMove
YEBnM	r4rk1/pp3p1p/2b1p1p1/1N3nB1/3b4/P5qP/BP2QPP1/R4RK1 w - - 9 19	b5d4 g3g2	1093	easy	kingsideAttack mate mateIn1 middlegame oneMove
8AF21	r2qkr2/pp1b2b1/2n1p1p1/2ppPnNp/7P/2PB2Q1/PP3PP1/RNB1R1K1 w q - 6 14	b1d2 f5g3 d3g6 e8e7	1094	easy	advantage opening short
X6IZ0	1k5r/1pqr1p2/p2p1np1/2pP3p/2P1PR2/2N4Q/PP4PP/1R4K1 b - - 0 20	c7d8 f4f6 d8f6 h3d7	1094	easy	capturingDefender crushing deflection middlegame short
aGVkF	r4rk1/pp3ppp/2pbqn2/3p4/5Pb1/1BN1P1Q1/PPPB2PP/R3R1K1 b - - 2 13	f6e4 c3e4 e6e4 g3g4	1094	easy	crushing middlegame short
alMrh	2rq1r2/5kb1/p2p4/1p1P1Q2/6P1/8/P4NP1/5K1R b - - 4 32	f7e7 f5e6	1094	easy	mate mateIn1 middlegame oneMove swallowstailMate
bYSDB	r1bq2k1/ppp2Qb1/8/4r1p1/2B2p2/2P4P/PP4P1/R1B2K2 b - - 0 18	g8h8 f7h5 g7h6 h5h6	1094	easy	kingsideAttack mate mateIn2 middlegame short
1gbHK	r6r/5pp1/p3b1k1/2RpQ2p/3P4/qP1BP3/5PPP/6K1 b - - 6 25	g6h6 e5f4 g7g5 f4f6	1096	easy	mate mateIn2 middlegame short
9XS67	r3k2r/pppqbNpp/2n5/4P3/6n1/2N5/PPPP2PP/R1BQR1K1 b kq - 0 13	e8f7 e5e6 d7e6 e1e6	1096	easy	crushing fork middlegame short
VMMf4	1Q6/3q1pk1/4p1pp/pn1p4/3P4/6RP/5PP1/6K1 b - - 0 43	b5d4 b8e5 f7f6 e5d4	1096	easy	advantage endgame fork master short
fIvUy	7k/pp4pp/8/6P1/3bq3/BN5P/5P2/1K1R3R w - - 5 36	b1a2 e4c2 a3b2 c2b2	1096	easy	endgame master masterVsMaster mate mateIn2 short superGM
hQaAj	2kb3r/pQ3pp1/5nb1/2N5/5BP1/3P4/PqP2PB1/R5K1 b - - 0 21	b2b7 g2b7	1096	easy	mate mateIn1 middlegame oneMove queensideAttack
kBydc	8/8/6pp/3k2p1/1PR5/r1p3PP/4KP2/8 w - - 2 52	e2d3 c3c2 d3c2 d5c4	1096	easy	advancedPawn crushing deflection discoveredAttack discoveredCheck endgame rookEndgame short
wN8v2	rnbq1rk1/1ppp1p2/3b1n1Q/p2P4/4p3/PNN5/1PP1PPPP/R3KB1R b KQ - 0 11	d6e5 h6g5 g8h8 g5e5	1096	easy	advantage fork opening short
E2KfF	8/pb3kpR/1p1b2N1/8/3B2PK/7p/P6r/8 b - - 3 39	f7g6 h7g7 g6h6 g4g5	1097	easy	endgame fork master mate mateIn2 short
LEk7J	4R3/1ppq1rk1/p5p1/4Q3/8/1P4Pp/P4P1P/6K1 b - - 4 42	f7f6 e8e7 d7e7 e5e7	1097	easy	advantage endgame fork short
bDXzp	r3kb1r/p4pp1/2p1p1p1/q1ppP3/5P1n/1P1P2P1/P1P2B1P/RN1QK2R w KQkq - 1 14	d1d2 h4f3 e1e2 f3d2	1097	easy	crushing fork middlegame short
u0EkC	rn1qk2r/1p3ppp/p4b2/2Pp4/P5b1/2N2N2/1PP2PPP/R2QKB1R w KQkq - 0 10	d1d5 f6c3 b2c3 d8d5	1097	easy	crushing intermezzo opening short
17eZC	rnbq1rk1/pp3pp1/2p4p/4N3/2PP1p2/3Bn3/P2Q2PP/R1B1R1K1 b - - 0 15	d8d4 d3h7 g8h7 d2d4	1098	easy	advantage discoveredAttack opening short
A41Yg	6k1/6bp/1p1p2p1/2qb1p2/1RpN1P2/2P1K1P1/1P1R3P/5B2 w - - 0 31	b4b5 g7d4 d2d4 c5b5	1098	easy	advantage master middlegame short
FTkiC	r4r2/p4pkp/2q1bN2/2b4Q/7P/8/PPP2PP1/R4RK1 b - - 0 19	g7f6 h5g5	1098	easy	dovetailMate mate mateIn1 middlegame oneMove
QXLZJ	r4rk1/p1p3pp/3b4/3pq2b/3N1P2/1QP1P3/PP1n2PP/R1B2RK1 w - - 0 17	f4e5 f8f1	1098	easy	kingsideAttack mate mateIn1 middlegame oneMove
R0eHP	r2q2rk/pp3ppp/2p1pn2/6Q1/7P/2BP1B2/PPP5/2K3R1 b - - 0 19	f6d5 c3g7 g8g7 g5g7	1098	easy	kingsideAttack mate mateIn2 middlegame short
RB0bB	5r2/pp2p1k1/6p1/2pp2P1/P5P1/2PPbqP1/1P2Q1RK/3R4 w - - 1 28	h2h1 f8h8	1098	easy	endgame mate mateIn1 oneMove pillsburysMate
RH1jF	3r3k/1p4p1/pqp1bpnN/4p3/4P3/1PP2QPP/P1B2PK1/7R b - - 0 29	g7h6 f3f6 h8h7 f6e6	1098	easy	advantage fork middlegame short
Wx3UH	r3r1k1/3pRp2/pRn2n1p/2N5/8/1QPq4/P4PPP/6K1 b - - 4 22	d3f5 b3f7 g8h8 f7g7	1098	easy	kingsideAttack mate mateIn2 middlegame short
dRJzv	r1bq1rk1/pppp1pbp/2n3p1/4n3/2P5/2N2NP1/PP2PPBP/R1BQ1RK1 w - - 0 9	c1g5 e5f3 e2f3 d8g5	1098	easy	advantage kingsideAttack master middlegame short
h4Srp	rnq1r1kQ/p3b1p1/1p2pnN1/2pp2p1/3P4/2P5/PP3PPP/R1B2RK1 b - - 1 16	g8f7 g6e5	1098	easy	mate mateIn1 oneMove opening
ooaaz	2k5/1p6/p1p5/P3q3/2P2p1Q/3R1R2/4p2K/8 b - - 0 43	e2e1q h4d8	1098	easy	endgame mate mateIn1 oneMove
rTERW	rn3rk1/4bppp/pq2pn2/3p4/b2P1BN1/1NP1P3/2Q2PPP/1B2K2R b K - 2 16	a4b3 g4f6 g8h8 c2h7	1098	easy	kingsideAttack mate mateIn2 middlegame short
uhKVE	2r2r1k/5Npp/4Q3/8/8/7P/pq3PPK/8 b - - 3 32	f8f7 e6c8 f7f8 c8f8	1098	easy	endgame hangingPiece mate mateIn2 short
IMzF0	r3kb1r/ppp2ppp/3p1q2/3Pn3/2PpB3/8/PP3PPP/R1BQK2R w KQkq - 3 11	d1d4 e5f3 e4f3 f6d4	1099	easy	crushing discoveredAttack middlegame short
xZgpJ	k2r1b1r/5ppp/1Bb1p3/Qp6/4PP2/P2q4/1P4PP/5RK1 b - - 1 21	a8b8 a5a7 b8c8 a7c7	1099	easy	mate mateIn2 middlegame queensideAttack short
Ayjre	2rr2k1/p6p/4p1p1/2PqNp2/1P3P2/P1P1K1P1/2R2Q1P/8 w - - 10 44	c2d2 d5e4	1100	easy	endgame master mate mateIn1 oneMove swallowstailMate
Huc5e	r1b2qk1/ppp3p1/3b1n2/3p2B1/3P4/1Q6/PP3PPP/R4RK1 b - - 3 20	f6e4 b3d5 f8f7 d5e4	1100	easy	crushing fork middlegame short
g3t4k	rn1q1rk1/2p2ppp/p2b4/8/1p2P3/2n4P/PPP1NPP1/R1BQNRK1 w - - 1 14	b2c3 d6h2 g1h2 d8d1	1100	easy	advantage discoveredAttack opening short
ryi9W	r4rk1/pb2bpp1/1p2p2p/2p1P3/2P2P1P/4B1P1/PP6/3RKBR1 b - - 2 16	a7a6 d1d7 b7c6 d7e7	1100	easy	crushing fork middlegame short
ziuIg	rnb1k2r/pppp1p1p/8/5N2/2B1P1nb/7q/PPPP3P/RNBQ2KR w kq - 2 12	c4f1 h4f2	1100	easy	mate mateIn1 oneMove opening
rYcDA	r2q2k1/b4rpp/b3Q3/p2n1p2/N7/P7/1PB2PPP/R1B2RK1 w - - 1 18	e6a6 a7f2 f1f2 a8a6	1101	easy	advantage discoveredAttack middlegame short
3L1OA	rnb1k2r/pp1p1p1p/1qp2Pp1/4pP2/4P3/3P4/PPP1K2P/RNBQ1BbR w kq - 0 10	c2c3 b6f2	1102	easy	mate mateIn1 oneMove opening swallowstailMate
1KAAw	r1bqkb1r/ppp2ppp/2np1n2/3Np3/4P3/6P1/PPPP1PBP/R1BQK1NR b KQkq - 1 5	c8g4 d5f6 d8f6 d1g4	1103	easy	advantage opening short
HosR8	8/p2N4/8/KP3p2/4k1p1/2n1B1P1/2b2P2/8 b - - 0 58	c2d3 d7c5 e4d5 c5d3	1103	easy	crushing deflection endgame master short
LHogn	7k/4NQpp/p4p2/1pB5/6P1/4P1KP/P4rq1/R7 w - - 7 37	g3h4 g7g5 h4h5 g2h3	1103	easy	deflection endgame mate mateIn2 short
TsHdm	1rb2rk1/4p2p/1qpp2Bb/p5Nn/1nPP3P/5N2/PP3PPB/1QKR3R b - - 0 19	h7g6 b1g6 h5g7 g6h7	1104	easy	fork mate mateIn2 middlegame short
vMtny	1Q4k1/1b1p1pp1/2n4p/1P1N4/5p1q/2PB1P2/6PP/4R1K1 b - - 0 26	c6b8 e1e8	1104	easy	endgame mate mateIn1 oneMove pillsburysMate
RIqtM	2r2k1r/ppqR1pp1/4p1p1/1P6/8/P5b1/1BP2PBn/2RQ2K1 b - - 1 23	c7f4 d7d8 f8e7 d1d7	1105	easy	mate mateIn2 middlegame short
jICt0	5rk1/pp3qp1/4p3/2Pprn1p/8/2Q3N1/PP3PP1/3R1RK1 b - - 2 26	f7f6 g3h5 e5e4 h5f6	1106	easy	advantage kingsideAttack middlegame short
ABvLX	8/2p2kp1/1bNp4/1P3R2/6K1/1r6/8/8 b - - 0 48	f7g6 c6e7 g6h7 f5h5	1107	easy	anastasiaMate endgame mate mateIn2 short
bOmZ0	r5k1/p2n1ppp/2p5/Pp1Pr3/4pKP1/B1P1P1P1/8/R2R4 w - - 2 28	d5c6 g7g5	1108	easy	endgame master mate mateIn1 oneMove
bhxf7	2b1r1k1/2p2r2/1p4pp/pP1P1n2/P1P1N2q/2QB1R2/6PP/5R1K w - - 3 32	f3f4 f5g3 e4g3 f7f4	1108	easy	advantage discoveredAttack kingsideAttack middlegame pin short
kNqy4	rn1k3r/ppp2ppp/8/2bN4/7q/8/PPPP2B1/R1BQR1K1 w - - 7 18	g1f1 h4f2	1108	easy	mate mateIn1 oneMove opening
pZrCK	r1b2b1r/ppp3pp/2k5/8/5q2/3Q4/PPP2PPP/3RR1K1 b - - 1 16	b7b6 d3d5	1108	easy	dovetailMate mate mateIn1 middlegame oneMove
wnna4	r4k2/p2b2bP/2p1p3/1p1pP2N/3P4/3B4/PPP2r2/1K4R1 b - - 0 28	g7h8 g1g8 f8e7 g8a8	1108	easy	crushing fork middlegame short skewer
Pt4gZ	7k/1q5p/3p1NnQ/1pp5/3n1p2/3P3R/1P3K1P/8 b - - 0 35	b7g7 h6h7 g7h7 h3h7	1109	easy	arabianMate endgame mate mateIn2 short
2Udkj	r6r/p2kbQp1/2p4p/n3pp2/B7/2P4P/P1PP1q1P/R1BK3R w - - 4 17	c1a3 f2f3 d1c1 f3h1	1110	easy	crushing fork middlegame short
It8Wk	8/pr2kp2/1pRN2p1/1P3p2/8/P1n4P/6PK/8 b - - 10 41	b7d7 d6c8 e7f8 c6c3	1110	easy	crushing endgame master short
GT9h9	r4rk1/ppp3p1/2np1n1p/2P1p3/4Pp2/2P2q2/PPB1NP1K/R1BQ1R2 w - - 0 18	e2g1 f6g4	1111	easy	cornerMate mate mateIn1 middlegame oneMove
LHYaM	r3r1k1/pp1b1p2/2p3pQ/4p1N1/2P5/6P1/Pq2PPBP/5RK1 b - - 0 18	e5e4 h6h7 g8f8 h7f7	1111	easy	kingsideAttack mate mateIn2 middlegame short
OYGw3	5r1k/p4p1p/1r1q1N1Q/5p2/1n1P4/6P1/P5BP/3R2K1 b - - 5 29	d6f6 h6f8	1111	easy	hangingPiece master mate mateIn1 middlegame oneMove
SWPBc	r1bqkb1r/pp1p1ppp/4pn2/2p1n3/2P1P3/2N3P1/PP1PNP1P/R1BQKB1R w KQkq - 1 6	d2d3 e5f3	1111	easy	mate mateIn1 oneMove opening
o98Ok	r2q1rk1/2p2ppp/p1npb3/1pb4n/3PP3/5N1P/PPB1QPP1/RNB2RK1 b - - 0 12	c6d4 f3d4 c5d4 e2h5	1111	easy	advantage discoveredAttack opening short
oWQOY	2R3k1/p4ppp/5q2/7b/1P6/P4P2/6PP/3rR2K b - - 1 25	d1d8 e1e8 d8e8 c8e8	1111	easy	backRankMate endgame mate mateIn2 short xRayAttack
X1TKl	r2qkb1r/ppp1pppp/5nb1/4N3/2BP4/P1NQP3/1P3PPP/n1B2RK1 b kq - 1 11	g6d3 c4f7	1112	easy	attackingF2F7 mate mateIn1 middlegame oneMove
pNZXs	7k/1b4p1/1p1R3p/6r1/1PP4Q/4pP1P/4B1P1/q5K1 w - - 0 31	g1h2 a1e5 h2g1 e5d6	1113	easy	crushing endgame fork short
KAJoB	8/7k/7p/R5p1/6PK/4Bb1P/6r1/8 w - - 0 44	h4h5 f3g4 h3g4 g2h2	1115	easy	endgame mate mateIn2 sacrifice short
Q74xE	7k/4bQpp/1q6/4p3/1p6/r1N1P3/5PPP/5RK1 b - - 0 24	a3c3 f7e8 e7f8 e8f8	1115	easy	endgame fork mate mateIn2 short
Tk062	rnbq1rk1/pppp4/1N2p2n/4Pp1Q/1b5p/6PB/PPPP1P1P/R1B1K2R b KQ - 0 10	a7b6 h5g6 g8h8 g6h6	1115	easy	crushing fork opening short
UekSq	3r1N2/5Qpk/1p5p/2p5/2P3n1/6P1/q5BP/6RK b - - 7 27	d8f8 g2e4 h7h8 f7f8	1115	easy	endgame intermezzo mate mateIn2 short
oUVL4	8/6PR/7P/8/8/2kp4/6r1/3K4 w - - 3 67	h7h8 g2g1	1115	easy	endgame mate mateIn1 oneMove rookEndgame
x2lBD	2k4r/pp4p1/8/3p3p/3q3B/1PN2Q2/P1P2PPP/R5K1 w - - 0 23	c3d5 d4a1 f3d1 a1d1	1115	easy	backRankMate endgame hangingPiece mate mateIn2 short
7x2ad	r3k2r/p2qpp1p/p5p1/3n4/3Q1P2/P1P1B3/6PP/R4RK1 b kq - 3 18	d5e3 d4h8	1116	easy	backRankMate hangingPiece mate mateIn1 middlegame oneMove
04sGR	r1b4r/1p1p1pp1/p1n1kb1p/4pN2/2P1P3/5N2/PP3PPP/2KR1B1R b - - 0 14	g7g6 d1d6	1117	easy	hookMate mate mateIn1 middlegame oneMove
ICbcW	1k6/1p2bQ2/p2p1p1r/4p3/4q3/8/PP4PP/R5RK w - - 2 33	f7e7 h6h2 h1h2 e4h4	1117	easy	attraction endgame mate mateIn2 sacrifice short
cG1zH	r1bqr2k/1pp1nQpp/1p1p1B2/4p3/1PB1P3/8/P1P2PPP/R4RK1 b - - 2 13	g7f6 f7f6	1118	easy	kingsideAttack mate mateIn1 middlegame oneMove
pncK6	r3rn1k/pp3R1p/2p3pQ/4q3/6pP/3B2P1/P1P4K/8 b - - 0 28	e5h5 h6g7	1118	easy	master mate mateIn1 middlegame oneMove
8cPP3	r3r1k1/pQ3p2/5b1p/3p3q/3p1Pp1/3B2B1/PPP1R1PP/2K5 b - - 2 24	e8e2 b7a8 g8g7 d3e2	1119	easy	advantage hangingPiece intermezzo master middlegame short
eXZLp	6rk/R5n1/8/5PQp/6bP/6P1/6K1/3q4 b - - 4 55	d1d4 g5h6	1119	easy	endgame master mate mateIn1 oneMove
Ae4FU	r1b1nrk1/p3qppp/4p3/2p1P3/2Q1N3/8/PPP2PPP/3R1RK1 b - - 1 16	e7h4 e4f6 h4f6 e5f6	1120	easy	crushing kingsideAttack middlegame short
RiZQ9	r2q2k1/ppp3pp/3b4/3P4/3PB3/1QNnP1Pb/PP2Nr1P/R1B3K1 w - - 5 18	e4d3 f2f1	1120	easy	mate mateIn1 middlegame oneMove operaMate
IZEZw	6k1/p2bppbp/3p2p1/2pP4/2P5/qrNQ1N2/5PPP/2R2RK1 w - - 1 20	c3b1 b3d3 b1a3 d3a3	1121	easy	advantage middlegame short
V2PPF	r1b2rk1/1pb1nppp/p1nqp3/1B6/4P3/1NN1B3/PP3PPP/R2Q1RK1 w - - 0 13	b5c6 d6h2	1121	easy	kingsideAttack mate mateIn1 oneMove opening
tFJ7l	r1bq1r2/pp4bk/2p4p/2P2Pn1/1PNpn2Q/P2P4/1B4BP/R4RK1 w - - 0 23	d3e4 g5f3 f1f3 d8h4	1121	easy	crushing discoveredAttack kingsideAttack middlegame short
3Z9E7	rnb1kb1r/pp3ppp/2p2n2/4p3/8/2PB4/PP1P1PPP/RNB1K1NR w KQkq - 0 7	g1f3 e5e4 d3e4 f6e4	1122	easy	crushing fork opening short
4yHsC	r3r3/p1pk1pp1/7p/1Q6/4B3/8/P1P1KPPP/7q b - - 4 21	d7c8 b5e8	1122	easy	endgame hangingPiece mate mateIn1 oneMove
iRB4o	8/pp3pk1/3q1Npp/3N1n2/3nR1P1/P2Q3P/1P3P2/2r3K1 w - - 1 28	g1g2 f5h4	1122	easy	master mate mateIn1 middlegame oneMove
6Ibj9	1k5r/pp3p2/2qR4/5Q2/8/2N1BR1p/PPP4P/7K w - - 1 25	e3f4 c6f3 h1g1 f3g2	1123	easy	hangingPiece mate mateIn2 middlegame short
B5buS	r1bqnB1k/p4Qbp/8/1p6/3Pp1P1/1P6/P5KP/2R2R2 b - - 4 27	d8d7 f8g7 e8g7 f7f8	1123	easy	kingsideAttack mate mateIn2 middlegame short
EYRoJ	q4r1k/1R4pp/6r1/p2Q4/2P2P1p/7P/PP5P/5R1K w - - 3 31	b7f7 a8d5 c4d5 f8f7	1124	easy	crushing endgame short
Hh0v4	8/8/8/8/8/5K2/2R3p1/5k2 b - - 3 81	g2g1q c2c1	1124	easy	endgame mate mateIn1 oneMove queenRookEndgame
MDFBL	8/4R2p/7k/p6P/r5PK/8/P7/8 b - - 1 44	a4a2 g4g5	1124	easy	endgame master mate mateIn1 oneMove rookEndgame
xOLT8	2kr3r/pp3p1p/2p3pn/4P3/P1pnPP2/2N3P1/1PK4P/1R3B1R w - - 1 17	c2c1 d4b3 c1c2 d8d2	1124	easy	hookMate mate mateIn2 middlegame queensideAttack short
GKtUv	6k1/1p3pb1/3N3p/2pn1p2/8/7P/1PP2PPK/r1B1R3 b - - 1 23	g7b2 e1e8 g8h7 c1b2	1125	easy	crushing endgame intermezzo master short
HCr1v	r2qkbnr/1p2pppp/p2p4/2p1N3/P1B1P1b1/3P4/1PP2PPP/RNBQ1RK1 b kq - 0 8	g4d1 c4f7	1125	easy	attackingF2F7 mate mateIn1 oneMove opening
Iqlrx	r3n2R/pppb3k/3p4/P2P3q/1PNbP3/8/6QP/6RK b - - 3 33	d4h8 g2g8 h7h6 g8h8	1125	easy	deflection master mate mateIn2 middlegame short
Plmvm	r2q1rk1/p2n2pp/2pbpn2/1p1p2B1/3P4/P1N4P/1PP1QPP1/R3KB1R b KQ - 3 12	a7a5 e2e6 f8f7 e6d6	1125	easy	crushing fork opening short
ZD7u5	rnb1k1nr/ppp1qppp/8/3P4/3P1p1b/5N2/PPP1K1PP/RNBQ1B1R w kq - 1 7	e2d2 e7e3	1125	easy	mate mateIn1 oneMove opening
bnf49	r1bqk2r/pppp1pp1/7p/2b1n3/2B1PpnP/5N2/PPPPQ1P1/RNB2R1K w kq - 7 9	f3e5 d8h4	1125	easy	kingsideAttack mate mateIn1 oneMove opening
e7Gd9	r5k1/7p/B3pp2/3p3b/3P4/4P3/1r3PPP/R4RK1 w - - 0 23	a6b7 a8a1 f1a1 b2b7	1125	easy	advantage endgame short
vlQjk	4rrk1/pp6/6bp/3P4/2PnNp1P/N5p1/PP4P1/R3R1K1 w - - 3 30	e4f6 f8f6 e1e8 g6e8	1125	easy	crushing hangingPiece middlegame short
QJ7Y6	rn3rk1/pp3Npp/2pb4/3n4/1P1P4/2P2QB1/3q2PP/2R2RK1 b - - 0 18	d6g3 f7h6 d2h6 f3f8	1126	easy	discoveredAttack kingsideAttack mate mateIn2 middlegame short
j8O1t	2r3k1/3q3p/p5p1/1p3b2/1P6/P2PP1PP/1Q5K/3R1B2 w - - 1 28	d3d4 c8c2 b2c2 f5c2	1126	easy	advantage endgame fork short
5bW6U	6rk/p1Q5/1p1R3p/4p1q1/2P1P3/P1P3B1/4nPPK/8 w - - 3 32	d6d7 g5h5 g3h4 h5h4	1127	easy	anastasiaMate endgame mate mateIn2 short
9QJC4	r4rk1/4bpp1/p1p4p/q2pp2n/4PPb1/P1NBQ1B1/1PP3PP/R4RK1 w - - 0 16	e4d5 e7c5 e3c5 a5c5	1127	easy	advantage middlegame pin short
P2puM	4k1r1/pp3r1p/4b2Q/2Rq4/3Pp3/8/P4PPP/5RK1 b - - 1 29	d5d6 c5c8 e8d7 c8g8	1127	easy	advantage master middlegame short skewer
Qeytm	r2qkb1r/pp4pp/2n5/2ppp3/2B5/3P3P/PPP2PP1/R1BQK2R w KQkq - 0 11	c4b5 d8a5 c1d2 a5b5	1127	easy	advantage fork middlegame short
VetG1	r3r1k1/1p3pp1/p1p4p/2Np1B2/1P1P2n1/P3PN1q/3B1P1b/2RQR1K1 w - - 3 21	f3h2 h3h2 g1f1 h2f2	1127	easy	kingsideAttack mate mateIn2 middlegame short
W7DTQ	8/Q5pk/5qp1/1p6/6P1/3PR1KP/P4P2/7r w - - 2 38	a7e7 h1g1 g3h2 f6f2	1127	easy	deflection endgame mate mateIn2 short
tB6NW	rr4k1/p1p2p1p/Q3p1p1/q4b2/6P1/2b1P3/PP1NBP1P/2KR3R w - - 0 18	a6a5 c3b2	1127	easy	mate mateIn1 middlegame oneMove queensideAttack
7itCF	r1bq1rk1/pp3pp1/5N1Q/4b3/3n1p2/2N5/PPB2P1P/R4KR1 b - - 2 18	d8f6 h6h7	1128	easy	master masterVsMaster mate mateIn1 middlegame oneMove
JYW87	2r3k1/5pp1/p1b1p2p/np2P1q1/3PNn2/P6P/1B3PP1/1QR2B1K b - - 7 27	c6e4 c1c8 g8h7 b1e4	1128	easy	crushing hangingPiece intermezzo middlegame short
ORDuq	2r2r1k/1p3ppp/pB6/P2Pp2n/q6b/3B1R1P/1PP3P1/3R1Q1K w - - 1 24	f3f7 h5g3 h1h2 g3f1	1128	easy	advantage fork middlegame short
UvOR9	6k1/4r3/p6p/1p4p1/2bp1p2/2N2P2/PPP3PP/3R2K1 w - - 0 29	d1d4 e7e1 g1f2 e1f1	1128	easy	endgame mate mateIn2 operaMate short
v99jv	r5rk/ppp2pR1/1b1p3p/3P1q2/8/3B2QP/PP3PP1/n1B3K1 b - - 2 21	f5f6 g7h7	1128	easy	mate mateIn1 middlegame oneMove operaMate
ykd6F	5qrk/1b6/3pQR1p/pp2p2P/3pP3/P2P2P1/1PP5/1K6 b - - 0 33	b7c8 f6h6 h8g7 e6g6	1128	easy	endgame kingsideAttack mate mateIn2 short
QbZfS	8/1p1k3q/pBpPp2r/P5Q1/5pP1/7r/4Rn1P/6K1 b - - 1 38	h6g6 g5d8	1129	easy	master mate mateIn1 middlegame oneMove
X4RHm	1q5r/1P2kp2/p1p5/2P3N1/2Q3p1/6P1/5PK1/b2r4 b - - 4 42	d1b1 c4f7 e7d8 g5e6	1129	easy	cornerMate endgame mate mateIn2 short
8x4oG	8/8/8/5B1p/2P2P1k/5KR1/p7/8 b - - 1 61	a2a1q g3h3	1131	easy	endgame mate mateIn1 oneMove operaMate
EOhMR	r3k3/pp1nqr2/2p1Q1p1/3p4/5R2/2NP4/PPP3PP/R5K1 w q - 1 17	e6g6 e7e3 g1h1 e3f4	1131	easy	advantage fork middlegame short
r7ZjH	2nk4/8/2Q5/q1bPp2p/1n2P2P/8/P2N2P1/2R1K3 w - - 4 32	c6c5 b4d3 e1e2 d3c5	1131	easy	crushing endgame fork short
yYTKh	1R6/6pk/2Q5/3n1p2/8/3B1qP1/1PK5/8 w - - 0 34	c6c4 d5e3 c2b3 e3c4	1131	easy	advantage endgame fork pin short
Rb07l	8/1r4pp/3R1k2/8/6P1/6KP/8/8 b - - 2 55	f6g5 h3h4	1132	easy	endgame mate mateIn1 oneMove rookEndgame
iQI4H	rnb1kb1r/5p2/p1p1p2p/1p1qP1p1/2pP4/P5BP/1P2BPP1/R2QK1NR b KQkq - 0 12	d5g2 e2f3 g2h1 f3h1	1132	easy	crushing middlegame short trappedPiece
LT7NY	r2qnk2/pp4bQ/2bpp1P1/8/4P3/2NP4/PP6/2K2R2 b - - 0 23	f8e7 f1f7	1133	easy	epauletteMate mate mateIn1 middlegame oneMove
UKegY	rr2n1k1/3nppbp/q2p2p1/1NpP4/P3P3/5NPP/1P2QPK1/R1B4R w - - 3 16	e2c2 b8b5 a4b5 a6a1	1133	easy	advantage middlegame short
gktJk	2rqkbnr/1p1bpppp/p7/1n6/Q1N5/2N5/PP3PPP/R1B1R1K1 b k - 1 12	b5c3 c4d6	1133	easy	mate mateIn1 oneMove opening pin smotheredMate
rn8pA	1rb2k1r/4p2p/p1N1Pp2/1p1P4/2n1q2N/8/P3BK2/2B4R b - - 2 31	e4h1 c1h6 f8g8 c6e7	1133	easy	deflection mate mateIn2 middlegame short
0W7tj	8/8/5R2/4k1K1/3r1p2/7P/8/8 b - - 1 50	e5e4 f6f4 e4e5 f4d4	1134	easy	crushing endgame rookEndgame short
Nz5Nv	4n2k/6rP/8/2P1b3/pP2B3/P2Q2pK/5q2/2B4R w - - 3 49	h1f1 f2h2	1134	easy	master masterVsMaster mate mateIn1 middlegame oneMove
OJsZR	4r2k/1p2q2p/p1bn3Q/3p4/3P3N/P1R2P1P/6P1/6K1 b - - 2 34	d6f7 h4g6 h8g8 g6e7	1134	easy	crushing master masterVsMaster middlegame pin short
aWGxR	1r2r1k1/1b2bp2/p2pNnN1/q1p5/2BP4/4P1P1/PPQ2PP1/1K5R b - - 0 23	b7e4 h1h8	1134	easy	master mate mateIn1 middlegame oneMove
pGOSV	8/8/pp4k1/2pp1np1/5pKp/PPPP3P/3N1PP1/8 w - - 2 42	d2f3 f5h6	1134	easy	endgame knightEndgame mate mateIn1 oneMove
ptK1g	4k3/8/p7/Pp1KP3/1P3B2/3p1n2/8/8 w - - 0 59	d5e4 d3d2 f4d2 f3d2	1134	easy	advancedPawn crushing endgame short
AFRng	8/1Q6/8/8/1k2P1p1/4Kp2/P7/7q b - - 11 58	b4c3 b7b3	1135	easy	endgame master mate mateIn1 oneMove queenEndgame
C3FHt	4Q3/7k/2pq3P/5K1p/7P/8/8/8 b - - 4 50	h7h6 e8h8	1135	easy	endgame master mate mateIn1 oneMove queenEndgame
ENoJ1	R5k1/8/2p3KP/3p4/b6P/5r2/8/8 b - - 1 50	f3f8 h6h7 g8h8 a8f8	1135	easy	advancedPawn deflection endgame mate mateIn2 short
z9KJv	rn1k1b1r/ppq1pQpp/5n2/4N3/3p2b1/2P5/PP3PPP/RNB1KB1R w KQ - 1 9	c3d4 c7c1	1135	easy	hangingPiece mate mateIn1 oneMove opening
HdHzs	r4rk1/ppp2ppp/2np4/8/8/2BBP2Q/P1PP1qPP/RN4Kn w - - 1 14	g1h1 f2e1 d3f1 e1f1	1136	easy	kingsideAttack mate mateIn2 middlegame short
XB98m	6k1/1b3pp1/p3pq1p/1p2N3/3rBn2/4QP2/PP4PP/5RK1 b - - 1 24	f6e5 e4h7 g8h7 e3e5	1136	easy	advantage discoveredAttack kingsideAttack middlegame short
vDKBM	8/3pppkp/6p1/4Pq2/2N1bP2/6P1/2P2R1P/5RK1 b - - 4 35	e4c2 c4e3 f5e4 e3c2	1136	easy	advantage endgame short
84Vbp	r1bqr3/ppp3pk/2nb2Np/1B1Q1P2/4n1P1/2N5/PPP2P1P/R1B1K2R w KQ - 1 13	c3e4 d6b4 c1d2 d8d5	1137	easy	advantage discoveredAttack middlegame pin short
Uxgzx	r2qr1k1/5ppp/p4b2/1pp1P3/3p4/1P1B3P/P1PPQP2/R3K1R1 w Q - 1 19	e2h5 e8e5 h5e5 f6e5	1137	easy	crushing fork middlegame short
gx82b	2Rr2k1/5ppp/p1Q3q1/1p6/5P1b/4r2P/6P1/R5K1 b - - 1 29	e3e8 c6e8 d8e8 c8e8	1137	easy	backRankMate mate mateIn2 middlegame short xRayAttack
8Kywi	4r1k1/p1p3pp/3b1r2/2pp4/4Pq2/2N5/PPP1QPPP/3RR1K1 w - - 1 18	c3d5 f4h2 g1f1 h2h1	1138	easy	kingsideAttack mate mateIn2 middlegame short
d5E3W	4r1k1/p2R2Rp/1p6/2p5/2Pp2K1/1P1r4/P7/8 b - - 2 40	g8f8 d7f7	1138	easy	blindSwineMate endgame mate mateIn1 oneMove rookEndgame
p6Qtx	r2qr3/1p3Qbk/p2pp1p1/4p3/1P2P3/2PP2P1/3N1KP1/R4R2 b - - 3 23	e8f8 f1h1 d8h4 h1h4	1138	easy	mate mateIn2 middlegame short
U6Lpn	r5k1/1b4p1/p3n3/1p3p2/5q2/P1Q4P/BPP2P1K/4R1R1 w - - 4 31	g1g3 f4f2 g3g2 f2g2	1139	easy	mate mateIn2 middlegame short
SWrVE	5k2/5rp1/2b1p3/2b5/P5n1/2N3P1/1PB4P/R1B2K2 w - - 3 26	f1e2 f7f2 e2e1 f2c2	1140	easy	crushing middlegame short skewer
godBQ	6k1/2R3P1/8/7R/8/8/2p3PK/3r4 b - - 2 58	c2c1q h5h8	1140	easy	endgame mate mateIn1 oneMove queenRookEndgame
tjzTE	rnbqk2r/pp1pppbp/2p3p1/1P2P3/2P2n2/8/PB1P1PPP/RN1QKBNR w KQkq - 1 7	g1e2 f4d3	1140	easy	mate mateIn1 oneMove opening smotheredMate
y1L7S	4r3/6pp/4p1k1/1p4P1/4n2P/1B1p3K/8/5R2 b - - 0 36	e6e5 b3f7	1140	easy	endgame mate mateIn1 morphysMate oneMove
HtfRj	2rrk3/1p4p1/p1n2p1p/3Np3/4P3/P3P2P/1P1R2P1/3R2K1 b - - 0 23	d8d7 d5f6 g7f6 d2d7	1141	easy	crushing discoveredAttack endgame short
cnxqL	r3r1k1/pb3pbp/1p4p1/2p3N1/8/1QPqP1P1/PP3PP1/R3K2R b KQ - 1 17	b7g2 b3f7 g8h8 h1h7	1141	easy	kingsideAttack mate mateIn2 middlegame short
FBFCz	7k/pp4pp/3p3r/2p5/3pP3/PP3Pqr/2P3P1/4RQRK w - - 0 27	g2h3 h6h3 f1h3 g3h3	1142	easy	endgame kingsideAttack mate mateIn2 short
GVQsK	r3k2r/pb2bppp/8/2pq4/8/3B4/PP3PPP/R1BQR1K1 w kq - 0 14	d3e4 d5d1 e1d1 b7e4	1142	easy	advantage discoveredAttack middlegame short
Z5jP2	6r1/8/pqpQbkrR/5R2/4p3/1P2P2P/P6K/8 b - - 0 32	f6f5 d6f4	1142	easy	endgame mate mateIn1 oneMove swallowstailMate
dPdRE	3r1rk1/3nb1pp/2p5/2Pb4/pP1Npp2/P1P1BP1P/3N2P1/R3R1K1 w - - 0 21	e3f2 e4e3 f2e3 f4e3	1142	easy	advantage fork middlegame short trappedPiece
7INhw	r2q1rQk/1bp1p2P/p2p4/1p2n3/4P3/1B6/PPPN1bP1/R1BK3R b - - 3 17	f8g8 h7g8q	1143	easy	advancedPawn discoveredCheck doubleCheck kingsideAttack mate mateIn1 oneMove opening promotion
GR5B3	r7/P2k1Bp1/1p3n1p/p7/3P1qP1/P2P3P/2r2PQ1/R3R1K1 w - - 1 29	g2a8 f4f2 g1h1 f2h2	1143	easy	kingsideAttack mate mateIn2 middlegame short
KQrks	4r2k/1ppb1Qb1/3p2Pp/p2P4/2P3q1/P4N2/1P6/1K5R b - - 3 34	e8f8 h1h6 g7h6 f7h7	1143	easy	mate mateIn2 middlegame sacrifice short
V6JqA	r5rk/pbp1R1pp/8/3q4/5p2/2BP4/PPQ2PPP/R5K1 w - - 6 22	f2f3 d5c5 c2f2 c5e7	1143	easy	advantage fork middlegame short
Vy0K9	2r1r1k1/p2R1p1p/1p4p1/3Qb3/4Pq2/P1PR1PP1/1P2K3/8 b - - 0 31	f4g3 d5f7 g8h8 f7h7	1143	easy	mate mateIn2 middlegame short
5nSs7	r1b1kb1r/pp2nppp/5q2/nN6/2B5/1Q6/PP3PPP/3RR1K1 b kq - 7 17	a5b3 b5c7	1144	easy	cornerMate mate mateIn1 middlegame oneMove
DhfDY	4r3/4N2k/pn1P1r2/6Rp/q1B1b2P/2Q1P3/2P5/2K5 w - - 1 33	c3f6 a4c2	1144	easy	master mate mateIn1 middlegame oneMove
KunLo	2r1qrk1/pb6/1p3p1p/2b3pP/2p1B3/2Q2PB1/PP4PK/3R1R2 w - - 4 26	e4b7 e8h5 g3h4 h5h4	1144	easy	mate mateIn2 middlegame short
WVCZB	4r2k/pp4pp/3QB1q1/4P3/5p2/8/PP2R1PP/6K1 b - - 0 29	e8e6 d6f8	1144	easy	endgame master masterVsMaster mate mateIn1 oneMove
qfNm2	8/1P3p1k/4p1pp/1q6/5P2/6PK/6QP/8 w - - 3 56	b7b8q b5h5	1144	easy	endgame master masterVsMaster mate mateIn1 oneMove queenEndgame
rZaYd	8/5pk1/3Qp1pp/4PP2/1P2K1P1/4r3/5b1P/8 w - - 1 33	e4f4 g6g5	1144	easy	endgame master mate mateIn1 oneMove
Db8EN	2kr2r1/1bq5/3p3p/p1n1pN2/PpQ3p1/1P6/4NPPP/1BR3K1 b - - 1 27	c7c6 f5e7 c8b8 e7c6	1145	easy	advantage fork middlegame short
JgXrt	1R6/8/7p/3p4/8/k7/p1K5/8 b - - 3 61	a2a1q b8a8 a3b4 a8a1	1145	easy	crushing endgame master queenRookEndgame short skewer
qH6AP	8/6pk/1p5p/1P6/3R4/3NPn1P/3r4/7K w - - 4 45	d4f4 d2h2	1145	easy	arabianMate endgame mate mateIn1 oneMove
vb0Rm	2r1k1R1/p4p2/1p2p2q/4P3/3P4/Q7/6PP/6K1 b - - 6 36	e8d7 a3d6	1145	easy	endgame master mate mateIn1 oneMove
G0RaG	r3kb1r/p4ppp/1np1p3/Q3Nb2/3qP3/6P1/PP3PBP/RN2K2R w KQkq - 0 14	e4f5 f8b4 a5b4 d4b4	1146	easy	advantage fork opening short
nY87Q	rq3rk1/3n1pp1/p7/3p4/N1pPPn2/5P1P/pP3P2/1KQR1BR1 w - - 0 24	b1a2 b8b3 a2b1 b3a4	1146	easy	crushing fork middlegame short
y9av1	r4rk1/4bpp1/1pq1pn2/1N6/P1N5/2nP2Pp/3BQP1P/R1R3K1 w - - 3 26	e2f1 c3e2 f1e2 c6g2	1146	easy	kingsideAttack mate mateIn2 middlegame sacrifice short
EwoEF	2k1r2r/ppp3Qp/2np4/2bN1qB1/2B5/1P1b1N2/P4PP1/R5K1 b - - 2 19	d3c4 g7c7	1147	easy	mate mateIn1 middlegame oneMove queensideAttack
U1nTi	4rk2/pR5R/2p5/4n1P1/4N2p/1K6/PP2r3/8 b - - 4 37	e2e4 h7h8	1147	easy	endgame master mate mateIn1 oneMove
VsQXk	3r1rk1/pb2np1P/1p3n1Q/2q1p3/4P3/P1N4R/1PP1p1PP/5R1K b - - 0 22	g8h8 h6f6	1147	easy	hangingPiece kingsideAttack mate mateIn1 middlegame oneMove
fVdp7	1R3k2/p1nq1p1p/5Pp1/2b1r3/3N2P1/7P/P2Q4/6K1 b - - 0 35	e5e8 d2h6 f8g8 h6g7	1147	easy	mate mateIn2 middlegame short
iZz8B	4r1k1/pp3p2/2p3p1/2Pnr2p/2B2K2/2N3PP/1P6/1R1R4 w - - 4 29	c4d5 e5f5	1147	easy	endgame master mate mateIn1 oneMove
qYHuu	r1bq1r1k/ppp4p/2np2pQ/4p1B1/8/3P4/PPP1NPPP/R3K2R b KQ - 0 13	d8d7 h6f8	1147	easy	hangingPiece kingsideAttack mate mateIn1 middlegame oneMove
BoWP3	rn1q1rk1/pp4pp/2p5/3b1p2/1bBP4/1P2P3/PB3KPP/R1Q1N2R b - - 3 16	d5c4 c1c4 d8d5 c4b4	1148	easy	advantage fork opening short
DSfmu	6k1/6q1/P1p3K1/2P5/8/7Q/8/8 w - - 0 56	g6f5 g7d7 f5e5 d7h3	1148	easy	crushing endgame queenEndgame short skewer
F9LAg	8/8/7p/5pk1/R3r3/7P/5K2/8 w - - 8 51	a4e4 f5e4 f2e3 g5f5	1148	easy	crushing defensiveMove endgame short
XmBoI	4rkn1/pp3pq1/2ppb3/8/4P3/1BN5/PPP5/1K3QR1 b - - 6 30	g7f6 g1g8 f8g8 f1f6	1148	easy	crushing middlegame short
7REGu	r3k2r/p1p1bpp1/1p1p3p/4n3/2B1P1n1/2P2NNq/PP3P2/R1BQR1K1 w kq - 0 15	c4f1 e5f3 d1f3 h3h2	1149	easy	kingsideAttack mate mateIn2 middlegame short
CmHst	4Qb2/2k2p2/4p1p1/3P2P1/1P3P2/P1PKP3/8/6q1 w - - 0 45	e8f8 g1d1 d3e4 d1d5	1149	easy	endgame mate mateIn2 queenEndgame short
0jGwL	r1b1k2r/pppp2pp/5n2/8/PqBQ4/4B3/P3KPPP/R6R b kq - 6 16	b4a4 c4f7 e8f7 d4a4	1150	easy	crushing discoveredAttack middlegame short
DvD40	3r2k1/2q3p1/p3p1p1/1b2N3/8/4Q3/PP5P/1K2R3 w - - 0 27	e5g6 b5d3 b1a1 d3g6	1150	easy	advantage endgame fork master short
ETxyk	r4r2/ppp2p1k/1b3PbP/3pPq2/1P1P1Q2/6B1/P5P1/RN2R2K w - - 3 25	e1d1 f5h5 g3h2 h5d1	1150	easy	crushing fork middlegame short
EyfKP	r1b4r/ppkp1ppp/8/3P4/3pK3/4qN2/P5PP/R2Q1B1R w - - 2 15	e4f5 d7d6	1150	easy	discoveredAttack discoveredCheck mate mateIn1 middlegame oneMove
Fs4uy	1k1r4/1bq2N2/1N1pp3/1R2b3/6p1/P2PP3/5QPr/1R4K1 b - - 0 26	c7f7 f2f7 h2g2 g1f1	1150	easy	crushing middlegame short
lggLM	rnb2k2/pp1p1ppp/5n2/2p1q3/2Q1P3/PB1P4/2P2PPP/R3K2R b KQ - 1 16	d7d5 c4c5 e5e7 c5c8	1150	easy	crushing fork middlegame short
miUh8	8/2pkb3/8/1pPPB1p1/1P1R1pP1/r4P2/8/5K2 w - - 3 47	f1e2 a3e3 e2d2 e3e5	1150	easy	advantage endgame fork short
uoRii	2q1rrkb/pp3p1p/2pn1PpB/8/3P2P1/5N2/PP1Q1P1P/2R2RK1 w - - 3 20	h6f8 c8g4 g1h1 g4f3	1150	easy	crushing fork middlegame short
M5Hw9	6k1/3R4/6K1/6p1/5pP1/5r1P/8/8 b - - 1 52	f3h3 d7d8	1151	easy	endgame mate mateIn1 oneMove rookEndgame
TdRiQ	8/8/3P1pp1/3q1k1p/7P/4QPP1/7K/8 b - - 0 51	d5d6 e3e4	1151	easy	endgame master mate mateIn1 oneMove queenEndgame
yASln	2r4k/1p2N1bp/2q3p1/p4bN1/P2p4/5Q2/5PPP/4R1K1 b - - 0 29	c6f3 g5f7	1151	easy	master mate mateIn1 middlegame oneMove
zoRzJ	rnb1k1nr/ppp2ppp/8/3Pp3/1b1q4/2N2QP1/PPP1N2P/R1B1KB1R b KQkq - 2 8	c8g4 e2d4 g4f3 d4f3	1152	easy	crushing opening short
2WZay	r4k2/1pp2pp1/2np3p/p2Bp3/P7/NQPP1q1P/1P3b1K/R1BR1n2 w - - 3 18	d1f1 f3g3 h2h1 g3h3	1153	easy	deflection mate mateIn2 middlegame short
FV2F6	r3kb1r/pp1npp1p/2p2n2/q5pb/3P1B2/2NB1N1P/PPP2PP1/R2Q1RK1 w kq - 0 10	f4g5 h5f3 d1f3 a5g5	1153	easy	advantage capturingDefender intermezzo opening short
jMz8l	2r2rk1/pp3ppp/2n1b3/4q3/4N2Q/3B4/PP3PPP/R3R1K1 b - - 9 21	e5d4 e4f6 g7f6 h4h7	1153	easy	kingsideAttack mate mateIn2 middlegame sacrifice short
4h2zV	6k1/5r2/1p2p3/p1p1P1P1/P1P2P2/1P3QK1/3R4/6q1 w - - 5 33	f3g2 g1e3 g2f3 e3d2	1154	easy	crushing deflection endgame short
7AVhD	1R6/2N4k/2b4p/2p3p1/p5P1/P1P3KP/1P2r3/8 w - - 5 41	b8b6 e2g2	1154	easy	endgame mate mateIn1 oneMove operaMate
J4a41	r1bq1k1r/ppp1b2p/2n2p2/7Q/2B5/4P3/PPP2PPP/RN2K2R b KQ - 2 12	d8e8 h5h6	1154	easy	mate mateIn1 oneMove opening
RH2KH	8/p2R3p/5kp1/5pn1/7Q/1P2rB1P/P5P1/q4K2 w - - 10 42	d7d1 e3f3 g2f3 a1d1	1154	easy	crushing endgame short
um7tX	6q1/p3Q2n/1p2p2k/4Nb2/3P1P2/P7/1P5K/8 b - - 0 39	g8g7 e7h4	1154	easy	endgame master mate mateIn1 oneMove
7Bd37	4k3/p7/1p6/3pq3/3N4/1P4R1/P2KN2r/8 b - - 7 53	e8d8 d4c6 d8c7 c6e5	1155	easy	advantage endgame fork master short
UQhab	6k1/5p2/4b1p1/P1B1p2p/2p1q3/2Q1b2P/r1N3P1/3R2K1 w - - 0 35	c5e3 a2c2 c3c2 e4c2	1155	easy	crushing middlegame short
6mlTY	r3kb1r/ppp1qppp/8/4n2b/1PPp2P1/P6P/1B1NPP2/R2QKB1R w KQkq - 1 12	b2d4 e5d3	1156	easy	mate mateIn1 oneMove opening pin smotheredMate
Qdo4u	r2qk1nr/ppp2ppp/2nP4/8/1b3Pb1/8/PPPNP1PP/R1BQKBNR w KQkq - 1 6	h2h3 d8h4 g2g3 h4g3	1156	easy	mate mateIn2 opening short
RPLDs	r1b2br1/pp1k4/2n5/2pqp1B1/3p4/3P1B2/PPP2PPP/R2Q1RK1 b - - 2 16	d5e6 f3g4 g8g5 g4e6	1156	easy	advantage opening pin short
VNI6Q	8/1p4k1/p3Q1p1/8/1P2PPK1/P7/4q3/8 w - - 6 48	g4g5 e2h5	1156	easy	endgame master mate mateIn1 oneMove queenEndgame
rGtoY	3r1rk1/pp3pp1/7p/3n4/2q2N2/5Q1P/PP3PPK/R4R2 w - - 0 20	f1c1 c4f4 f3f4 d5f4	1156	easy	advantage middlegame short
67vvq	r1b1k2r/pp3ppp/3b1q2/3Q4/1n6/2N5/PP2PPPP/3RKBNR w Kkq - 2 11	d5d6 b4c2 e1d2 f6d6	1157	easy	advantage interference intermezzo opening short
HqBBU	1br3k1/6pp/p1bqpp2/1p1pN3/1P1Pn3/P3P3/1BR1BPPP/2Q3K1 w - - 0 23	e5c6 d6h2 g1f1 h2h1	1157	easy	kingsideAttack mate mateIn2 middlegame short
MrEf1	rnbq3r/ppp1b2p/3k2p1/3p4/4n3/1B1P1Q2/PPP2PPP/RNB2RK1 b - - 0 10	e4c5 f3d5	1157	easy	mate mateIn1 oneMove opening swallowstailMate
Zl5Mb	8/4kp1p/8/r7/P1P3R1/5K2/5P2/8 w - - 1 43	f3e4 f7f5 e4e3 f5g4	1157	easy	crushing endgame fork master rookEndgame short
cB6dG	r1bqk2r/p2p1pbp/1pn1p1p1/2p5/2PnP3/2NPBNP1/PP3PBP/R2Q1RK1 w kq - 0 10	e3g5 d4f3 d1f3 d8g5	1157	easy	advantage kingsideAttack middlegame short
pxZmj	r2qk2r/1b2pp1p/p1n2bp1/3B4/1p1P4/2N2N2/PPP2PPP/R2Q1RK1 w kq - 0 13	c3e4 d8d5 e4f6 e7f6	1157	easy	advantage hangingPiece middlegame short
sh3wX	8/3PQ2p/6pk/2p5/2P2p2/1p6/6q1/3KR3 w - - 0 55	d7d8q g2c2	1157	easy	endgame master mate mateIn1 oneMove
f3edI	2b2b2/1pN5/6p1/1R1Pk3/P1P1P3/4K3/8/8 w - - 5 45	b5b6 f8c5 e3f3 c5b6	1158	easy	crushing endgame fork short
qeIv3	3r2k1/pp1rqp1p/2nbp1p1/1PP5/N3P3/4P2P/P2Q2P1/3R1RK1 w - - 0 24	b5c6 d6h2 g1h2 d7d2	1158	easy	crushing discoveredAttack middlegame short
tZw1G	1k4r1/pp2b2Q/5p2/4p3/6q1/1NN5/PP3P1P/R4R1K w - - 3 25	f1g1 g4f3 g1g2 f3g2	1158	easy	mate mateIn2 middlegame short
1dWZJ	rn1qr1k1/pp3ppp/5n2/7B/8/2b1P2P/PP1B1PP1/R2Q1RK1 w - - 0 14	b2c3 f6h5 d1h5 d8d2	1159	easy	advantage middlegame short
1mxIx	r1bq1Nk1/ppp3p1/nb1p4/5n1Q/1P6/8/P4PPP/RNB1R1K1 b - - 0 21	d8f8 e1e8 c8e6 e8f8	1159	easy	advantage kingsideAttack opening pin short
GBmTH	3rr1k1/1pp2pB1/1bn4Q/p4q2/P1BP4/5b1P/1P3PP1/2RR2K1 b - - 2 21	f5h7 c4f7 g8f7 h6h7	1159	easy	advantage deflection kingsideAttack middlegame short
GGr1C	1b2r1k1/1bqp2pp/p1p1prn1/2P5/1P3P2/P1NB4/3BQ1PP/R4R1K w - - 0 19	f4f5 c7h2	1159	easy	kingsideAttack mate mateIn1 middlegame oneMove
NNBiz	r1b2k1r/bp1p1pp1/p2n1q1p/3Q2n1/8/1BN2N2/PP3PPP/R1B1R1K1 w - - 2 17	f3g5 f6f2 g1h1 f2e1	1159	easy	backRankMate fork mate mateIn2 opening short
Vnz9E	4kb1r/p1Q1n2p/2nBp1q1/8/4P3/2NP4/P1r3PP/R4RK1 w k - 0 16	d6e7 g6g2	1159	easy	kingsideAttack mate mateIn1 middlegame oneMove
ZPzJq	3rk1nr/Q4ppp/2Pp4/8/2B1P3/8/PP1KNP1P/n1B4q b k - 1 20	h1e4 a7f7	1159	easy	attackingF2F7 mate mateIn1 middlegame oneMove
dtxnO	r1b2rk1/6pp/1nn1p3/3pP1N1/2pP3P/2B5/P1B4P/R4R1K b - - 2 22	h7h6 c2h7 g8h8 f1f8	1159	easy	deflection kingsideAttack mate mateIn2 middlegame short
3SD0d	2k1rbr1/ppqn3p/2p5/4pp1b/8/3BQPBN/PPP3PP/R4RK1 w - - 0 17	e3a7 f8c5 a7c5 d7c5	1160	easy	advantage fork middlegame short
TBfFv	r1b2rk1/pp3ppp/2pbp3/4P1q1/2BP1n2/PQP5/3B1PPP/2R2RK1 w - - 0 17	e5d6 g5g2	1160	easy	kingsideAttack mate mateIn1 middlegame oneMove
kikVK	8/5p2/4k3/pp2n3/3KN3/rP6/8/5R2 b - - 3 51	a3b3 e4c5 e6e7 c5b3	1160	easy	advantage endgame fork master short
Q2roX	r7/1p6/p3q3/6pk/2R3n1/P3PQb1/1P1N2P1/3K4 w - - 2 31	f3g3 g4e3 d1c1 e3c4	1161	easy	crushing endgame fork short
Vae0b	8/R7/8/8/p7/2P2k2/r7/5K2 w - - 2 48	c3c4 a2a1	1161	easy	endgame mate mateIn1 oneMove rookEndgame
qXrHg	6k1/p4p1p/3p1npB/3P4/2P2PP1/5Q1K/P3R2P/5rq1 w - - 7 29	f3e3 g1g4	1161	easy	endgame master mate mateIn1 oneMove
2UlPh	6K1/1ppr3P/1p4k1/8/8/1P3R2/8/8 b - - 0 55	d7h7 f3g3 g6f5 g8h7	1162	easy	advantage deflection endgame rookEndgame short
2gDqb	3rq3/1k6/p1p1B3/1p2Qp1p/2P2P1P/8/PP6/2K5 b - - 2 33	e8e7 e6c8 b7c8 e5e7	1162	easy	crushing discoveredAttack endgame master short
54zfZ	7k/4q1p1/p6p/1ppp4/8/2PP1PRP/PPQ2KP1/4r3 w - - 5 29	d3d4 e7e3	1162	easy	endgame mate mateIn1 oneMove triangleMate
OSAkB	7Q/1R6/p5R1/P3B3/1P3P2/1KPk4/1r6/2b5 w - - 1 62	b3a4 b2a2 a4b3 a2a3	1162	easy	endgame master masterVsMaster mate mateIn2 operaMate short
3YSGl	r2qk2r/pbp1bp2/1p5p/4P1pQ/2n2p2/1B5P/PPP3P1/RNB1R1K1 w kq - 1 15	b3c4 d8d4 g1h1 d4c4	1163	easy	crushing fork middlegame short
GQnmW	2r1k1r1/5p1p/p3pp1b/1p6/3R4/2Q3PP/P1N2P2/3R2K1 b - - 0 23	c8c3 d4d8 e8e7 d1d7	1163	easy	blindSwineMate endgame mate mateIn2 short
J3WmA	1B3k2/2p3p1/5p2/p6p/P2p3P/6r1/2K5/R7 w - - 0 41	b8c7 g3c3 c2d2 c3c7	1163	easy	crushing endgame fork short
QgTUV	3R4/8/R4p2/1p3k2/3p1P2/1P3KP1/P2r1P2/3n4 w - - 1 42	d8b8 d2f2	1163	easy	endgame master mate mateIn1 oneMove
RGT1Q	r1bk1b1r/ppNpqppp/8/2p5/Q3n3/8/PPP2PPP/R1B1KB1R w KQ - 2 10	c7a8 e4c3 c1e3 c3a4	1163	easy	crushing discoveredAttack discoveredCheck opening short
Zc3CY	rn1qkb1r/pp2pppp/2p3b1/8/1n1PN1P1/5N1P/PPP1QPB1/R1B1K2R b KQkq - 3 10	b8d7 e4d6	1163	easy	mate mateIn1 oneMove opening pin smotheredMate
oR3Qq	r1b2rk1/pp3ppp/3q4/3N4/8/3Q4/PP3PPP/R3R1K1 b - - 2 16	c8g4 d5e7 d6e7 e1e7	1163	easy	crushing kingsideAttack middlegame short
4m9iI	4rk2/4P1R1/1r5p/3BBp2/pb6/1n4P1/5P1P/4R1K1 b - - 0 36	e8e7 g7g8	1164	easy	mate mateIn1 middlegame oneMove operaMate
evfGw	3r4/2q4p/p7/2p5/p1kp4/1P3Q1P/P5P1/6K1 b - - 0 37	a4b3 f3b3	1164	easy	dovetailMate endgame mate mateIn1 oneMove
yiejd	1r1r3k/3b4/p3p1qP/P5R1/2P1p3/4Q3/4BPPK/8 b - - 8 43	g6h6 g5h5 h6h5 e2h5	1164	easy	crushing defensiveMove master middlegame pin short
OpqsC	8/1R6/2k2P2/6P1/8/r1b2NKP/1p6/8 w - - 1 45	b7b8 c3e5 g3g2 e5b8	1165	easy	crushing endgame pin short
aAuwj	8/8/8/2Q5/k1K5/8/1p6/8 b - - 1 52	b2b1q c5a7	1165	easy	endgame mate mateIn1 oneMove queenEndgame
zuYiY	2r4r/p3B2k/1p2p3/4Pqbp/2PQRp2/7P/PP3P1K/6R1 b - - 6 29	g5e7 e4f4 f5f4 d4f4	1165	easy	advantage master middlegame short
5yJoG	r1b1q1k1/pp4p1/2p2rn1/3p2Bp/3P2nP/P1NB4/1PP3P1/R2Q2KR w - - 0 16	g5f6 e8e3 g1f1 e3f2	1166	easy	kingsideAttack mate mateIn2 middlegame short
GTnih	r4rk1/ppp1Rppp/2p5/1n3b2/5B2/1BP5/P1P2PPP/3R2K1 b - - 2 15	a8e8 b3f7 f8f7 e7e8	1166	easy	advantage deflection fork master middlegame short
I69bb	2Q5/5ppk/7p/P2n4/5q2/7P/1r1p1PP1/3N1RK1 b - - 2 31	b2b3 c8c2 f7f5 c2b3	1166	easy	crushing endgame fork short
PrQya	r3k1r1/2pqb2Q/p2pb1p1/1p2p3/4N3/1B6/PPP2PPP/2KR3R w q - 1 20	e4c5 e7g5 c1b1 d7h7	1166	easy	crushing discoveredAttack middlegame short
TdW26	rnb2rk1/pp1p1p1p/2pP1Qp1/q7/2B1P3/1NP5/5PPP/4K1NR b K - 3 12	a5d8 c4f7 f8f7 f6d8	1166	easy	crushing deflection kingsideAttack middlegame short
39hWU	6r1/pp1k2b1/1q6/3p3p/3PP2B/P1P5/1P1Q2P1/2KR4 w - - 0 28	e4e5 g7h6 c1c2 h6d2	1167	easy	crushing endgame pin short
CTzE5	6rk/p3Rqp1/7p/1p6/6P1/7P/P2Q1P1K/B7 b - - 0 37	f7e7 d2h6	1167	easy	endgame mate mateIn1 oneMove pin
Gonia	1r3r2/p2q1pk1/3p2pp/4pP2/2BpP1Qb/P6P/1P4P1/R4RK1 b - - 1 26	h4g5 f5f6 g5f6 g4d7	1167	easy	crushing discoveredAttack middlegame short
O5RHe	6k1/2p2qp1/2p1p2p/p2pP3/P1nP2PN/2P1n1KP/5r2/1RQ1R3 w - - 10 37	e1e3 f7f4	1167	easy	mate mateIn1 middlegame oneMove triangleMate
ZevkO	2k4r/p3b3/3p2p1/2p1p3/1p2P3/2PP1N1q/PP1Q4/R1B4K w - - 0 27	f3h2 h3f1	1167	easy	mate mateIn1 middlegame oneMove pin
cxd7h	8/8/4p3/4P3/2b1B3/1pK5/8/k7 b - - 11 52	c4d5 e4d5 b3b2 d5e4	1167	easy	bishopEndgame crushing defensiveMove endgame master short
kvZih	5r2/pp3pkp/4p1p1/3pP1P1/2rNnR1P/2P5/PP4P1/5RK1 b - - 4 23	a7a6 d4e6 f7e6 f4f8	1167	easy	advantage endgame short
prddf	6k1/pp2q2p/3p1R1b/2p4Q/8/2NP4/PPP2KPP/4r3 w - - 3 21	f6h6 e7e3	1167	easy	endgame mate mateIn1 oneMove triangleMate
zc6LK	r2qkb1r/2p1nppp/p1np4/1p1BN2b/4P3/7P/PPPP1PP1/RNBQ1RK1 b kq - 0 9	h5d1 d5f7	1167	easy	attackingF2F7 mate mateIn1 oneMove opening
E5j1h	r4rk1/pp4p1/2p5/4Nqp1/2PP1n1B/1Q6/P4P2/1R2RK2 w - - 0 28	h4g3 f5h3 f1g1 h3g2	1168	easy	mate mateIn2 middlegame short
FvkUX	3r3r/1pk2ppp/2R1b3/4P3/Q7/3q4/P4PPP/1R4K1 b - - 0 25	b7c6 a4a7 c7c8 b1b8	1168	easy	endgame master mate mateIn2 short
wmu1B	r4rk1/ppb2pp1/2pqp1p1/3pn1Pn/4P2P/2NP4/PPPBQPB1/R4RK1 w - - 5 17	d3d4 e5f3 g2f3 d6h2	1168	easy	clearance kingsideAttack mate mateIn2 middlegame sacrifice short
2gZ2k	8/p1r5/4k3/8/3Pn3/5Kp1/2N2p2/2R5 b - - 1 49	e6f5 c2e3 f5f6 c1c7	1169	easy	advantage discoveredAttack endgame master masterVsMaster short
3xBQl	4rrk1/pp1Q1pbp/2p5/3p4/8/2N5/PPq2RPP/5RK1 b - - 1 23	g7d4 d7g4 c2g6 g4d4	1169	easy	advantage fork middlegame short
Qi1ZC	5r1k/pR6/6Q1/4b2p/8/7N/P1P3P1/4q2K w - - 2 36	h3g1 e1h4 g1h3 f8f1	1169	easy	endgame mate mateIn2 pillsburysMate short
ScwRn	2r2rk1/p1p3p1/1p2nq1p/8/1bP5/2NQ4/PP3PBP/R1B1R1K1 w - - 0 17	g2d5 f6f2 g1h1 f2e1	1169	easy	crushing fork middlegame short
rbGW4	4rrk1/2R3p1/p4P2/1p4B1/3p2P1/3bp1K1/5Q2/7R b - - 0 37	e3f2 c7g7	1169	easy	endgame master mate mateIn1 oneMove
t6GNl	r7/ppp2pk1/8/4p2r/4P1pq/2P1QBK1/PP3P2/2R3R1 w - - 1 29	g3g2 h4h3	1169	easy	master mate mateIn1 middlegame oneMove
Qd0mH	2r2b1r/p1k2Qpp/p1q5/8/8/4B2P/PPP3P1/2KR4 b - - 0 23	c7b8 f7a7	1170	easy	mate mateIn1 middlegame oneMove queensideAttack
T3mU7	2r1r3/p3q1b1/1n3kp1/5p2/5N2/1Q2P3/PP3PP1/3R1K1R b - - 3 27	b6c4 f4d5 f6f7 d5e7	1170	easy	crushing fork middlegame short
fmPic	r1b1kb1r/p4pp1/1qp1p3/3pP3/2P2P1p/1P3Nn1/P1P3PP/RNB1QR1K w kq - 1 13	h2g3 h4g3 f3h2 h8h2	1170	easy	discoveredAttack discoveredCheck kingsideAttack mate mateIn2 middlegame short
jveMy	4kn2/7P/4p3/4P3/3pKPR1/r7/P1pr4/2N4R w - - 0 41	h7h8q a3e3	1170	easy	epauletteMate mate mateIn1 middlegame oneMove
xUdXs	4r3/2bk3p/pp3pp1/2pP4/P1P3bP/6P1/2BN1P2/1R3K2 w - - 5 33	b1e1 g4h3 f1g1 e8e1	1170	easy	crushing deflection endgame short
46zZR	rnb4r/1pkpbNpp/p4n2/q7/5P2/2N1Q3/PPP2PPP/R3KB1R w KQ - 1 13	e3e7 h8e8 e7e8 f6e8	1171	easy	advantage opening pin short
MrdWQ	6k1/1nr3p1/3p2R1/1p1Pp3/p3N3/P1Pr4/1P4R1/1K6 b - - 2 33	d3d5 e4f6 g8f8 f6d5	1171	easy	crushing endgame pin short
rZJIj	7r/r7/p2bbR2/1p1k2pB/3pp1P1/6K1/2P3Q1/4R3 w - - 6 43	g3h3 h8h5	1171	easy	mate mateIn1 middlegame oneMove pillsburysMate pin
3jvEi	3q2k1/4bpp1/3r3p/P2p4/2p5/1P1Q1N1P/2P2PP1/3R2K1 w - - 0 28	b3c4 d5c4 d3d6 e7d6	1172	easy	crushing endgame short
9Tmmv	5r1k/ppp3pp/2p5/b6Q/2q2P2/P1N4P/1r4P1/3RBR1K w - - 0 22	h5a5 c4f1 h1h2 f1g2	1172	easy	hangingPiece kingsideAttack mate mateIn2 middlegame short
SXKsB	3r1b2/2k1rQpp/3q1p2/p7/1p2PP2/1P6/1PP3PP/1K1R3R w - - 0 29	d1d6 e7f7 d6d8 c7d8	1172	easy	advantage endgame hangingPiece short
WlX1w	8/6p1/3kp2p/p4n2/1p1p4/2rP3R/P1R2PKP/3B4 w - - 0 37	g2f3 c3d3 f3g2 d3d1	1172	easy	crushing endgame fork short
fki3j	5rk1/5p2/p2p1Pp1/1p2p3/4P1Qb/r7/KPq4P/N2R1R2 w - - 0 27	a2a3 c2a4	1172	easy	master masterVsMaster mate mateIn1 middlegame oneMove
lmvkG	8/3P1pk1/6p1/5q2/p1PQ4/P7/1P3p2/K7 b - - 1 49	f5f6 d4f6 g7f6 d7d8q	1172	easy	advancedPawn attraction crushing endgame promotion queenEndgame short
tKccN	5rk1/1b3ppp/p3p3/P1p5/1p1bPP1q/1P1B3P/2P1Q1P1/3R1R1K w - - 1 24	e4e5 h4h3	1172	easy	kingsideAttack mate mateIn1 middlegame oneMove pin
E4kWo	Qn2qrk1/p1p1p1bp/3p4/8/2PP4/2Nb4/PP3PP1/R1B1K1N1 b Q - 0 13	g7d4 a8d5 e8f7 d5d4	1173	easy	advantage fork master middlegame short
X5scx	4kr2/1pr1q1Q1/p3pn2/P2pPp2/8/2P2PR1/1PB1b1P1/6KR w - - 1 37	e5f6 e7c5 g1h2 c7g7	1173	easy	crushing discoveredAttack middlegame short
eqtEB	r1bqkbr1/ppp1np1p/1n6/6p1/2BPN3/6B1/PP3PPP/R2QK1NR b KQq - 3 11	b6c4 e4f6	1173	easy	mate mateIn1 oneMove opening
gap2f	kr2R3/1pQ5/p7/3p2q1/P1nP2Pp/2Pb1P2/1p4K1/4R3 b - - 1 44	g5g8 c7b8	1173	easy	master mate mateIn1 middlegame oneMove queensideAttack
0SfRQ	r3kbnr/ppp1pppp/8/4q3/3n2b1/2NP2P1/PPP1NP1P/R1BQKB1R w KQkq - 1 7	c1e3 d4f3	1174	easy	mate mateIn1 oneMove opening
3MIbV	7k/pp4pp/3N4/2p1r1bP/6K1/1B6/PPb5/5R2 b - - 1 31	c2b3 f1f8 b3g8 d6f7	1174	easy	endgame mate mateIn2 short smotheredMate
6wAqL	2r1k3/2p2NQ1/pb6/1p1pPq2/3n4/8/PP3PP1/RNB2RK1 w - - 3 22	e5e6 d4e2 g1h1 f5h5	1174	easy	kingsideAttack mate mateIn2 middlegame short
Akkva	2r5/8/8/8/2P5/1P2p2R/1K1k4/8 w - - 2 59	h3h2 e3e2 h2e2 d2e2	1174	easy	advancedPawn crushing defensiveMove endgame master rookEndgame short
EAOfJ	r3k2r/1pp2pp1/p1p3n1/2b1p3/4P1pq/3P4/PPPN1PPN/R1BQ1RK1 w kq - 4 13	d1g4 h4h2	1174	easy	kingsideAttack mate mateIn1 middlegame oneMove
AkECW	rn1qkb1r/pp2ppp1/2p2np1/8/4N1P1/7P/PPPPQP2/R1B1KB1R b KQkq - 0 9	b8d7 e4d6	1175	easy	mate mateIn1 oneMove opening pin smotheredMate
N1lef	5k2/7R/5Kp1/8/2P4p/8/6r1/8 b - - 3 51	g2g4 h7h8	1175	easy	endgame mate mateIn1 oneMove rookEndgame
TuH1w	6R1/8/8/4ppkP/5R2/6P1/3rrPK1/8 b - - 1 41	g5h5 f4h4	1175	easy	endgame master mate mateIn1 oneMove rookEndgame
6X9NX	2r1r1k1/ppbb1pp1/5q1p/3p4/3Nn3/2PQ3P/PPBN1PP1/4RRK1 b - - 14 21	e4d2 d3h7 g8f8 h7h8	1176	easy	kingsideAttack mate mateIn2 middlegame short
6zse0	6k1/3R1p2/8/p2B2B1/P1p5/6P1/5q1K/8 w - - 2 41	h2h3 f2f5 h3h2 f5d7	1176	easy	crushing endgame fork short
MxHTc	4rr2/pp1k1ppp/2np4/2nK4/2P5/BP2N1P1/P7/3R1R2 w - - 11 23	a3c5 e8e5	1176	easy	hookMate mate mateIn1 middlegame oneMove
hGx5i	2r2r2/4Q2k/p5pP/3p4/8/bNn3P1/P1q5/KR6 b - - 3 33	h7h6 b1h1 c2h2 h1h2	1176	easy	mate mateIn2 middlegame short
GGLBP	8/pQ6/2p3k1/3p1p2/3P2K1/6P1/PP6/7q w - - 0 45	g4f4 h1e4	1177	easy	endgame mate mateIn1 oneMove queenEndgame
IUqka	6rk/p5pp/1p6/8/2p5/2P1P1P1/1q3PP1/3Q2KR b - - 1 39	b2c3 h1h7 h8h7 d1h5	1177	easy	attraction endgame mate mateIn2 sacrifice short
MSGY3	2k1n3/pp3pbb/n2p3p/1NpP2p1/2P3P1/PP2rPBP/3N4/2K2B1R w - - 5 22	g3d6 e3e1	1177	easy	mate mateIn1 middlegame oneMove pillsburysMate
iyK7s	8/pppR1Ppk/8/5N2/5b2/P4nPP/1Pr5/7K w - - 1 38	f7f8q c2h2	1177	easy	arabianMate endgame master mate mateIn1 oneMove
zosVR	r5k1/6pp/pq2pr2/3p1p2/4n3/1NP5/PP2QPPP/R4R1K w - - 4 20	f2f3 e4g3 h2g3 f6h6	1177	easy	mate mateIn2 middlegame sacrifice short
4ZayD	5rk1/2b3p1/p1q1r1Pp/1pp2N2/8/2P5/PPPB1Q2/2K2R2 b - - 3 32	c6d7 f5h6 g7h6 f2f8	1178	easy	discoveredAttack kingsideAttack mate mateIn2 middlegame short
7sFuQ	4R1k1/5p2/3n2PQ/5p1p/p2P4/P1P2q2/1P6/6K1 b - - 2 42	d6e8 h6h7 g8f8 h7f7	1178	easy	endgame master mate mateIn2 short
kk2MZ	8/R2B3p/5pk1/p1r1p1p1/1bb3P1/4P2P/2K2P1B/8 b - - 11 44	h7h5 d7f5 g6h6 a7h7	1178	easy	endgame mate mateIn2 operaMate short
r4KbG	3rr3/pp4p1/q1p2k2/2N2p2/5Pnp/1P1n1K1N/P1Q3PP/R6R w - - 5 28	c5a6 e8e3	1178	easy	hookMate mate mateIn1 middlegame oneMove
AnNOG	2k3K1/4RP2/2p5/p7/8/P7/2p5/8 b - - 3 56	c2c1q f7f8q	1179	easy	advancedPawn endgame mate mateIn1 oneMove promotion
L0jpl	r7/1p4k1/p2p1pp1/2p1p3/2B1P3/2PP4/PP3qb1/1R2Q1RK w - - 8 26	g1g2 a8h8 g2h2 f2h2	1179	easy	endgame kingsideAttack mate mateIn2 short
6jrUg	5N2/7k/3p2pp/1p4q1/1P2Q2n/2b2P1P/6P1/5NK1 b - - 3 41	h7g7 f8e6 g7f7 e6g5	1180	easy	crushing endgame fork master short
dsKU7	4rk1r/pQ4pp/3p2q1/3B1b2/8/B7/P4PPP/5RK1 b - - 2 20	f5e4 a3d6 g6d6 b7f7	1180	easy	mate mateIn2 middlegame sacrifice short
AAEa4	8/2R2pk1/8/4n3/2BK3P/p6P/8/4r3 w - - 0 49	c7a7 e5c6 d4d3 c6a7	1181	easy	crushing endgame fork master short
WBC9N	5qk1/p5p1/1p6/2p4Q/4R3/2P3nP/P5P1/6K1 w - - 1 46	e4e8 g3h5 e8f8 g8f8	1181	easy	advantage endgame master short
mm0AM	6r1/5p1k/ppb1pP2/2p4p/4q3/6Q1/PPP2K1P/R4R2 w - - 0 30	g3d3 g8g2	1181	easy	endgame killBoxMate mate mateIn1 oneMove
pp1dF	5rk1/p4p2/Q5pq/8/2BBr3/2P3Rp/P3p1bK/8 b - - 2 38	h6f4 a6g6	1181	easy	mate mateIn1 middlegame oneMove pin
vyocH	8/5pkp/6p1/1pn5/1Q3P2/2P2qP1/PBP4P/3K4 w - - 7 33	d1d2 c5e4 b4e4 f3e4	1181	easy	advantage endgame short
HMrfv	r1bq1bnr/pp6/2np1pkp/3Q4/5P1N/4P3/PP4PP/RNB2RK1 b - - 2 12	g6h7 d5f7 f8g7 f7g6	1182	easy	mate mateIn2 middlegame short
Mz73V	4r2k/1pQ2Rbp/p5p1/4q3/3B4/2P4P/6P1/7K b - - 10 39	e5c7 d4g7 h8g8 f7c7	1182	easy	advantage endgame intermezzo short
j2Ajp	r4r1k/4Np1p/n2n1p2/pR2p3/8/2P1BP2/P5PP/2R3K1 w - - 2 25	b5a5 d6c4 a5a6 a8a6	1182	easy	advantage fork master middlegame short
pKB1d	8/5pkR/3p2p1/p2Pr1p1/Pp1p2P1/1PrP4/2P4R/3K4 b - - 5 31	g7f6 h2f2 e5f5 g4f5	1182	easy	advantage endgame rookEndgame short
6tOqQ	8/8/R6p/6pk/1P1p4/7P/P1r2qP1/6RK b - - 2 33	c2a2 g2g4 h5h4 a6h6	1183	easy	deflection endgame mate mateIn2 queenRookEndgame short
JWYON	5rk1/6p1/4p2p/1p1pP1p1/3q2P1/1Q3PKP/3N2R1/8 w - - 0 46	b3b5 d4f4 g3f2 f4d2	1183	easy	crushing endgame interference short
MZ2KT	3r1rk1/pp3ppp/4b3/2q1Pp2/5P2/1PP2Q2/P5PP/RN2K2R w KQ - 0 16	f3f2 d8d1 e1d1 c5f2	1183	easy	crushing deflection middlegame short
VFl01	5rk1/5pp1/7p/7P/5QP1/4R3/5PK1/2q5 b - - 0 39	f8c8 e3e8 c8e8 f4c1	1183	easy	crushing deflection discoveredAttack endgame master short
gpAx9	rnN2k1r/ppbp1ppp/2p5/4q3/1P1N4/1Qn5/P4PPP/R1B1KB1R w KQ - 0 13	d4e2 c3e2 f1e2 e5a1	1183	easy	crushing discoveredAttack opening pin short
nOxTr	2kr1b2/ppp5/1qp2p2/5P2/2N3R1/3P4/PPP2PK1/R2Q3r b - - 0 18	h1d1 c4b6 a7b6 a1d1	1183	easy	advantage intermezzo middlegame short
iYVtc	8/2p1n1p1/3p1k1p/2pP3P/p4N2/R4KP1/P7/4r3 b - - 5 40	f6e5 f4d3 e5d5 d3e1	1184	easy	advantage endgame fork master short
n4kFq	2rq1r2/7k/p2pB2p/1p4pP/4QPP1/2P5/PP6/6K1 b - - 2 28	h7g7 e4g6 g7h8 g6h6	1184	easy	deflection endgame mate mateIn2 short
psZ1M	R7/6pk/2q1p2p/2Pr1p2/Q7/7P/3r1PP1/2R3K1 b - - 1 36	d5c5 a4c6 c5c6 c1c6	1184	easy	advantage endgame short xRayAttack
uOt9e	r2qkb1r/3pnppp/p3p3/1p6/3PN3/PB3N2/1P3PPP/R1nQ1RK1 b kq - 0 13	c1b3 e4d6	1184	easy	master mate mateIn1 oneMove opening smotheredMate
2p9go	8/5ppk/3R1n1p/4p3/4P1b1/2r2P2/1R2BK1P/8 w - - 0 33	f3g4 f6e4 f2g1 e4d6	1185	easy	advantage endgame fork master short
LEyUm	r2q4/p3r1k1/2R1Qp1p/1p1pN1p1/3Pn3/4P3/PP3PPP/2R3K1 w - - 6 29	c6c7 e7c7 c1c7 d8c7	1185	easy	advantage middlegame short
bZaIx	2r1kb2/pp3pp1/1q6/3Q3P/3R4/5P2/PPP1r3/1KB4R b - - 0 26	c8c2 d5d7	1185	easy	master mate mateIn1 middlegame oneMove
Mekrf	8/5B2/R5pp/1r2p1k1/4Pp2/P1P2P1P/6PK/3r4 b - - 6 48	b5b1 a6g6 g5h4 g6g4	1186	easy	endgame mate mateIn2 pillsburysMate short
tL4mn	2rq1rk1/p4ppp/1pbppnn1/8/3P4/2PB1NPQ/PP1N1PP1/R3R1K1 w - - 6 19	g3g4 g6f4 d3h7 f6h7	1186	easy	advantage fork middlegame short
1FJAB	6rk/5pbp/3p4/1ppPnQ1N/p5q1/7R/2P2PPP/3R3K w - - 2 29	h5g7 g4d1	1187	easy	backRankMate hangingPiece master mate mateIn1 middlegame oneMove
26nvp	r3k2r/p1p2ppp/1pP1b3/8/Q1P5/2q5/P2NBPPP/4K2R b Kkq - 1 16	e8c8 a4a6 c8b8 a6b7	1187	easy	mate mateIn2 middlegame queensideAttack short
EsjNm	7k/p1N3R1/1p3pKp/4r3/8/4n3/P5PP/8 w - - 10 36	g6h6 e3f5 h6g6 f5g7	1187	easy	crushing endgame fork short
HNc8l	5k2/pb3pbp/1p2p1p1/8/2nPP3/3B1P2/P3N1PP/2B3K1 b - - 4 25	c4d6 c1a3 f8e8 a3d6	1187	easy	advantage endgame master pin short
VFoc2	7r/1p2rqk1/4ppn1/pP1p3p/3N3P/2P2QP1/1P2RP2/4R1K1 w - - 5 31	d4f5 e6f5 e2e7 g6e7	1187	easy	advantage middlegame short
zKXq1	8/Q1rkR1pp/R4pqn/3r4/5P2/3P3b/P1P3P1/6K1 b - - 8 33	d7d8 a7c7	1187	easy	mate mateIn1 middlegame oneMove triangleMate
0f2EG	4k1r1/4bp1p/p2p1p2/3Bp3/4P3/7P/Pq3rP1/1R1Q2KR w - - 0 25	b1b2 g8g2	1188	easy	blindSwineMate mate mateIn1 middlegame oneMove
2R6Wj	4rrk1/pp3p2/2pq3p/3p1bp1/3P4/2P2B2/PP3PPP/R2QR1K1 w - - 0 18	f3g4 e8e1 d1e1 f5g4	1188	easy	advantage kingsideAttack middlegame short
DcEjQ	5r2/1p1R4/p5pk/7p/8/8/PPr2PPP/4R1K1 w - - 3 28	d7b7 f8f2 h2h4 f2g2	1188	easy	advantage endgame rookEndgame short
kckXO	r2k1r2/3n2p1/1p1P3p/p1p2q2/8/BQP3PP/P3RP2/R5K1 w - - 1 32	g1g2 f5f3 g2g1 f3e2	1188	easy	crushing fork middlegame short
n3Hol	8/1p2k3/2p1r3/p1P2K1B/rP4R1/4P3/8/8 b - - 1 49	a4b4 g4g7 e7d8 f5e6	1188	easy	crushing deflection endgame short
SFxht	8/1p4p1/pn1k2Pp/3b4/3N1r1P/1PP5/P3R3/2K5 b - - 0 30	f4h4 d4f5 d6d7 f5h4	1189	easy	advantage endgame fork master short
X8gjd	r1b1k2r/p3ppb1/1q5p/3NP3/5Pp1/6P1/PPPQ2P1/2KR3R b kq - 0 17	b6b7 d5f6 e7f6 d2d8	1189	easy	clearance mate mateIn2 middlegame sacrifice short
Z2Ouz	r1b1k2r/pp3pp1/3p3p/4n3/3NP1nq/1BN5/PP3PPP/R2Q1RK1 w kq - 2 14	d4f3 e5f3 g2f3 h4h2	1189	easy	kingsideAttack mate mateIn2 middlegame short
flijd	2rqr1k1/1b3p2/p1n1pn1Q/6N1/1b1P4/2NB3P/1P3PP1/3RR1K1 b - - 2 19	b4f8 d3h7 f6h7 h6h7	1189	easy	kingsideAttack mate mateIn2 middlegame short
tyn1c	rnb5/1p1p2p1/p3p2k/2b1q1N1/5NQ1/8/PPP2PPP/R4RK1 b - - 0 16	e5g5 g4h3 g5h4 h3h4	1189	easy	mate mateIn2 middlegame short
Ae04x	r4rk1/1pp2pp1/p6p/2q5/3n4/3B2Q1/PP4PP/R1B2RK1 w - - 2 19	c1h6 d4e2 g1h1 e2g3	1190	easy	crushing discoveredCheck doubleCheck kingsideAttack middlegame short
ZGHAU	rnb2rk1/ppp2p1p/6p1/8/2Pbn2q/2N2N1P/PP2PPP1/R2QKB1R w KQ - 0 11	f3h4 d4f2	1190	easy	attackingF2F7 mate mateIn1 oneMove opening
aymM3	8/8/1R6/6kp/1P4p1/6K1/1r5P/8 w - - 3 51	b4b5 h5h4	1190	easy	endgame mate mateIn1 oneMove rookEndgame
pYa5Z	7k/5p1p/2p1pP2/p6P/1p1P4/P2qP1r1/1P3Q2/K7 w - - 0 36	f2g3 d3d1 a1a2 b4b3	1190	easy	endgame mate mateIn2 queenEndgame short
rAiqr	2r5/2q2N1k/5Qp1/6P1/4P3/3n3P/1P3RK1/8 w - - 5 40	f2f3 d3e1 g2f1 e1f3	1190	easy	crushing endgame fork master short
8kgZw	rn2k1nr/p4ppp/1p2p3/1Ppp4/2P5/P2B1P2/2P2P1P/R1B2RK1 b kq - 0 13	d5d4 d3e4 b8d7 e4a8	1191	easy	crushing middlegame short trappedPiece
EC0Ot	8/5pp1/2R4p/3pPk2/5P2/5KP1/7r/8 b - - 1 44	h2d2 g3g4	1191	easy	endgame mate mateIn1 oneMove rookEndgame
Kucor	1r2kr2/p2q2pp/8/Q3P3/8/8/PPP2bPP/3R1R1K b - - 3 20	d7b5 d1d8 b8d8 a5b5	1191	easy	crushing deflection middlegame short
dbqKc	5rk1/1R3pp1/p3p2p/1p6/2pPN3/4PQ1P/Pq3PP1/6K1 w - - 0 28	f3g3 b2b1 g1h2 b1e4	1191	easy	advantage endgame fork short
BYNUG	3k4/6R1/3PK3/5p2/4pP2/1P6/5rp1/8 b - - 0 54	f2d2 g7g8	1192	easy	endgame master mate mateIn1 oneMove rookEndgame
MypXL	7k/3r2p1/p6p/1p6/1P3P2/P1N1K1P1/2b4P/4R3 w - - 5 39	e1e2 d7d3 e3e4 d3c3	1192	easy	advantage discoveredAttack endgame fork short
TUcoO	1r4k1/1bQ4R/p1n1pp2/8/Np2PP2/1P6/PKP5/6q1 b - - 2 27	g1g3 c7f7	1192	easy	mate mateIn1 middlegame oneMove triangleMate
cjWn4	rn2r1k1/p1p1q1pp/1p1p4/3P4/6Q1/8/PB3PPP/4RRK1 b - - 4 17	e7e1 g4g7	1192	easy	kingsideAttack mate mateIn1 middlegame oneMove
i4kIO	4rrk1/1p4pp/p2p1P2/2pP4/2Pq1P2/3P2Q1/P5PP/4RR1K b - - 0 21	e8e1 g3g7	1192	easy	endgame kingsideAttack mate mateIn1 oneMove
ibmWV	8/2R4k/p4pp1/8/1B2p1PP/P6K/5q2/8 b - - 3 49	h7h6 b4f8	1192	easy	endgame mate mateIn1 morphysMate oneMove
jOore	8/3R4/p1r2qpk/1p3p1p/8/4Q3/5PP1/6K1 b - - 7 43	f6g5 d7h7 h6h7 e3g5	1192	easy	advantage deflection endgame short
1XCYt	r2qkb1r/p1p2ppp/2pp4/4p3/4P1b1/2NP1N2/PPP2P2/R1BQK2R w KQkq - 0 10	c1g5 g4f3 d1f3 d8g5	1193	easy	advantage capturingDefender opening short
Gf6b0	3r2k1/p3pp1p/b1p3p1/8/4PP2/1PN3P1/P2r1K1P/3RR3 w - - 5 23	f2e3 d8d3	1193	easy	blindSwineMate endgame master mate mateIn1 oneMove operaMate
URybA	6k1/2Q3pp/3n4/p1R5/P4P1q/2Pb1p1P/1r3P2/R4NK1 w - - 1 28	c7d6 h4f2 g1h1 f2g2	1193	easy	mate mateIn2 middlegame short
74Xe0	4rrk1/1ppq1ppp/p7/3PR1N1/P2nQP2/3P3P/6P1/2B3K1 b - - 2 21	d7a4 e4h7	1195	easy	kingsideAttack mate mateIn1 middlegame oneMove
eW1t5	5k2/1p4Q1/p4Kp1/2pq2N1/8/1P6/8/8 b - - 7 53	f8e8 g7e7	1195	easy	endgame master mate mateIn1 oneMove
1F1Kz	r1b1kb1r/4pppp/p1n2n2/4q1N1/2Q1N3/8/PPPP1PPP/R1B1K2R b KQkq - 0 12	e5d5 e4f6 g7f6 c4d5	1196	easy	crushing middlegame short
4yNrX	r2q1rk1/ppp1B1pp/3pp3/4p2n/4P3/2NP2QP/PPP2PP1/R4RK1 b - - 0 13	h5g3 e7d8 f8d8 f2g3	1196	easy	advantage intermezzo middlegame short
hsprJ	2k5/1pbp2pp/2p2r2/6Q1/3n4/6P1/PP3P1P/R4RK1 w - - 0 27	f1e1 d4f3 g1g2 f3g5	1196	easy	advantage endgame fork short
ttCS4	r4rk1/pp2qpp1/2nb2bP/8/7B/2n2N1P/PP1NQP2/2KR1B1R w - - 0 17	e2e7 c3a2	1196	easy	mate mateIn1 middlegame oneMove queensideAttack
HiCWo	r1b2rk1/ppp1qppp/8/3pn3/8/2P2PP1/PP2P2P/RN1QKB1R w KQ - 0 11	b1d2 e5d3	1197	easy	mate mateIn1 middlegame oneMove pin
Sl6d0	6k1/ppp3p1/1b1p3r/n4q2/3P1Pr1/1PP1B1P1/P4KQ1/R4R2 b - - 4 29	h6h2 g2h2 f5c2 f2g1	1197	easy	advantage defensiveMove hangingPiece middlegame short
iXkTr	5bk1/5ppp/8/1p1Q4/pP6/q4B1P/5PPK/8 w - - 0 35	d5b5 f8d6 g2g3 a3f3	1197	easy	crushing deflection endgame short
aRszB	2kr4/pp4pp/8/1Pn5/2P5/P4P1P/5K1B/7R w - - 0 30	h2e5 c5d3 f2e3 d3e5	1198	easy	advantage endgame fork master short
L7fAs	6k1/1pp2p1p/6p1/8/4b3/1P4Q1/1qPr2PP/2R3RK w - - 0 25	g3e3 e4g2 g1g2 b2c1	1199	easy	crushing deflection endgame short
h7BId	8/8/8/2k2Kp1/1p3pPp/5P2/P6P/8 b - - 1 45	c5c4 f5g5 b4b3 a2b3	1199	easy	crushing endgame pawnEndgame short
sW1wv	r1b2rk1/3p1pbp/p2Q2p1/qp2p3/N1PnP3/1P4P1/PB3PBP/R4RK1 w - - 0 16	b2c3 d4e2 g1h1 e2c3	1199	easy	crushing middlegame short
7gmXm	rnbq1r2/pp2npp1/2p1N1k1/3pP3/2PP1PQ1/2b5/PP4PP/R1B2RK1 b - - 0 13	g6h7 g4g7	1200	easy	master mate mateIn1 oneMove opening
Tj5LX	8/8/5k2/8/NpR2K2/1P6/2p4r/8 w - - 0 45	f4e4 h2h4 e4d3 h4c4	1200	easy	crushing endgame master short
my9dB	1r3bk1/5p1p/2R5/3P4/4p3/1r2P1P1/K2RN2P/8 w - - 4 30	e2d4 b3a3	1200	easy	endgame mate mateIn1 oneMove operaMate
wakwW	r2q1rk1/pb1n1pp1/2p1pn1p/1p6/3PN2B/3BP3/PP1b1PPP/R2Q1RK1 w - - 0 13	d1d2 f6e4 d3e4 d8h4	1200	easy	advantage discoveredAttack middlegame short
0ybFB	r1bq2kr/pp2b1p1/4p1Q1/3pP1p1/7P/2PB4/PP1N1PP1/R3K2R w KQ - 3 16	e1c1 h8h6 g6h6 g7h6	1201	easy	advantage middlegame short trappedPiece
3k6Ki	r1bqr1kR/p4p2/1p6/3pP1nQ/3P4/P1P4P/2p3P1/R5K1 b - - 1 24	g8g7 h5h6	1201	easy	mate mateIn1 middlegame oneMove triangleMate
6zhDm	5rr1/pppk4/2nq4/3p3P/3PpP1Q/2P1P3/PP4P1/2KR3R b - - 2 23	g8g2 h4h3 d6e6 h3g2	1201	easy	crushing fork middlegame short
Du9CK	3r1br1/pP1k1p2/2N5/2P1B1p1/Q3q1b1/P3P2p/5PPP/1R3RK1 w - - 4 27	b7b8q e4g2	1201	easy	kingsideAttack mate mateIn1 middlegame oneMove
IfusE	r2q1r1k/1pp3pn/p2b3p/4N3/8/1BP4b/PP1B1PP1/R1Q1R1K1 b - - 0 21	h3d7 e5g6	1201	easy	mate mateIn1 oneMove opening
Jc5om	2kr3n/1p6/5Qb1/p1qpnP2/3p4/P5N1/1PP5/R1B1K3 w Q - 0 25	f6e5 d8e8 e5e8 g6e8	1201	easy	advantage middlegame pin short
KGT6F	r1b2rk1/ppp3pp/2n5/8/3qB3/1Q4P1/PP3PP1/R3K1NR b KQ - 1 15	g8h8 h1h7	1201	easy	kingsideAttack mate mateIn1 middlegame oneMove operaMate
QVbgk	2r2r2/pp2bpk1/8/4qp1Q/bP6/2nB2R1/P5PP/R6K b - - 1 29	g7f6 h5h6	1201	easy	epauletteMate master mate mateIn1 middlegame oneMove
XggGQ	r1bqkb1r/pp2pppp/2n5/4N3/3Pp3/8/PPP2PPP/R1BQKB1R w KQkq - 2 8	f1b5 d8a5 c2c3 a5b5	1201	easy	crushing fork opening short
1kihr	r2qkbr1/1p1npp1p/p2p4/3N1b2/B2P2Q1/3N2Pp/PPP2P1B/R3R1K1 b q - 0 19	f5g4 d5f6	1202	easy	mate mateIn1 middlegame oneMove pin smotheredMate
2fd0v	6rk/6p1/4p1Rp/p3Qp2/2P5/1P3q1P/7K/8 b - - 3 51	f3f1 g6h6	1202	easy	endgame mate mateIn1 oneMove pin
ECRHb	3r1rk1/pp3ppp/5n2/4n3/4pNbP/1qP1Q3/PP3PP1/RN2K2R w KQ - 0 19	a2b3 d8d1	1202	easy	mate mateIn1 middlegame oneMove operaMate
YHpDC	2b2qr1/2Q3bk/6Rp/4Pp2/pp1P1P2/5B1P/PPP5/2K5 b - - 1 33	f8d8 g6g7 g8g7 c7d8	1202	easy	crushing deflection middlegame short
kYWR3	r1q1r3/b1pbnB1k/p1np1B1p/1p6/3PP3/5N1P/PP3PP1/R2Q1RK1 b - - 0 17	e8f8 f3g5 h6g5 d1h5	1202	easy	clearance mate mateIn2 middlegame sacrifice short
nbkAY	3n4/3P4/1n6/4p2p/8/N1N2PP1/1p2K3/2k5 b - - 2 53	b6d7 c3a2	1202	easy	endgame knightEndgame master mate mateIn1 oneMove
BDCH0	5Q2/8/1p5p/8/2P3P1/6K1/2k5/6q1 w - - 6 56	g3h4 g1h2	1203	easy	endgame mate mateIn1 oneMove queenEndgame
BMA2n	r3k2r/1bp1bppp/p7/N2n4/4p3/N7/PP3PPP/R1BR2K1 b kq - 1 16	e7a3 a5b7 a3b2 c1b2	1203	easy	advantage hangingPiece middlegame short
fXasI	r1bq1b1r/3n1kp1/2n1p1Qp/1p1pP3/p1pP1B2/2P5/PPBN1PPP/R3K2R b KQ - 1 17	f7g8 g6e6	1203	easy	kingsideAttack mate mateIn1 middlegame oneMove
0oUiF	8/8/p7/Pp1kp2p/1P3pP1/2KPP1P1/8/8 w - - 0 46	e3f4 e5f4 c3d2 f4g3	1204	easy	crushing endgame master pawnEndgame short
NvCHU	rr4k1/bpp2pp1/p1npbq2/4p1Nn/PP2P2P/2PP4/5P1N/R1BQKB1R w KQ - 3 17	d1h5 f6f2 e1d1 e6b3	1204	easy	attackingF2F7 mate mateIn2 middlegame short
OBLHN	rn3rk1/ppp1pp1p/6p1/5b2/1q2N3/1P1B4/P3NPPP/RQ2K2R w KQ - 2 13	e2c3 f5e4 d3e4 b4c3	1204	easy	advantage capturingDefender opening pin short
XW8Bk	5rk1/1p2bp2/p1q1p2p/4P2N/P3r3/2PQ2P1/1P4RP/3R3K w - - 12 32	d3d7 e4e1 d1e1 c6d7	1204	easy	advantage deflection master middlegame short
hDvqZ	r1b3rk/p5p1/2p2B1p/2pq1P2/4pR2/3pP2Q/P2R2PP/6K1 b - - 0 29	d5f7 h3h6	1204	easy	kingsideAttack mate mateIn1 middlegame oneMove pin
ke6wU	8/pp4pk/2b5/Q7/4qp2/P7/1P1R1KPP/8 w - - 4 36	a5g5 e4e3 f2f1 e3d2	1204	easy	crushing endgame fork master short
7VYj2	6R1/1p3p2/1p5p/3r3k/1P2q2P/1KP5/8/6Q1 b - - 3 41	d5d2 g8g5 h6g5 g1g5	1205	easy	endgame master mate mateIn2 sacrifice short
ZdWAu	1r4k1/2p1bp2/3p2p1/3Pp1Pp/1q2P2P/1p1RQPK1/1P6/2N5 b - - 4 40	e7d8 d3b3 b4b3 c1b3	1205	easy	advantage endgame short
Q69uS	r3k2N/ppp3pp/2n5/2bBpb2/4n3/6Pq/PPPP1P1P/RNBQ1RK1 w q - 1 10	d5e4 f5e4 d1h5 h3h5	1206	easy	crushing middlegame short
3hHlU	r1bqk2r/pp1n1ppp/8/1BbPp3/4P3/8/P4PPP/R1BQK1NR w KQkq - 3 10	g1f3 d8a5 f3d2 a5b5	1207	easy	advantage fork master opening short
5OIJF	r5k1/pp2b1pp/3p1r2/8/4p3/2P5/PP1N1PPP/R3K2R w KQ - 0 18	d2e4 f6e6 e1d2 e6e4	1207	easy	advantage endgame pin short
O8QZa	8/Q7/6k1/8/5K2/6P1/8/5q2 w - - 7 53	f4g4 f1f5 g4h4 f5h5	1208	easy	endgame mate mateIn2 queenEndgame short
Wijje	r1bqkb1r/5ppp/p3pn2/1p6/3P4/P1NB4/1P3PPP/R1BQK2R b KQkq - 0 11	d8d4 d3b5 a6b5 d1d4	1208	easy	advantage discoveredAttack opening short
fPwlO	r7/ppp2kpp/4b3/8/4r3/5N2/P4PPP/2KR3R b - - 1 17	e6a2 f3g5 f7f8 g5e4	1208	easy	crushing endgame fork master short
rrxKI	r4rk1/3Q1ppp/8/1P6/6P1/2q2P2/1pN4P/1K1RR3 w - - 0 27	d7d4 a8a1 c2a1 b2a1q	1208	easy	advancedPawn mate mateIn2 middlegame promotion short
tZvxb	k3r3/bp4p1/p6p/7P/2P5/1PBq1Q2/PK2R3/3nR3 w - - 5 43	e1d1 e8e2 f3e2 d3e2	1208	easy	advantage master middlegame short
8SWJj	r4r1k/ppq3p1/2n1R2p/3Q1p2/2P5/P6P/1B3PP1/5RK1 b - - 0 22	a8d8 e6h6	1209	easy	kingsideAttack mate mateIn1 middlegame oneMove pin
AuhTR	r3kb1r/p1p3pp/2pp4/5P2/2bN2P1/2P5/P1P2P1P/R1B1K2R w KQkq - 3 14	d4c6 c4d5 h1g1 d5c6	1209	easy	advantage fork middlegame short
VNHZp	2r2bk1/1q3p1p/1N2b1p1/1rp5/3pP3/BP1Q2PP/5P2/1RR2BK1 b - - 0 27	b7b6 d3b5 b6b5 f1b5	1209	easy	advantage master middlegame short
l7V98	8/8/3N4/P1R1p3/1P1k1p2/3b4/r1pK1P2/8 b - - 3 52	e5e4 d6f5	1209	easy	endgame master mate mateIn1 oneMove
ocbE3	6k1/2R5/3P1pKp/8/3r4/8/8/8 b - - 4 53	d4d6 c7c8 d6d8 c8d8	1209	easy	endgame mate mateIn2 rookEndgame short
rRkzU	2r2kr1/1b3pqp/p2ppN1n/1pb5/7Q/3B4/PPP2PPP/R1B2RK1 w - - 6 18	f6g8 g7g2	1209	easy	kingsideAttack mate mateIn1 middlegame oneMove
zrkvE	8/6p1/5pk1/3p4/3P1P2/3QKP2/6q1/8 b - - 3 52	g6h5 d3h7	1209	easy	endgame master mate mateIn1 oneMove queenEndgame
3wNHv	rn1qkbnr/pp2ppp1/2p5/7p/6P1/3P1p2/PPPN1PP1/R1BQKB1R w KQkq - 0 7	d1f3 h5g4 h1h8 g4f3	1210	easy	advantage master opening short
Nwb5R	5rnk/p6r/6R1/4P3/8/3QBqbp/PPP3R1/6K1 w - - 0 33	g2g3 h3h2	1210	easy	advancedPawn mate mateIn1 middlegame oneMove
fctaW	1R6/2r5/3p3p/2k2pbP/4p3/1B4P1/1rP1R1K1/8 b - - 3 40	c5c6 b3a4 c6c5 b8b2	1210	easy	crushing discoveredAttack endgame short
ryoCv	3r1rk1/p4pp1/1n2p2p/1P6/P2Q4/2p1PN2/1q3PPP/R1R3K1 w - - 2 25	d4c3 d8d1 c1d1 b2c3	1210	easy	advantage deflection middlegame short
s1Ofl	r4rk1/pb3ppp/1p3n2/1N1qn3/3p4/6N1/PPPQBPPP/R4RK1 w - - 2 16	d2d4 d5g2	1210	easy	kingsideAttack mate mateIn1 middlegame oneMove
HrEsA	4r1k1/p3qR2/6p1/4p1Pp/2B1bn1Q/5NRP/P4r2/6K1 b - - 1 35	e7c5 f7c7 c5c4 c7c4	1211	easy	advantage discoveredAttack discoveredCheck middlegame short
JdSmI	r1b2rk1/4Nqp1/p7/1p2p1Q1/2pn4/8/1R3PPP/5RK1 b - - 3 22	g8h7 g5h4 f7h5 h4h5	1211	easy	anastasiaMate mate mateIn2 middlegame short
bMVtY	7k/2Bn2pp/3P1p2/8/8/7P/1p2rPP1/1R4K1 w - - 2 32	g1f1 e2c2 b1b2 c2b2	1211	easy	advantage endgame short
z5Oml	5Rk1/2Q2pp1/8/8/7P/5r2/6r1/3K4 b - - 0 45	g8f8 c7d8	1211	easy	endgame mate mateIn1 oneMove queenRookEndgame
IycVx	3q1rk1/pp5p/n2pbpp1/4b1B1/7K/2N2P2/PP2N1B1/R2Q1R2 w - - 0 23	f3f4 f6g5 h4g3 g5f4	1212	easy	advantage middlegame short
JheLR	r1b1r1k1/1pp2ppp/p7/2bN4/3N3q/PB2K2P/1PP3P1/R1BQ3R w - - 3 15	e3d3 h4d4	1212	easy	mate mateIn1 oneMove opening
ajEZJ	8/6kp/8/1p2p1KP/1P1rR3/5P2/8/8 b - - 6 48	d4e4 f3e4 h7h6 g5f5	1212	easy	crushing endgame short
93Gld	rn1qkbnr/pp2ppp1/2p5/4N3/2B1P1bp/8/PPQPNPPP/R1B1K2R b KQkq - 3 9	g4e2 c4f7	1213	easy	attackingF2F7 mate mateIn1 oneMove opening
KSlU4	r3k2r/p2n1pp1/Q7/2b1p3/6pq/3PB3/PPP2PPP/RN3RK1 w kq - 2 16	e3c5 h4h2	1213	easy	kingsideAttack mate mateIn1 middlegame oneMove
a9vHw	4rrk1/Nb1n2pp/1q6/5p2/2P1p3/3PRN2/PP3PPP/R2Q2K1 w - - 1 17	a7b5 e4f3 e3e8 f8e8	1213	easy	advantage middlegame short
aIzSy	5rk1/pp3p1p/1nr1pQp1/q2p3P/3P2P1/4P3/PP3P2/R4RK1 b - - 0 21	b6c4 h5h6 e6e5 f6g7	1213	easy	mate mateIn2 middlegame short
h4ldb	r1bk1b1r/ppN1pppp/2n5/2pp4/3PnB2/2P1PN2/Pq3PPP/R2QKB1R w KQ - 4 9	c7a8 b2f2	1213	easy	attackingF2F7 mate mateIn1 oneMove opening
umzyc	rnbq1rk1/pp3pp1/2p1p2p/3pP1n1/3P1QP1/2NB1N2/PPP2P1P/R3R1K1 w - - 1 13	h2h4 g5h3 g1g2 h3f4	1213	easy	crushing fork middlegame short
zkl6E	8/5K2/8/4qN1p/5r2/3Q3k/8/8 b - - 3 78	h3g4 d3g3 g4f5 g3g6	1213	easy	endgame mate mateIn2 sacrifice short
C01oK	5rk1/5p2/Q7/1p2pN1p/4P1q1/2r5/5P2/4RK2 b - - 3 43	g8h7 a6h6 h7g8 f5e7	1214	easy	endgame fork master mate mateIn2 short
YxYeW	r4rk1/1pp1qpp1/1p4b1/3P4/2B1n1P1/2PP3P/PP6/R3QRK1 w - - 0 20	d3e4 e7c5 f1f2 c5c4	1214	easy	advantage fork middlegame short
1zbmz	r6r/1p4k1/p3R1p1/2qn2P1/8/P5N1/1P1Q2P1/5R1K w - - 1 32	g3h5 h8h5	1215	easy	hangingPiece mate mateIn1 middlegame oneMove
3Q8I0	k2r2r1/p4q1p/Qp5n/3bBpb1/1PN5/P2B2P1/7P/R3R1K1 b - - 2 26	d5b7 c4b6	1215	easy	mate mateIn1 middlegame oneMove pin queensideAttack
6ef9s	2r5/5R2/8/8/8/3K1k2/2p4r/2R5 b - - 1 56	f3g4 c1g1 h2g2 g1g2	1215	easy	crushing endgame master rookEndgame short
79zc5	3r4/Bk1n1p2/3Q3p/p1p3p1/1qp4P/1b6/5PP1/R4RK1 b - - 1 25	b7a7 d6c7 a7a6 c7d8	1215	easy	advantage fork middlegame short
8jFet	5rk1/pQ4p1/2p4p/3p4/3Pb1Pq/P3P2P/1PP3K1/1R3R2 w - - 1 30	g2h2 f8f2 f1f2 h4f2	1215	easy	collinearMove endgame mate mateIn2 short
G6Ulj	1r1q1rk1/pp2bppp/3p4/2p5/3nB2P/4Q1P1/PP1B1P2/R3R1K1 b - - 2 17	f7f5 e4d5 g8h8 e3e7	1215	easy	advantage discoveredAttack kingsideAttack middlegame short
zODvV	8/8/3R2P1/1p2pkBK/8/1P1p4/P7/6r1 w - - 2 49	g5e3 g1h1	1215	easy	endgame master mate mateIn1 oneMove
N61tm	r1b1kb1r/1p2pppp/pqnp4/8/3NPPn1/2N5/PPP3PP/R1BQKB1R w KQkq - 5 9	d4c6 b6f2	1216	easy	mate mateIn1 oneMove opening
R21S6	r3r1k1/p1p2ppp/2Nb4/5b2/3P4/2P1pPP1/P3P2P/R1B1K2R w KQ - 1 16	f3f4 f5e4 e1g1 e4c6	1216	easy	crushing fork middlegame short
3agDL	6rk/pp4b1/3p4/3PpbNp/4N2P/5P2/PPK5/6R1 b - - 0 31	g7h6 g5f7 h8h7 g1g8	1217	easy	crushing discoveredAttack endgame fork short
EbQep	r5k1/p4ppp/1p6/3P1P2/8/1Q2B1bP/PP2q3/R2R3K w - - 0 28	e3g1 e2e4 b3f3 e4f3	1217	easy	mate mateIn2 middlegame short
XRWuC	8/8/p3P1r1/1pp3k1/2Pq4/5Q2/P5PR/6K1 w - - 1 40	g1h1 d4a1 f3d1 a1d1	1217	easy	backRankMate endgame mate mateIn2 short
XzdhO	r3kb1r/ppqnpppp/2p1P1b1/8/2B2BP1/2N4P/PPP2P2/R2QK2R b KQkq - 0 13	c7f4 d1d7	1217	easy	mate mateIn1 oneMove opening
hF7Qw	4R3/1p6/8/1B2k1p1/P2p1p2/3Pn2r/5K2/8 b - - 3 51	e5f5 b5d7 f5f6 d7h3	1217	easy	advantage endgame short skewer
pOuMx	r2qr1k1/ppp1bp2/5npQ/5bN1/2BP3B/P1N5/1P3PPP/n3R1K1 b - - 1 18	e7f8 c4f7	1217	easy	balestraMate kingsideAttack mate mateIn1 middlegame oneMove
6hq4u	8/8/8/P1p1n3/4kp2/P7/4BK2/8 b - - 0 52	e5c6 e2f3 e4e5 f3c6	1218	easy	crushing endgame master short skewer
Zy3wB	6k1/7p/1p2P1pP/p5P1/Pq1KQ3/6P1/8/8 w - - 16 50	d4d5 b4c5	1218	easy	endgame master mate mateIn1 oneMove queenEndgame
CzVlh	r2q1rk1/pp2bppp/2n2n2/2pp2B1/Q5b1/2PP1NP1/PP3PBP/RN3RK1 b - - 4 10	h7h6 g5f6 e7f6 a4g4	1220	easy	capturingDefender crushing middlegame short
EB4Tk	2r3k1/1R3ppp/p5n1/P1Bp4/3P4/4qPQP/6PK/8 b - - 1 31	e3d2 b7b8 h7h6 b8c8	1220	easy	crushing endgame short
uU6Df	rBbqk2r/pp1p1p2/4p2p/6p1/1bPN4/8/PP1nPPPP/R2QKB1R w KQkq - 0 10	a2a3 d2f3	1220	easy	discoveredCheck doubleCheck mate mateIn1 middlegame oneMove
vRadI	2kr2nr/Qpp2ppp/4b3/3n4/P2P4/KPq2N2/3NP2P/R4B1R w - - 1 18	a7c5 c3a1	1220	easy	hangingPiece mate mateIn1 middlegame oneMove
Fanan	rn1qkbnr/ppp4p/3p1p2/4N1p1/2BPPpb1/2N5/PPP3PP/R1BQK2R b KQkq - 1 7	g4d1 c4f7 e8e7 c3d5	1221	easy	mate mateIn2 opening short
HURKS	r2k1b1r/pb1p1ppp/1p6/2pP2N1/2B2B2/2P5/PPK2nPP/4R3 b - - 2 17	h8g8 g5f7 d8c8 e1e8	1221	easy	mate mateIn2 middlegame pillsburysMate short
JSIUX	r5k1/p4ppp/1n1p4/2p3b1/8/1P1BPqP1/PBPQ3P/1R4K1 w - - 2 26	d2c3 g5e3	1221	easy	kingsideAttack mate mateIn1 middlegame oneMove
CjaZm	8/5p2/p2k4/3p3p/2p4P/2Bn1PP1/PP1R2K1/4r3 w - - 3 51	d2d3 e1e2 g2f1 c4d3	1222	easy	advantage endgame intermezzo master short
HYUL8	8/3n2k1/2pNp3/3n2R1/2pP2P1/5r2/rpK5/4R3 b - - 1 30	g7h7 e1h1 f3h3 h1h3	1222	easy	mate mateIn2 middlegame short
Qjdge	4rk2/p4p2/5b2/2pB3Q/5P1P/PN2q1P1/5nK1/3R4 b - - 3 29	f2d1 h5f7	1222	easy	master mate mateIn1 middlegame oneMove
FufiH	r6r/p4kp1/1p3q2/4p2p/4PPb1/4Q2P/PP4P1/R4R1K b - - 0 20	g4e6 f4e5 f6f1 a1f1	1223	easy	advantage middlegame pin short
IjR2H	rnbqk1n1/2p1p2r/pp4Nb/3pP2p/3P4/8/PPP3PP/RNBQKB1R w KQq - 1 10	d1h5 h6d2 b1d2 h7h5	1223	easy	advantage collinearMove discoveredAttack opening short
w3Xtv	r1bq2nr/ppppk1p1/1b5p/nP1QN3/4P3/B1P5/P2P1PPP/RN2K2R b KQ - 8 12	d7d6 d5f7	1223	easy	mate mateIn1 middlegame oneMove pin swallowstailMate
EEnCC	2kr3r/pbp2pbp/1p6/3qn3/2Q2B2/4PN2/PP1N1PPP/R4RK1 w - - 0 16	f3e5 d5g2	1224	easy	kingsideAttack mate mateIn1 middlegame oneMove
Ml0IW	7R/pp2ppk1/3p1b2/q4r2/8/2PB2P1/PPQ2P2/1K6 b - - 0 25	f5f2 h8h7 g7f8 c2f2	1224	easy	crushing endgame intermezzo master short
WnGVT	r1b2Q2/pp4p1/4p1k1/3pP2R/q5P1/8/PP2nP2/5K2 b - - 6 27	a4g4 f8e8	1224	easy	endgame master mate mateIn1 oneMove
fy5vN	6k1/4bpp1/2qpb2p/4P3/1p1Bn3/6NP/1PB2PP1/2Q3K1 b - - 2 26	e4g3 c2h7 g8h7 c1c6	1224	easy	advantage discoveredAttack middlegame short
wPVVo	B3k3/p2p4/4p1r1/2P1qppp/5nn1/P3B3/5PQ1/R4RK1 w - - 1 26	g2f3 f4e2 f3e2 e5h2	1224	easy	clearance kingsideAttack mate mateIn2 middlegame sacrifice short
6Z6rs	3r4/p4k2/1q4p1/1p2Qp2/2p1P3/P4PP1/1Pp3P1/3R1K1R w - - 0 40	d1d8 c2c1q d8d1 c1d1	1225	easy	advancedPawn endgame mate mateIn2 promotion short
BVs97	5k2/R7/5K1p/4p3/6r1/8/8/8 b - - 0 51	e5e4 a7a8	1225	easy	endgame mate mateIn1 oneMove rookEndgame
5gJ7D	r2qkb1r/pp3ppp/2n1p3/3p1b2/3P1B2/4PN2/PP3PPP/R2QKB1R w KQkq - 0 9	f1b5 d8a5 e1f1 a5b5	1226	easy	crushing fork opening short
z3Ycz	r2qkb1r/1ppnp1pp/pn2P3/1B1P4/8/5Q2/PP3PPP/RNB1K2R b KQkq - 0 12	a6b5 f3f7	1226	easy	mate mateIn1 oneMove opening
0i8Bi	5rk1/1b6/p2qp3/1p1pN1p1/2pPn1p1/2P3Br/PPQ1B1K1/5RR1 w - - 6 30	f1f8 d6f8 e5g4 h3g3	1227	easy	advantage middlegame short
4PIsT	4q1k1/6r1/7Q/p5nP/1p6/1B2P3/6P1/6K1 b - - 2 43	g8f8 h6h8 f8e7 h8g7	1227	easy	crushing deflection endgame short
bGAyT	r7/pp3rk1/2p1p2p/2R1q1p1/1Q4P1/4P3/P4PP1/5RK1 b - - 3 25	e5d6 c5g5 h6g5 b4d6	1227	easy	crushing discoveredAttack endgame short
qfCm3	6k1/1qPQ2pp/1p6/5p1r/6K1/6P1/2P2P1P/8 w - - 0 30	g4h5 b7f3 h5h4 f3g4	1227	easy	endgame mate mateIn2 queenEndgame short
7KaO9	2k2nr1/6q1/pBQ1p3/4P3/4PP1p/1P4r1/P2R2PK/8 b - - 0 34	c8b8 d2d8	1228	easy	master mate mateIn1 middlegame oneMove pillsburysMate
WPQBK	B6k/6p1/7p/2Q5/8/4P2b/5P1K/q7 b - - 1 44	h3f5 c5f8 h8h7 f8f5	1229	easy	crushing endgame fork master short
8rOTv	8/7p/5pkP/8/5Pp1/1Q4PK/4q3/8 w - - 0 51	h3h4 e2h2 h4g4 h2h5	1230	easy	endgame mate mateIn2 queenEndgame short
OA4cs	r7/p4pk1/1p4p1/4Pb2/3P2Q1/2P5/PP2pqPP/R3N2K w - - 9 35	g4f3 f2f1 f3f1 e2f1q	1230	easy	advancedPawn collinearMove endgame kingsideAttack mate mateIn2 promotion short
OqcMV	4r2k/6p1/p7/5Q1p/8/1P6/n2rp1PP/4R2K b - - 0 36	d2d1 f5h5 h8g8 h5e8	1230	easy	crushing endgame fork short
ZLiz0	7r/6Rp/8/8/2r1p2k/3p4/5PK1/3R4 b - - 1 40	d3d2 d1h1	1230	easy	endgame mate mateIn1 oneMove rookEndgame
fm9Mo	7r/p1kn1NQ1/q3pp2/3pP3/3P3r/2P4p/PR3PP1/5RK1 w - - 3 28	f7h8 h3h2 g1h1 a6f1	1230	easy	advancedPawn deflection kingsideAttack mate mateIn2 middlegame short
ufhXx	8/p4pk1/6p1/3p2Kp/2p2P2/2P3P1/PP2r2P/3R4 w - - 2 29	d1d5 f7f6 g5h4 e2h2	1230	easy	endgame mate mateIn2 rookEndgame short
aQGX6	3Q2B1/3b2qk/6p1/4p3/1p2P1p1/3Pb3/5NK1/8 b - - 1 47	h7h6 d8h4	1231	easy	endgame master mate mateIn1 oneMove
b8B0x	2kR3r/4P3/pBP5/8/1KP1r3/1P6/p7/8 b - - 1 56	h8d8 e7d8q	1231	easy	advancedPawn endgame master mate mateIn1 oneMove promotion
lFvYv	3K4/1PQ5/4k3/8/1q6/8/8/8 w - - 7 68	b7b8q b4f8	1231	easy	endgame master mate mateIn1 oneMove queenEndgame
r7uCn	5rk1/pp1b2pp/4p3/3p4/3q1r2/3BR1P1/PP1Q1P1P/2R3K1 b - - 0 22	f4f2 d3h7 g8h7 d2d4	1231	easy	advantage discoveredAttack kingsideAttack master middlegame short
1ED1a	r2q1rk1/1p1b1ppp/p3pn2/3p4/3P4/3QP3/PP1NBPPP/2R2RK1 w - - 0 17	c1c2 d7b5 d3c3 b5e2	1232	easy	advantage middlegame short skewer
1TNxF	r1r3k1/1p3pbp/p1q2np1/4p3/3BP1P1/1PN4P/1PP1Q3/R4RK1 w - - 0 19	d4e5 c6c5 e2f2 c5e5	1232	easy	crushing fork master middlegame short
5HtzP	2n1rrk1/pp3pp1/2p2q1p/3p4/3P2b1/2NBPN2/PP2QPK1/R6R w - - 4 19	h1h4 g4f3 e2f3 f6h4	1232	easy	advantage fork middlegame short
MrmkS	8/1pq2k2/p7/2K1R3/3R2P1/8/8/8 w - - 10 66	c5d5 c7c6	1232	easy	endgame mate mateIn1 oneMove queenRookEndgame
Ws8uL	r1bqk2r/1pp2ppp/p1n5/3n4/Q1B5/B1P5/P3NPPP/R3K2R b KQkq - 1 11	b7b5 c4b5 a6b5 a4a8	1232	easy	advantage middlegame pin short
myCeJ	r2q1rk1/4bppp/p1npbn2/1p1Np3/4P3/P1N3P1/1PP2P1P/R1BQKB1R b KQ - 0 12	e6g4 d5f6 e7f6 d1g4	1233	easy	crushing kingsideAttack middlegame short
UwYh2	1r3rk1/4Qpp1/8/2B1P1p1/P4nP1/1q3B2/5P2/2RR1K2 w - - 3 38	e7g5 b3f3 g5f4 f3f4	1234	easy	crushing hangingPiece middlegame short
bOhCp	r2qk2r/pp1nbppp/6b1/1B1p4/3P2P1/4BN1P/PP3P2/R2QK2R w KQkq - 0 13	f3e5 d8a5 e3d2 a5b5	1234	easy	advantage fork middlegame short
aswSS	r3kb1r/p4p1p/5p2/3pq3/3n4/7b/PP1PPPPP/R1BQKB1R w KQkq - 0 13	g2h3 d4f3	1235	easy	mate mateIn1 middlegame oneMove pin smotheredMate
piS5c	3r2k1/p2q1p2/5pp1/1p6/3P2P1/3Q1P2/PP1K4/4R3 b - - 1 28	d7d4 e1e8 g8g7 e8d8	1235	easy	advantage endgame master short
8PNHt	2b2rk1/4b2p/2p1n1p1/3pp1P1/8/qpP1P1NN/1P1B1PB1/rQKR3R w - - 3 25	b2a3 e7a3	1236	easy	mate mateIn1 middlegame oneMove pin queensideAttack
FRCEy	8/5p1k/p3b1pp/7r/1p3QP1/4Nn2/PP3q2/3B2RK w - - 0 36	g4h5 f2g1	1236	easy	master mate mateIn1 middlegame oneMove
snlIx	rq3rk1/4bppp/1pp1p3/p1PnP3/P4P2/1N5P/1P1BQ1P1/R4RK1 w - - 0 18	c5b6 b8b6 g1h2 b6b3	1236	easy	crushing fork middlegame short
ukNQg	6rk/1pp5/3p4/p2Q4/2P4P/P6R/1P3PqK/3R2r1 w - - 9 37	d5g2 g8g2	1236	easy	blindSwineMate endgame master mate mateIn1 oneMove
RlTVj	6k1/8/1pN3p1/1P1q2Np/P5nP/6P1/4rP2/2Q3K1 w - - 9 41	c6e7 e2e7 c1c8 g8g7	1237	easy	crushing defensiveMove endgame hangingPiece master masterVsMaster short
Sl0z6	2kr3r/ppp3Q1/8/2b2p2/4qPn1/2N5/PPPB2PP/R4R1K w - - 5 18	c3e4 h8h2	1237	easy	kingsideAttack mate mateIn1 middlegame oneMove
HgbiE	4B3/p4P1k/Pp4pB/4pb1p/1pP4P/2b5/K3R3/6r1 w - - 0 48	f7f8q g1a1 a2b3 a1a3	1238	easy	mate mateIn2 middlegame pillsburysMate short
RS94R	2r5/3n3p/p3N1p1/4p3/1p1P4/1q6/1B3RPP/kb2Q1K1 b - - 1 36	b3b2 f2b2 a1b2 e1b4	1238	easy	advantage attraction capturingDefender master middlegame short
hb5S8	6k1/4bp1p/2bqp1p1/2p1p3/1rP1P3/1Q1PB1P1/5P1P/3R1BK1 w - - 4 25	b3c2 c6a4 c2c1 a4d1	1238	easy	crushing master middlegame short skewer
nKfQV	r3r1k1/ppp2p1p/2q2npP/3n1bN1/1b6/2N2PQ1/PPPB2P1/2KR1B1R w - - 4 18	c3d5 c6c2	1238	easy	mate mateIn1 middlegame oneMove queensideAttack
uCBtv	r1b1k2r/p1qnb1p1/2p1Nn2/1p5p/7P/PP2P3/1BQP1PP1/RN2K2R b KQkq - 0 12	c7d6 c2g6	1238	easy	mate mateIn1 oneMove opening
zATy1	1rq2rk1/p4pbp/5np1/3Qpb2/N7/1P4PP/PB2PPBK/R4R2 w - - 1 19	d5e5 f6g4 h3g4 g7e5	1238	easy	advantage discoveredAttack middlegame short
8oZO6	8/8/7k/4Qbp1/4p3/4PqP1/5P1P/6K1 b - - 0 53	f5h3 e5h8 h6g6 h8h3	1239	easy	crushing endgame master short skewer
jsu0Y	6k1/5pp1/1q2p2p/4n3/4N2Q/1pr4P/6P1/1R5K b - - 5 37	b6d4 e4f6 g7f6 h4d4	1240	easy	advantage discoveredAttack endgame short
mvwFi	R7/P6p/3N4/5ppk/5P2/5nPK/4r2P/6bR w - - 0 44	f4g5 f3g5	1240	easy	endgame master mate mateIn1 oneMove
C3uIq	8/6p1/1p1k1pbp/3p4/r2KP3/P1R2PP1/1P4BP/8 w - - 1 35	d4e3 d5d4 e3d2 d4c3	1241	easy	advantage endgame fork master short
1TiWN	r3r1Qk/1b4p1/ppn2N1N/2b5/5P2/4p3/PP4PP/2R2RK1 b - - 3 26	e8g8 h6f7	1243	easy	master masterVsMaster mate mateIn1 middlegame oneMove
bRVHk	8/2p3Rp/5r2/p6p/P6k/7P/6PK/8 b - - 1 44	c7c5 g2g3	1243	easy	endgame mate mateIn1 oneMove rookEndgame
qjMVS	r2k1r2/1p2b3/p2p1pQ1/5P2/4PB2/2qn3P/P2N2PK/2R2R2 b - - 5 25	d3f4 c1c3 f4g6 f5g6	1243	easy	advantage middlegame short
wXBiK	rnbq1rk1/pppp4/7n/4Pppp/1b1PQp2/2NB4/PPPB2PP/R3K1NR w KQ f6 0 11	e5f6 f8e8 e4e8 d8e8	1243	easy	advantage opening pin short
JDaVP	r3bnnk/2q3bp/4p1N1/p2pP1P1/2pP1P2/P1P1B1N1/1rBQ2KR/7R b - - 0 30	f8g6 h2h7	1245	easy	kingsideAttack master mate mateIn1 middlegame oneMove
MvB2O	rnbq1rk1/ppp1b1pp/1n2p3/8/2P1N1Q1/1P1B4/PB1P1PPP/R4RK1 b - - 0 12	b8c6 g4g7	1245	easy	kingsideAttack mate mateIn1 middlegame oneMove
P92cm	r1bq1bnr/ppp1kBp1/7p/4p3/4P3/8/PPP2PPP/RNBQK2R w KQ - 1 8	b1c3 d8d1 c3d1 e7f7	1245	easy	advantage opening short
a8Mzf	r4rk1/pQ5p/3pppn1/8/2q5/2P4P/4NPP1/R4RK1 w - - 0 20	a1a7 a8a7 b7a7 c4e2	1245	easy	advantage middlegame short
isCp5	6rk/6rp/p3pQ2/1p1pPpP1/2pP1R2/P5q1/1P5R/7K b - - 4 37	g3f4 h2h7 h8h7 f6h6	1245	easy	attraction endgame mate mateIn2 pin sacrifice short
xxncm	r3k1Q1/p1pRr1Bp/2p3pP/b4p2/5P2/2P1q3/PP6/1K5R b - - 5 28	e8d7 h1d1 e3d2 d1d2	1245	easy	epauletteMate mate mateIn2 middlegame short
LmrnQ	4k3/R7/p1p1K3/8/2p2P2/2r5/8/8 b - - 0 52	c3f3 a7a8	1246	easy	endgame master mate mateIn1 oneMove rookEndgame
nG5U6	6r1/8/p4R1p/1bkPp2P/2p5/2N3P1/3K4/8 b - - 4 43	g8g3 c3e4 c5d4 e4g3	1246	easy	advantage endgame fork short
1a5Rw	3R2k1/6p1/2b1r1Np/1p4p1/1P6/6P1/5KPP/8 b - - 5 33	g8h7 g6f8 h7g8 f8e6	1247	easy	crushing discoveredAttack discoveredCheck endgame fork short
6ZVYK	4k3/pQ1b2p1/1b1pp3/3p4/5P2/1R4r1/P1q3PP/1R5K w - - 0 32	h2g3 c2h7	1247	easy	endgame master mate mateIn1 oneMove
73YX1	rnbq1rk1/ppp1b1p1/7B/7Q/2Bpp3/8/PPP2PPP/R4RK1 b - - 1 12	g8h7 h6d2	1247	easy	discoveredAttack discoveredCheck mate mateIn1 middlegame oneMove
U2V3z	5nk1/3P4/pp6/4QP2/3KP1p1/1P4P1/P4q2/8 w - - 3 55	d4d5 f2c5	1247	easy	endgame master masterVsMaster mate mateIn1 oneMove
WI0ci	8/6Pk/8/8/1p5b/1B2B3/KPP2Q2/3q4 b - - 1 40	h4f2 g7g8q	1247	easy	advancedPawn endgame mate mateIn1 oneMove promotion
jNXfG	4R1k1/p1q2pp1/1r1b3p/2p5/8/1P1r3P/P4PP1/2Q2R1K b - - 1 31	g8h7 c1c2 g7g6 c2d3	1247	easy	advantage middlegame pin short
ljgGn	r1b2k1r/ppq3pp/6n1/1N1Q2N1/2n5/8/PP3PPb/R1B2R1K b - - 1 17	c7c6 d5f7	1247	easy	mate mateIn1 oneMove opening
nOyEL	4Q1k1/7p/3p3q/4p3/5p2/1P6/2r2P1P/4R2K b - - 0 34	h6f8 e1g1 g8h8 e8f8	1248	easy	deflection endgame mate mateIn2 short
3BfQL	2kr1b1r/pbp1q2p/1pn3pP/3N4/2P2Q2/7R/PP2B3/1K1R4 b - - 0 23	e7e2 f4c7	1249	easy	mate mateIn1 middlegame oneMove queensideAttack
EkkHK	2r2r1k/1p4bp/p2pQ1p1/4n1q1/P2pPN2/3B3P/1PP3P1/R4R1K w - - 6 22	e6d5 f8f4 f1f4 g5f4	1249	easy	advantage master middlegame short
HvP6j	6r1/1p3p1k/p1p2prp/3p3Q/3P4/4PK2/Pq3P1P/1B4R1 w - - 9 26	g1g6 f7g6 b1g6 g8g6	1249	easy	crushing endgame short
UAdz5	rn4k1/2pq1pp1/p4n1p/1pbP1N2/4p3/P1BQ3P/BPP2PP1/R5K1 w - - 0 19	d3g3 d7f5 c3f6 f5f6	1249	easy	crushing hangingPiece middlegame short
WQDzi	3rkb1r/pR2pppp/8/4q3/8/2P5/2Q1NP2/4K1R1 b k - 2 20	e5d5 c2a4 d5d7 b7d7	1249	easy	crushing middlegame short
lkShH	8/6pk/p7/1pR5/4P1K1/6P1/PPP4r/8 w - - 1 37	g4f5 h2h5 f5e6 h5c5	1249	easy	advantage endgame master rookEndgame short skewer
MK1RO	r4bk1/1R3R1N/2p1p1n1/8/2P5/p1n5/6PP/7K b - - 0 29	a3a2 h7f6 g8h8 f7h7	1250	easy	arabianMate mate mateIn2 middlegame short
PacTf	4r3/pp6/1q3pPk/3p4/3N1NnP/2P3r1/PP3QP1/5RK1 b - - 4 33	g4f2 d4f5	1250	easy	master mate mateIn1 middlegame oneMove
rMRGZ	7r/pp1rkppp/2n5/1q2P3/Q1b5/5N2/PP3PPP/R1R3K1 w - - 0 21	a4c4 d7d1 c1d1 b5c4	1250	easy	advantage deflection master middlegame short
7Qivy	3r1r2/pb4k1/1p3pp1/5n1p/6qP/BQPB3R/P4RP1/5K2 w - - 10 36	d3f5 d8d1 b3d1 g4d1	1251	easy	mate mateIn2 middlegame short
BO0ku	3r4/2NP1pk1/1p6/2pQ3p/2P5/1P4PK/Pq5P/8 b - - 6 36	b2f6 c7e8 g7g6 e8f6	1251	easy	crushing endgame fork master short
K1ivg	r2qk2r/ppp2pp1/3bb2p/7n/2BQ4/8/PPP2PPP/RNB1R1K1 w kq - 0 11	c4e6 d6h2 g1h2 d8d4	1251	easy	advantage discoveredAttack kingsideAttack opening short
Qc7QA	5r2/pp1k4/2p5/8/3Bp1P1/P3P1Pp/8/2R3K1 w - - 0 33	c1f1 h3h2 g1h2 f8f1	1251	easy	advancedPawn advantage deflection endgame short
XONHG	2rq1rk1/pb2bpp1/1p2p2p/4P3/3PN3/3Q2P1/PPB4P/R4RK1 b - - 2 18	d8d5 e4f6 e7f6 d3h7	1251	easy	clearance kingsideAttack mate mateIn2 middlegame sacrifice short
YSLC9	r1b1k1nB/ppp2p1p/2n5/1B1pb3/7q/1P2p3/P1PP3P/RN1Q1KNR w q - 1 10	h8e5 h4f2	1251	easy	mate mateIn1 oneMove opening
jSqcL	8/p3Q2p/2q2ppk/1pBb4/8/P2R4/1rr2PPP/6K1 b - - 5 34	g6g5 d3h3 h6g6 e7h7	1251	easy	mate mateIn2 middlegame short
mnwPQ	7k/2P2Q2/5p1p/p1b5/P7/8/4rqPP/5RK1 w - - 0 38	f1f2 e2e1	1251	easy	endgame mate mateIn1 oneMove pin
qpbol	3r1rk1/ppp2Npp/8/8/2B3b1/1Q2B3/PPP2bPP/RNKq3R w - - 1 18	h1d1 d8d1	1251	easy	mate mateIn1 middlegame oneMove operaMate queensideAttack
KKG8k	5rk1/2p3p1/p3p2p/4Pr2/3QN1q1/8/P1P3P1/4R1K1 b - - 1 29	g8h7 e4f6 f8f6 d4g4	1252	easy	crushing discoveredAttack endgame short
MoD5f	r1br2k1/ppqnp1b1/2n2pB1/3p2BQ/3P1P2/2P5/PP1N2PP/R3R1K1 b - - 2 15	d7f8 g6f7	1252	easy	master mate mateIn1 middlegame oneMove
OJf64	1k2r3/ppp1rp1p/6p1/3b4/1nPP4/N4PN1/PP3KPP/2R4R w - - 3 19	c4d5 b4d3 f2g1 d3c1	1252	easy	crushing fork interference middlegame short
jS3BT	r2qkb1r/pp2p1p1/2p1BP1p/8/4b3/5Q2/PPP2PPP/R1B1K2R b KQkq - 0 13	e4f3 f6f7	1252	easy	advancedPawn mate mateIn1 middlegame oneMove
oBivz	r3k2r/pppq1ppp/2n2n2/1B6/1b1p4/1Q2PN2/PP2KPPP/R1B4R w kq - 0 11	f3d4 c6d4 e3d4 d7b5	1252	easy	advantage discoveredAttack middlegame short
Z2qZU	8/1b4kp/3b2pP/1P2p1Q1/2B1P3/p1q3P1/8/6K1 b - - 0 38	g7f8 g5d8	1253	easy	endgame master mate mateIn1 oneMove
HACDJ	5rk1/1p2R3/2p3q1/2bp1b2/2P2P1p/1PN2QP1/P3R2K/8 w - - 0 38	g3h4 g6g1	1254	easy	master mate mateIn1 middlegame oneMove
o31vq	3rq2r/1Q1k1p2/2bp1p1p/3NbP2/2R1P3/3P4/PP4PP/5R1K b - - 0 22	c6b7 c4c7	1254	easy	epauletteMate mate mateIn1 middlegame oneMove
uc1Wb	1K4Q1/3q4/1k6/1P6/5P2/8/8/8 w - - 3 62	g8c8 d7a7	1254	easy	endgame master mate mateIn1 oneMove queenEndgame
OPIRA	1b6/8/pPp5/N1Pp1k2/P3p3/8/8/5K2 b - - 1 63	d5d4 a5c6 b8h2 c6d4	1255	easy	crushing endgame short
YUCZw	1r3rk1/2Q2ppp/p7/1p3R2/4b1q1/1BN5/PPP3PP/3R2K1 w - - 0 21	f5f7 g4g2	1256	easy	kingsideAttack mate mateIn1 middlegame oneMove
if1Og	8/8/1R3pp1/Kp3k1p/p2B3P/P1r2P2/6P1/5b2 b - - 23 51	c3d3 b6f6	1256	easy	endgame master mate mateIn1 oneMove operaMate
1YO0d	3Nkb1r/B3nppp/4p3/3p2q1/Q7/8/PP3PPP/2R2bK1 b - - 1 19	e8d8 a7b6	1257	easy	mate mateIn1 middlegame morphysMate oneMove
T2BVZ	2k5/1p4R1/P1p1r3/8/1P2pK1p/2P4P/6r1/R7 b - - 0 41	g2g7 a6a7 c8c7 a7a8q	1257	easy	advancedPawn advantage endgame promotion rookEndgame short
7OLDk	r4rk1/4bpp1/p3pq1p/8/3PQ3/4PPB1/PP3P1P/R4RK1 w - - 5 18	g3h4 f6h4 e4h4 e7h4	1258	easy	advantage middlegame short
AxNTZ	r3k2r/pp3pp1/3b2b1/1Ppp1q1n/5P1R/N3P3/PB1P1K2/R2Q1B2 b kq - 2 21	e8c8 f1h3 h5f4 h3f5	1258	easy	advantage master masterVsMaster middlegame pin short
GyLjV	2k5/8/3r2p1/8/1P1pR3/P4P1P/6PK/2n5 b - - 3 40	d4d3 e4c4 c8b7 c4c1	1258	easy	advantage endgame fork short
SR9Dj	8/3Q2p1/p3p2p/1p2kp1P/1P6/P1P2qP1/5P2/6K1 b - - 4 53	f3h5 d7d4	1258	easy	endgame master mate mateIn1 oneMove queenEndgame
bWPe0	5q1k/2Q1R1pp/8/8/8/2P5/P1P2r1P/6K1 w - - 0 25	c7a7 f2f1 g1g2 f8f3	1258	easy	endgame mate mateIn2 short triangleMate
1XcpK	3k4/R7/5N2/5pp1/4n3/4P1P1/1r4KP/8 w - - 0 46	g2f3 b2f2	1259	easy	endgame epauletteMate hookMate mate mateIn1 oneMove
YelTT	3q1k2/5pp1/5bp1/p7/2Q5/P5PP/BP1r1P2/2R3K1 b - - 2 29	d2b2 c4f7	1259	easy	endgame master mate mateIn1 oneMove
agM0X	6k1/p6r/1p3R2/n3p3/2b1PnP1/B1P1bN2/P5BK/6R1 w - - 5 34	h2g3 f4e2	1259	easy	master mate mateIn1 middlegame oneMove
y1Hp8	7r/1pq2pkP/4b1R1/p1p3P1/P1PrQR2/1P1B4/2P5/1K6 b - - 0 33	f7g6 e4g6	1259	easy	master mate mateIn1 middlegame oneMove
t4ToV	r1b2rk1/1pp2pp1/p1pq3p/8/4P1n1/3PPN2/PPP3PP/RN1Q1RK1 w - - 3 12	d3d4 g4e3 d1d3 e3f1	1261	easy	advantage fork middlegame short
zeAAq	1r1q1rk1/1p3ppp/p4n2/3n4/3N4/PQ2PB2/3B1PPP/2R2K2 b - - 4 20	d8b6 f3d5 f6d5 b3d5	1261	easy	advantage middlegame short
wtI1a	4r3/8/p7/1p1k2p1/3B4/1PPK2P1/P7/8 b - - 11 54	e8e4 c3c4 d5d6 d3e4	1262	easy	crushing deflection endgame master short
Q7etZ	2kr2r1/pp6/5P2/1b6/3pQNn1/P1q3P1/2P3BP/2K4R b - - 3 26	g4e3 e4b7	1263	easy	master mate mateIn1 middlegame oneMove queensideAttack
cYc71	r2q2rk/5p1p/3p1Pp1/p1p3P1/1pPpP2Q/1P2bR2/1P5P/5K2 b - - 2 27	a5a4 h4h7 h8h7 f3h3	1263	easy	attraction endgame kingsideAttack mate mateIn2 sacrifice short
wOU8R	r4r1k/ppp3p1/7B/3Qbq2/8/7P/P3RPP1/1R4K1 w - - 1 22	b1b7 e5h2 g1h2 f5d5	1263	easy	crushing discoveredAttack middlegame short
wXJ6T	3r2k1/5pp1/Q4q1p/2N2n2/PP6/4P1P1/5P1P/3R2K1 w - - 1 31	a6f6 d8d1 g1g2 g7f6	1263	easy	advantage endgame hangingPiece intermezzo master short
zZr2p	r4b1r/p1q2ppp/3k1nn1/4P3/2Q5/8/PPP2PPP/R1B2RK1 b - - 0 15	g6e5 f1d1 d6e7 c4c7	1263	easy	crushing deflection middlegame short
7ahQD	7R/3R4/2r1r1p1/4ppk1/1p3P2/1P4PK/1bP1N3/8 b - - 0 42	e5f4 g3f4 g5f6 h8f8	1264	easy	endgame epauletteMate mate mateIn2 short
AOUj3	6k1/pp4p1/2p1r2p/2PqP3/3p4/1Q5P/PP2R1P1/6K1 b - - 2 26	e6e5 e2e5 d5b3 a2b3	1264	easy	crushing endgame pin short
rSNy9	r1bn1n2/pp6/2k1p3/4P1q1/2pP4/2P4Q/PP3PPP/R4RK1 b - - 1 22	d8f7 h3f3 c6b6 f3f7	1264	easy	advantage fork middlegame short
RU0gr	r1bk1b1r/ppp1p1pp/2n2n2/3p1PqB/7N/6P1/PPPP1P1P/RNBQ1RK1 w - - 1 9	d2d3 g5h5 d1h5 f6h5	1265	easy	advantage opening short
TdXnQ	rn2r1k1/ppp2ppp/4q3/6N1/6b1/2PPn3/P1P1BPPP/R2Q1RK1 w - - 0 13	f2e3 e6e3 f1f2 g4e2	1265	easy	crushing fork middlegame short
dz95U	rn1r2k1/ppp2ppp/1nb5/2b1pP1q/4N3/1B1P3P/PPP1N1P1/R1BQ1R1K w - - 1 14	e4c5 h5h3 h1g1 h3g2	1265	easy	kingsideAttack mate mateIn2 middlegame pin short
0AYB4	rn3rk1/pp3ppp/2p5/8/2B1q1b1/PP2PNP1/1B1b3P/R2Q1RK1 w - - 0 14	f3d2 e4e3 g1h1 g4d1	1266	easy	advantage kingsideAttack opening short
Rohe0	5qk1/R4p2/2r3pp/2pQ4/5P2/2P4P/6PK/8 b - - 6 36	c6f6 a7a8 f8a8 d5a8	1266	easy	crushing endgame master pin short
qm9rG	3r4/4R1k1/p2r2pp/np3p2/3p1P2/P4P1P/BP3K2/3R4 b - - 3 36	g7f6 e7f7	1266	easy	endgame mate mateIn1 oneMove operaMate
O889q	2r3k1/1p4pp/p3bp2/4p3/4P1PP/1P2BP2/P1r1K3/2R2R2 w - - 2 29	e2d3 c8c3	1267	easy	blindSwineMate endgame master mate mateIn1 oneMove
ZRdrl	2rRk3/2P2pp1/2N4p/p3P3/5Pb1/8/r6P/2R3K1 b - - 8 39	c8d8 c7d8q	1267	easy	advancedPawn endgame mate mateIn1 oneMove promotion
hh1hT	4r1k1/r2q3p/p4Rp1/1p1pR1P1/5Q2/8/P1P2PK1/8 b - - 7 33	e8e5 f6f8 g8g7 f4f6	1267	easy	endgame master mate mateIn2 short triangleMate
l7KBi	rn5k/p1pp1P1p/1p3qp1/8/3Q4/2N5/PPP2P1P/1K1R4 b - - 1 23	f6d4 f7f8q	1267	easy	advancedPawn endgame mate mateIn1 oneMove promotion
BOWmY	5R2/r5p1/2p1p1kp/2PpP3/3P3P/5PK1/r7/3R4 b - - 0 43	a7f7 h4h5 g6h5 f8f7	1268	easy	crushing deflection endgame rookEndgame short
67wc8	5rk1/1p5p/4p1pb/pPqpn3/7P/2PB2P1/P3Q3/1R2K2R w K - 0 26	e2e5 c5f2 e1d1 f2d2	1269	easy	master mate mateIn2 middlegame short
7CIu9	r2q1k1r/p1p1n1p1/bpnpP2p/8/1b5N/5Q2/PB3PPP/RN3RK1 b - - 3 14	f8g8 f3f7 g8h7 f7g7	1269	easy	epauletteMate kingsideAttack mate mateIn2 opening short
8sdUA	8/8/3k1p2/P1R5/5p2/5K2/r1p3PP/8 w - - 1 49	c5c3 a2a3 c3a3 c2c1q	1269	easy	advancedPawn crushing deflection endgame pin promotion rookEndgame short
EzcOw	3r1rk1/4n1pp/p3p3/1pq5/3N4/P7/1PP2PPP/R2QR1K1 w - - 1 19	d4e6 c5f2 g1h1 d8d1	1269	easy	advantage kingsideAttack middlegame short
YVGWJ	r1bqr1k1/4bppp/p1p2n2/3p4/8/P1NB1P2/1PP1Q1PP/R1B1R1K1 w - - 8 14	c1g5 e7c5 g1h1 e8e2	1269	easy	crushing discoveredAttack middlegame short
yIZrd	r2q1rk1/1p1n1pp1/p3pb1p/8/1P1P4/P4NB1/5PPP/2RQ1RK1 b - - 1 18	d7b6 g3c7 d8d7 c7b6	1269	easy	advantage interference middlegame short
9yYIm	8/5p2/p2b4/k1RQ4/1r6/qP5P/P2P1P2/5K2 b - - 0 28	d6c5 d5c5 b4b5 c5a3	1270	easy	crushing endgame short
FNyW9	5rrk/pp5p/4p3/2Ppn3/3Np3/4R3/PP3qPP/4Q1RK b - - 9 28	g8g2 g1g2 f2e1 e3e1	1270	easy	advantage master middlegame short
56vc5	rn2k1r1/1p3p1p/p1b1p3/2pqP1b1/2N3p1/3P4/PPQ1NPPP/R1B2RK1 w q - 8 19	c4e3 g5e3 e2f4 e3f4	1271	easy	crushing opening short
5LyUs	3r2rk/2p2p1p/p2q2p1/2nP4/PQ5P/1pN2P2/1P1R4/1BK3R1 w - - 1 31	d2g2 c5d3 b1d3 d6b4	1271	easy	advantage discoveredAttack middlegame queensideAttack short
LRbfr	r1b1kbnr/pp1p1ppp/8/2p1P3/2Ppq3/4B3/PP2K1PP/RN1Q1BNR w kq - 0 9	b1d2 e4e3	1271	easy	mate mateIn1 oneMove opening
scnJ9	2k4r/1pp5/p5p1/4p3/1P1qn3/3P4/3Q2PP/2R2R1K w - - 0 32	d2c2 e4g3	1271	easy	endgame mate mateIn1 oneMove pin
9d72Q	7k/1p2p2p/4qb2/5RN1/3P2Q1/1pP5/6KP/r7 b - - 4 39	f6g5 f5f8 h8g7 g4e6	1272	easy	advantage discoveredAttack endgame short
VByCp	r1bq1r2/ppp1k1pp/2P5/4p1N1/6Bb/8/PPPP2PP/RNBQ1K1R w - - 1 11	f1g1 d8d4	1272	easy	mate mateIn1 oneMove opening
5QrVT	8/6k1/5p2/1P4p1/3q4/5P2/4QKP1/8 w - - 5 63	f2g3 d4h4	1273	easy	endgame mate mateIn1 oneMove queenEndgame
nATuP	r1b1qbnr/pppkp3/2n2p1p/3p2pQ/3P1B1N/4P1PB/PPP2P1P/RN2K2R b KQ - 2 8	d7d8 f4c7 d8c7 h5e8	1273	easy	crushing deflection opening short
4FtFT	2rq4/p3pk1p/1p1pn1p1/1P6/P1P3B1/7P/2Q3P1/B5K1 b - - 3 29	c8c5 c2f2 f7e8 g4e6	1274	easy	crushing deflection endgame short
7xZmg	8/5kpp/1pN2p2/3Pn3/4P3/n1N1K2P/6P1/8 w - - 4 35	e3d4 a3c2	1274	easy	endgame knightEndgame mate mateIn1 oneMove
R78CU	7r/p2p1k1p/3Brp2/4P1p1/2pP2Q1/2n2q1P/P1P2P2/4RRK1 b - - 1 27	c3e2 e1e2 f3g4 h3g4	1274	easy	advantage middlegame short
TI6MT	8/5k1p/1p2p3/8/3PN2Q/q4q1P/5P1K/8 b - - 0 48	a3b4 e4g5 f7e8 g5f3	1274	easy	crushing endgame fork short
WRW7S	r3brk1/6pp/4p3/p2pNP2/6Pq/7P/PP5K/R2Q1R2 b - - 0 21	e6f5 d1d5 e8f7 e5f7	1274	easy	crushing fork middlegame short
h7buB	Q4b1r/6kp/p2q2p1/1Bp5/6b1/2N3N1/PPn3PP/R1B1KR2 w - - 0 23	e1f2 d6d4 c1e3 d4e3	1274	easy	mate mateIn2 middlegame short
H1akc	r3k2r/pBp3p1/8/4Pp2/2b2Rn1/2N3p1/PPP4q/R1BQ1K2 w kq - 1 20	f4c4 h2f2	1275	easy	master mate mateIn1 middlegame oneMove
bjLf6	3b1rk1/q5p1/2np1pQ1/2p1pN2/1pP5/1n1PB3/5PP1/4R1K1 b - - 3 33	a7f7 f5h6 g8h8 h6f7	1275	easy	crushing kingsideAttack middlegame pin short
1yXmX	r5r1/7k/4p2p/3p1p1b/p1pP3P/PpP1P3/1P4RK/1B4R1 b - - 7 36	g8g4 g2g4 h5g4 g1g4	1276	easy	crushing endgame pin short
OtysK	3k2Q1/pp6/2p1p1B1/2PpP3/3b4/7K/P1P2q1P/8 b - - 8 31	d8e7 g8e8	1276	easy	endgame master mate mateIn1 oneMove
d4uaM	q2K4/2RR1pk1/8/4P3/3P4/8/8/8 w - - 14 73	d8e7 a8f8	1276	easy	endgame mate mateIn1 oneMove queenRookEndgame
y84fx	4r1k1/p1r1bp2/bp2p1p1/3pP1Bn/1n1P3P/5N2/PP1N1P2/RB2K1R1 w Q - 0 19	a2a3 c7c1	1276	easy	mate mateIn1 middlegame oneMove pillsburysMate
Bso0e	1r1q1rk1/1bnp1ppp/pp2pb2/8/N1P5/4PN2/PP1QBPPP/R4RK1 w - - 3 15	a4b6 b7f3 e2f3 b8b6	1277	easy	advantage discoveredAttack middlegame short
E8H2q	r1r3k1/pp3p1p/3p2pB/2n2P1n/3QP3/3B1P1P/qPP5/2KR3R w - - 5 18	d3e2 c5b3	1277	easy	mate mateIn1 middlegame oneMove pin
VILzF	6k1/pR4p1/2p3p1/2PP4/PP2n3/3b4/6PK/R3brN1 w - - 5 39	d5c6 e1g3 h2h3 f1a1	1277	easy	crushing discoveredAttack middlegame short
hQDuF	8/5pk1/6pp/pQ2K3/P3P3/5PP1/7q/8 w - - 0 37	b5a5 h2h5 e5d4 h5a5	1277	easy	crushing endgame master queenEndgame short skewer
nDZ1E	1r3rk1/p1p3pp/2Q1bq2/3p4/3P4/4BpP1/PP3P1P/2KR3R w - - 1 18	c1b1 e6f5 b1a1 f6c6	1277	easy	crushing discoveredAttack master middlegame short
BWcGX	8/1p1k4/6p1/Q2pq3/1P2N3/P5KP/4R1P1/2r5 w - - 5 48	g3f2 e5f4	1278	easy	endgame epauletteMate mate mateIn1 oneMove
x03uz	1R3b1r/pk1r1p1p/2N5/1PPp1np1/8/8/P2B1PPP/6K1 b - - 1 19	b7c7 d2a5	1278	easy	mate mateIn1 middlegame morphysMate oneMove
DEpHf	r4b1r/ppk1q1pp/2p4n/5p2/2QP4/2N2R2/PP4PP/R5K1 b - - 4 20	e7b4 c3d5 c7c8 d5b4	1279	easy	crushing middlegame pin short
DsHcR	r3k2r/pQp1qpp1/5n1p/3p4/3n4/2NBPPP1/PP3P2/R3K2R b KQkq - 0 13	d4f3 e1e2 e8g8 e2f3	1279	easy	advantage defensiveMove middlegame short
Gd8Bw	2rqk3/3n1p1R/p1BBpn2/1p6/8/P1Q2P2/1PP2P1P/2K5 b - - 0 22	f6h7 c3h8 h7f8 h8f8	1279	easy	fork mate mateIn2 middlegame pin short
Qild2	1r1q2k1/6pp/p2pb3/1p1Np3/1PPbB3/6Q1/P5PP/5R1K b - - 1 25	b5c4 d5f6 d8f6 f1f6	1279	easy	crushing kingsideAttack middlegame pin short
SLNWy	8/1p3Rpk/p5p1/3pQ2n/3Pb1q1/P1P1B3/1P5P/4R1K1 w - - 15 36	g1f2 g4g2	1279	easy	mate mateIn1 middlegame oneMove swallowstailMate
TdObz	rn1qk1nr/pp1b1pbp/4p1p1/1B4N1/8/2N2Q2/PP1P1PPP/R1B1K2R b KQkq - 3 10	d7b5 f3f7	1279	easy	attackingF2F7 mate mateIn1 oneMove opening
mwibK	1kr5/p4pp1/1n2p3/Q5P1/3pPn2/1P1P1B2/1qPK1PP1/2R5 b - - 2 27	e6e5 a5e5 c8c7 e5f4	1279	easy	advantage fork middlegame short
sVntl	1r2r1k1/3n1pb1/3p1npp/qppPp3/4PP2/1PN3PP/P2BQ1B1/R3R1K1 w - - 0 20	c3b5 a5b5 e2b5 b8b5	1279	easy	advantage middlegame short
txkG3	r4rk1/ppp2q1n/3p1p1b/4pP1p/4P1pQ/1P1P4/PBP3PP/R2B1RK1 w - - 2 19	d1g4 h6e3 g1h1 h5g4	1279	easy	advantage intermezzo kingsideAttack middlegame short
SLtqZ	7r/2R2pb1/1k2p2p/4P3/PP1p1p2/3Pn3/6PP/2R3K1 b - - 0 32	g7e5 c1c6	1280	easy	blindSwineMate endgame mate mateIn1 oneMove
tKxhC	rn1qkb1r/pbp1pppp/1p3n2/8/3PP3/2NB4/PP3PPP/R1BQK1NR b KQkq - 4 7	d8d4 d3b5 d4d7 b5d7	1280	easy	crushing opening short
Fh6Fm	3R4/1p2prqk/1pp5/8/8/1P5Q/P3K1P1/8 b - - 15 41	g7h6 d8h8 h7h8 h3h6	1281	easy	attraction crushing deflection endgame short
Vllpc	r7/8/8/3qpk2/2p2p2/5R1P/6P1/1Q5K b - - 13 46	d5e4 g2g4 f5e6 b1e4	1281	easy	crushing deflection endgame pin short
nFH3u	r3r1k1/2p2ppp/1bp3q1/p1N1Pn2/2bQ1P2/P1N1B3/1PP3PP/4R1RK w - - 1 20	d4c4 f5g3 h2g3 g6h6	1281	easy	mate mateIn2 middlegame sacrifice short
rnyKY	7k/pp6/8/8/6R1/8/8/4q1RK b - - 9 55	e1c3 g4h4	1281	easy	endgame mate mateIn1 oneMove queenRookEndgame
ucu7U	r5k1/bbpq1Npp/p1np4/1p2P3/3P2n1/8/PP3PPP/RNBQR1K1 b - - 0 15	g8f7 e5e6 d7e6 e1e6	1281	easy	crushing fork middlegame short
unVlS	r3kq2/ppp1n3/4Q3/3N4/8/8/PPP3Pp/2KR4 b - - 2 27	a8d8 d5c7	1281	easy	cornerMate endgame master mate mateIn1 oneMove
9ZLxd	rn2kbnr/pbp4p/1p4pP/1B1qNpB1/8/8/PPP2PP1/R2QK2R b KQkq - 1 13	d5b5 d1d8	1282	easy	mate mateIn1 oneMove opening
OXd6F	r3k2r/ppp2ppp/5n2/3pq3/2Bn1B2/2NP2Pb/PPP2K1P/R2Q3R b kq - 3 12	f6g4 d1g4 h3g4 f4e5	1282	easy	advantage middlegame short
PnKVe	4R3/1pN3kn/p1np1b1p/5r2/P1B3P1/7P/1PP2P2/6K1 b - - 0 24	f5e5 e8g8	1282	easy	mate mateIn1 middlegame oneMove operaMate
RaEQP	r1b2rk1/p1pp1p1p/1p2nNp1/2b1P3/5P2/6P1/PPP3P1/2KR1BNR b - - 4 15	g8g7 h1h7	1282	easy	hookMate mate mateIn1 middlegame oneMove
ZG6L8	2rq1rk1/1b3p2/3p1p1p/4b2N/2ppP3/1P6/B1P3PP/R2Q1RK1 b - - 0 21	c4b3 d1g4 g8h8 g4g7	1282	easy	kingsideAttack mate mateIn2 middlegame short
g9Gqj	8/2P3p1/1P5k/4P3/4Q2p/7P/q5r1/1R5K w - - 0 48	c7c8q g2h2 h1g1 a2f2	1282	easy	endgame mate mateIn2 short triangleMate
HWWrx	r1b4r/4pk2/1q1p1pp1/p1p1n3/2P1P3/1P2BNRP/P2N2P1/5QK1 b - - 3 26	c8e6 f3g5 f7e8 g5e6	1283	easy	advantage deflection middlegame pin short
Gd86S	5Q2/6pk/3p3p/2PP4/3qP3/5P2/6PP/rR5K w - - 3 33	f8b8 d4d1 b1d1 a1d1	1284	easy	backRankMate endgame mate mateIn2 sacrifice short xRayAttack
LPScp	4kb1r/2prppp1/1pQ5/7p/8/1P6/P4PPP/1qBR2K1 b k - 3 17	b1f5 c6a8 d7d8 a8d8	1284	easy	mate mateIn2 middlegame short
WivGl	6k1/R7/6Kp/1p4p1/8/P4PP1/5r2/8 b - - 10 48	f2f3 a7a8 f3f8 a8f8	1284	easy	crushing endgame rookEndgame short
fq07T	3R4/k5p1/ppqr4/4p3/1P3p2/1KP2P1P/5QP1/8 w - - 0 41	f2h4 c6d5 b3a3 d6d8	1284	easy	crushing endgame short
jRPUV	rn2k2r/2q2ppp/p3p3/2b5/Pp1NP3/4B3/1PP3PP/R2Q1RK1 w kq - 1 15	d4e6 c5e3 g1h1 f7e6	1284	easy	crushing hangingPiece intermezzo middlegame short
ICfZo	8/6p1/5p2/p4P2/R2pKPPp/2k4P/2P4r/8 b - - 8 45	h2h3 a4a3 c3b4 a3h3	1285	easy	crushing endgame rookEndgame short skewer
KF0Bw	r1b1q1k1/p1p2Qpp/1p6/4p3/1PB1Pn2/P3N3/2P2PPP/3R2K1 b - - 0 22	e8f7 d1d8	1285	easy	mate mateIn1 middlegame oneMove pin
XO9tA	rb1q1r1k/1p1bn1p1/p1p3Np/3pB3/NP1P4/P1P3P1/3Q1P1P/R4RK1 b - - 6 21	e7g6 d2h6 h8g8 h6g7	1285	easy	kingsideAttack mate mateIn2 middlegame pin short
8qvja	r1b1k1r1/1p3p2/1q1p1Q2/8/3nP3/p1NB1P2/PP4PP/2KR3R w q - 0 17	f6d4 b6b2	1286	easy	mate mateIn1 middlegame oneMove queensideAttack
BQNMD	r1b2rk1/bpp2ppp/2n1pn2/8/1PPqP3/P1N4P/3B1PP1/R2QKBNR w KQ - 1 12	d1e2 f6e4 c3e4 d4a1	1286	easy	crushing opening short
MWjlQ	r1b2rk1/1pp2ppp/pq1b1n2/3p4/3P4/P1NB2NP/1PP2PP1/1R1Q1RK1 b - - 1 13	b6d4 d3h7 g8h7 d1d4	1286	easy	advantage discoveredAttack kingsideAttack opening short
U8WnN	1r3rk1/2p1qppp/6n1/p1bNP3/2P1QB2/Pn6/1PB2PPP/3R2K1 b - - 13 19	e7d7 d5f6 g7f6 d1d7	1286	easy	advantage discoveredAttack master middlegame short
drmsN	1r4k1/2r2pp1/p3pnp1/1n6/1q1P1BP1/7P/PP2QPB1/1K1R3R w - - 8 25	f4c7 b5c3 b1a1 c3e2	1286	easy	advantage middlegame pin short
phfeU	6k1/2b2r1p/p3qBpQ/1pprPp2/8/1PP3R1/P5PP/2R4K b - - 7 28	c7e5 g3g6 h7g6 h6h8	1286	easy	kingsideAttack mate mateIn2 middlegame sacrifice short
zhhgx	6k1/Q4p2/7p/6p1/1P5n/5PKP/P2r2P1/8 w - - 0 39	f3f4 d2g2	1286	easy	endgame hookMate master mate mateIn1 oneMove
86bfB	r6r/pbpkb2p/1p1pN2Q/4n3/4q3/1B6/PPP2PPP/R1B2RK1 w - - 2 17	c1g5 e4g2	1288	easy	kingsideAttack mate mateIn1 middlegame oneMove
LDmmx	Qn3r1k/p1p1nBpp/8/4p3/4P3/8/PPPN1bqP/R1BK1R2 w - - 3 14	a8b7 g2g4 d2f3 g4f3	1288	easy	crushing middlegame short
Q6uiW	2r2rk1/1pq2pbp/p3p1p1/2p5/1nN1RP2/PP1P4/2PB1QPP/5RK1 b - - 0 19	b4c2 d2a5 c7c6 f2c2	1288	easy	advantage discoveredAttack middlegame short
g00DT	r3k2r/p4pp1/2p5/n1b1p2p/5nQ1/2N3P1/PPPP1q1P/RNBK1B1R w kq - 0 16	g4f5 f2f3 c3e2 f3h1	1288	easy	crushing fork master middlegame pin short
mkJfB	1r1qr1k1/p2p1ppp/2pb4/8/1P1n4/P3P1P1/4RPBP/R2Q2K1 w - - 0 18	d1d4 d6e5 d4d1 e5a1	1288	easy	advantage master middlegame short skewer
r1AbE	8/2p1r3/1p2Nkpp/1P1P2P1/2P1RP1K/1r5P/8/8 b - - 0 42	f6f5 e4e5	1288	easy	endgame master mate mateIn1 oneMove
vEB35	4rk2/1p3pp1/5q2/p1p3N1/7Q/1P2p3/P5P1/1R4K1 b - - 3 31	e3e2 g5h7 f8g8 h7f6	1288	easy	crushing endgame fork master short
y78Us	8/8/8/7p/1K4pP/8/Q3p1P1/5k2 w - - 2 47	a2b1 e2e1q b1e1 f1e1	1288	easy	advancedPawn crushing endgame promotion queenEndgame short
8SaX0	r4k1r/pR2ppbp/6p1/4P3/Q2n4/3q1B2/P2B1PPP/4K2R w K - 2 17	a4b4 d4c2 e1d1 c2b4	1289	easy	crushing fork middlegame pin short
H7U9F	1k6/1b6/1q1pQp2/7r/5P2/6n1/1PP2RP1/4R1K1 w - - 0 31	e6e8 b7c8 e8h5 g3h5	1289	easy	crushing defensiveMove master middlegame short
LiCSM	R7/p3r3/2p1rk2/2Pp2p1/3P1pPn/5P2/R3NK2/8 w - - 3 35	a8a7 e6e2 a2e2 e7a7	1289	easy	crushing deflection endgame short
SlsK4	2r3k1/pQ3pp1/4p2p/3pq3/8/P1r3PP/R3BPK1/1R6 w - - 1 26	b7a7 e5e4 g2h2 e4b1	1289	easy	crushing fork middlegame short
XNAzy	5rk1/6pp/N1p5/8/1p4P1/1P1n3P/4RPK1/8 w - - 0 32	e2c2 d3e1 g2f1 e1c2	1289	easy	crushing endgame fork short
bGPFw	3r4/4kp2/1r2p1p1/1Bp1P3/P1P2P2/3p4/1P5p/1K1R2qQ b - - 3 47	d8d4 d1g1 h2g1q h1g1	1289	easy	advantage endgame short
nuEaH	r1b1kb1r/pppp1pp1/5q2/7p/3P2n1/2N5/PPP3PP/R1BQKBNR w KQkq - 0 8	c3d5 f6f2	1289	easy	mate mateIn1 oneMove opening
8LI6U	8/8/Q5pk/2N5/2P5/1P2nn2/P5rP/7K w - - 2 38	a6d6 g2g1	1290	easy	arabianMate endgame mate mateIn1 oneMove
MaQjP	1q3r1r/5p2/2p2Qpk/1p5p/pP1P2P1/P5NP/2n2P2/4R1K1 b - - 2 34	c2e1 g3f5 h6h7 f6g7	1290	easy	endgame mate mateIn2 pin short
aA4Tw	r4bk1/6p1/7p/pp2N3/b1p1N3/3p4/7P/1K4R1 b - - 1 39	a8a7 e4f6 g8h8 e5g6	1290	easy	endgame mate mateIn2 pin short
fMoBb	4r1k1/pbp2ppp/1p4r1/8/8/1PNPq2P/1PPQ2P1/5RKR w - - 7 26	d2e3 g6g2	1290	easy	epauletteMate kingsideAttack mate mateIn1 middlegame oneMove operaMate
CJsam	8/4r1kp/R1p2pp1/1pNn3P/3P4/2P2QP1/1P2qPK1/8 w - - 16 38	a6c6 d5e3 f3e3 e7e3	1291	easy	crushing endgame pin short
D5vkb	3B2R1/7k/3R4/4p3/p6p/5bp1/r7/6K1 w - - 2 45	d6g6 a2a1	1291	easy	endgame mate mateIn1 oneMove pillsburysMate
G1gxk	4r3/8/p2RN1k1/2pb1p1p/8/P5P1/1P5K/8 b - - 0 47	d5c4 e6c7 g6f7 c7e8	1291	easy	advantage discoveredAttack discoveredCheck endgame short
LsNxg	2r3k1/1q3pp1/7p/2Pp1P2/1PnNnB2/7P/2Q3P1/R5K1 w - - 4 31	a1b1 c4a3 c2a2 a3b1	1291	easy	advantage fork middlegame short
gcXwE	r2q1k1r/pb3pbp/1p4p1/1B3nN1/3p4/P2P4/1P2QPPP/R1B1R1K1 b - - 0 16	d8d5 e2e8 a8e8 e1e8	1291	easy	mate mateIn2 middlegame operaMate sacrifice short
rpwJf	2r3k1/pQ3p1p/4b1p1/2q5/8/5P2/PB4PP/4R2K b - - 2 28	c5f2 b7c8 e6c8 e1e8	1291	easy	endgame mate mateIn2 pillsburysMate sacrifice short
nAXbe	r4rk1/2qnbpp1/b1p2n1p/4p3/1p2P3/1B2BN1P/1PPQNPP1/3R1RK1 b - - 1 16	f6e4 d2d7 c7d7 d1d7	1292	easy	advantage middlegame short
kxz7A	7k/pp5p/2nq2p1/8/2p1pr2/P1P2N2/1P2QPPP/5RK1 w - - 0 29	f1d1 e4f3 d1d6 f3e2	1293	easy	advancedPawn advantage endgame short
sIzCk	rn1qkb1r/4nbpp/p3R3/1p1B4/8/8/PPP2PPP/RNBQ2K1 w kq - 1 13	e6e7 f8e7 d5f7 e8f7	1293	easy	advantage hangingPiece opening short
tp2rQ	5bk1/5pp1/3Np2p/1p1RP2N/6Q1/7P/5PPK/q1r5 b - - 0 35	e6d5 h5f6 g8h8 d6f7	1293	easy	deflection endgame mate mateIn2 pin short
4YyuO	2kr4/1p2R3/4q2p/6pP/1p3bP1/2PR4/2K2P2/8 w - - 0 32	e7e6 b4b3 c2b3 d8d3	1294	easy	advantage deflection endgame master short
u0zk2	rn2k1nr/p1pp1pp1/1p2pq1p/1B2B3/3P4/2P2b2/P1P2PPP/R2Q1RK1 w kq - 0 10	e5f6 f3d1 f6g7 h8h7	1294	easy	advantage middlegame short
0td8b	2rqkb1r/pp3ppp/2n1pn2/1N1p1b2/B2P1B2/8/PPP2PPP/R2QK1NR w KQk - 4 9	b5a7 d8a5 c2c3 a5a7	1295	easy	crushing fork opening short
QIsag	r2Rkbnr/1bP2ppp/p3p3/1p6/7B/2N2n2/PPP2PPP/2K2B1R b kq - 1 12	a8d8 c7d8q	1295	easy	advancedPawn mate mateIn1 middlegame oneMove promotion
X1hSM	8/R5p1/6P1/3k3P/7r/1K6/8/8 b - - 0 54	h4h5 a7a5 d5e6 a5h5	1295	easy	crushing endgame rookEndgame short skewer
auomc	5k2/pb1qNp1p/5QpP/4R3/3p4/8/P4PPK/7r w - - 5 29	h2h1 d7h3 h1g1 h3g2	1295	easy	endgame mate mateIn2 pin short
7hhy1	2rq1rk1/1p1bbppp/p3pn2/3pn3/N2P1B2/3BP2P/PP3PP1/2RQ1RK1 w - - 0 14	f4e5 c8c1 d1c1 d7a4	1296	easy	crushing master opening short
9xibh	8/2q4k/2p4p/p1B2N2/Pb2P2P/K3Q3/1r6/1r1R3R w - - 8 32	c5b4 a5b4	1296	easy	master mate mateIn1 middlegame oneMove
eofr6	5rk1/p4p2/1p2pQp1/2pb4/7R/4q2P/2P3PK/8 b - - 1 32	e3d4 h4h8	1296	easy	endgame killBoxMate mate mateIn1 oneMove
sOBGt	8/3PK1k1/4Q1p1/7p/1q2P3/8/P7/8 w - - 1 46	e7d8 b4b8 d8e7 b8f8	1296	easy	endgame mate mateIn2 queenEndgame short
IvpU0	8/3r4/p2P2kp/6p1/1P5n/P1Q1N3/5rPK/8 w - - 1 49	c3e5 h4f3 h2g3 f3e5	1297	easy	crushing endgame pin short
KXMVw	r7/pp1b2bk/6pp/8/2Q1P3/P4P2/Bq2N1PP/5R1K w - - 2 26	e2f4 d7b5 c4e6 b5f1	1297	easy	crushing middlegame short skewer
PjdPG	rnb2r1k/1pq1b2p/p5pQ/4ppB1/3N4/1BP5/PP3PPP/R4RK1 b - - 3 17	e7g5 h6f8	1297	easy	hangingPiece kingsideAttack mate mateIn1 middlegame oneMove
a6pf4	r1br4/1pq1kppp/p2npn2/4Q3/P7/2N5/1P1R1PPP/3R2K1 b - - 5 18	f6e8 c3d5 e7d7 d5c7	1297	easy	advantage middlegame pin short
lwmrP	2N2r1k/pb3pbp/1p4p1/8/8/1P1QP1P1/Pq3nBP/2R2RK1 w - - 0 20	f1f2 b2c1 f2f1 c1c8	1297	easy	advantage fork hangingPiece master middlegame short
murZU	r4bkr/ppp3pp/8/4P3/1q1Nn1b1/8/PP1N2PP/R1BQ1RK1 w - - 1 14	d1g4 b4d4 g1h1 e4f2	1297	easy	advantage hangingPiece kingsideAttack middlegame short
q3MWQ	1qrrb1k1/4bppp/1B2p3/N5P1/1nP2P2/8/5QBP/R4RK1 w - - 3 31	b6d8 e7c5 f2c5 c8c5	1297	easy	advantage master middlegame pin short
CkuoU	8/4k3/1R6/3p2P1/p1pP1P1r/Pp1bP3/1P4K1/2R5 w - - 1 40	c1h1 d3e4 g2g3 h4h1	1298	easy	advantage deflection endgame short
EvwCK	1r2R1k1/6p1/2p4p/8/1q2Q3/4P3/6PP/6K1 b - - 1 29	g8f7 e4e6	1298	easy	endgame master mate mateIn1 oneMove triangleMate
HmYGM	1b4k1/6pp/2Q5/p2p4/P2Pn1P1/4B3/4KP2/1B5q b - - 3 37	h1b1 c6e8	1298	easy	endgame master mate mateIn1 oneMove
eIFrg	8/pp6/7k/7P/1P6/P3R3/1K2pr2/8 w - - 2 39	b2c3 f2f3 e3f3 e2e1q	1298	easy	advancedPawn advantage deflection endgame pin promotion rookEndgame short
lk4ht	3r1rk1/pp3p1p/6p1/1q2PRN1/8/RpP3Q1/1P4PP/6K1 b - - 0 22	g6f5 g5e6 g8h8 g3g7	1298	easy	discoveredAttack discoveredCheck endgame mate mateIn2 short
otxLs	8/p7/4k1pp/2p1p3/2P3PP/3K1P2/P7/8 b - - 1 43	g6g5 h4g5 h6h5 g4h5	1298	easy	crushing endgame master pawnEndgame short
2h2Tc	r1bq1b1r/pppp1kp1/6n1/3Q4/3Pp3/8/PPP2PPP/RNB1K2R b KQ - 4 10	f7f6 c1g5	1299	easy	mate mateIn1 oneMove opening
HL3t9	4b2k/2q5/1p1b3B/pPpB2Qp/2Pp2p1/P2P1pP1/5P1P/6K1 b - - 3 29	c7e7 g5g8	1299	easy	endgame master mate mateIn1 oneMove
ZMyn8	r1bq1bk1/pp3p1p/2p1r2P/3pp1p1/4P3/1PPP2Q1/1P3PP1/R1B1K1NR b KQ - 0 16	e6h6 c1g5 d8g5 g3g5	1299	easy	advantage fork middlegame short
gCUbP	6k1/3b2p1/pp3p1p/3P3r/P3PR2/2N5/1r1N1R1K/8 w - - 4 38	h2g3 h5h3 g3g2 h3c3	1299	easy	advantage master middlegame short skewer
4Ix7n	8/R7/1p6/5kp1/P7/6PK/1r5P/8 w - - 1 35	a4a5 g5g4 h3h4 b2h2	1300	medium	deflection endgame mate mateIn2 rookEndgame short
IP7V3	4rr1k/4R1pp/8/pB4nq/2P1Q3/4P3/PP3P2/1K1R4 w - - 8 30	e7e8 h5d1	1300	medium	hangingPiece mate mateIn1 middlegame oneMove
V9Scz	3rkr2/pR4Q1/3bbpP1/1B1p4/4P3/4B3/P1q4n/4K1R1 b - - 1 23	e6d7 b5d7 d8d7 g7d7	1300	medium	mate mateIn2 middlegame short
dKPVv	6k1/4rpp1/p2b3p/B1p5/2Pp1P2/NP2nQPq/P4K2/7R b - - 1 30	e3g4 f2g1 g4h2 h1h2	1300	medium	advantage middlegame short
wAh6m	8/8/3Q4/3Pp2k/4Pp2/5Pb1/4q1K1/6B1 w - - 3 50	g2h3 e2f1	1300	medium	endgame master masterVsMaster mate mateIn1 oneMove
JJLru	2r2rk1/6p1/2bp3p/p3p3/2P5/1P1qB1Q1/P4PPP/R4RK1 w - - 0 23	e3h6 d3g3 h2g3 g7h6	1301	medium	advantage middlegame short
JuLkg	2r4k/1b5p/3Q2p1/q7/2Bpp3/1P3r2/P6P/R2K2R1 b - - 2 33	a5c3 d6e5 f3f6 e5f6	1301	medium	mate mateIn2 middlegame short
Kayk9	r3k2r/ppp2ppp/2p5/2b5/2Bqn1b1/3P2Q1/PPP2PPP/RNB1K2R w KQkq - 0 9	d3e4 d4d1	1301	medium	mate mateIn1 middlegame oneMove
vCZZs	8/1p2bk1p/1B2ppr1/p7/3Q4/P6P/1P2qPP1/3R3K w - - 2 28	d1d2 e2f1 h1h2 f1g2	1301	medium	endgame mate mateIn2 short
zQsw6	4Q3/6q1/1p1p1r1k/pPbPp1p1/P5Pp/5P1P/2B3K1/5R2 b - - 13 46	f6f8 e8h5	1301	medium	endgame mate mateIn1 oneMove
C3OOc	7k/N4qp1/R6p/1Ppp4/3b4/3P2PB/1P3r1P/4Q2K w - - 2 30	a7c6 f7f3 h3g2 f3g2	1302	medium	mate mateIn2 middlegame short
k1krs	8/5ppk/2q4p/3p4/3QbP2/6P1/2r5/R2R2K1 b - - 11 42	c6d7 d4e4 d5e4 d1d7	1302	medium	advantage discoveredAttack endgame short
n8SpP	2k3rr/pp3p2/2p1n3/3pP3/3P1bp1/1PBN4/P1K2PR1/4R3 b - - 3 27	h8h2 d3f4 h2g2 f4g2	1302	medium	advantage master middlegame short
vulxX	r3r1k1/pp3ppp/2pq1pb1/3n4/3P4/2PB1PN1/PP4PP/R2Q1RK1 w - - 3 15	f1e1 e8e1 d1e1 g6d3	1302	medium	advantage kingsideAttack middlegame short
KK9a4	8/5R2/7p/4pPpP/6k1/5rP1/5PK1/8 b - - 0 49	f3f5 f2f3 f5f3 f7f3	1303	medium	crushing endgame rookEndgame short xRayAttack
WYYEu	r1bq1knr/p2pbBp1/7p/1ppQN3/4P3/8/PP3PPP/nNBK3R b - - 1 12	d7d6 e5g6	1303	medium	mate mateIn1 middlegame oneMove
smiUJ	B1b1k3/p1ppnrpp/8/1p2p3/4n2q/2P2Q2/PP1P2PP/RNB3KR w - - 0 12	f3e4 h4f2	1303	medium	mate mateIn1 middlegame oneMove
0k7SH	2q4k/2p3pp/P1pp3r/4p3/4Pp2/3P1P1r/1P1B1QP1/R4R1K w - - 0 27	g2h3 c8h3 f2h2 h3h2	1304	medium	endgame kingsideAttack mate mateIn2 short
8eGVU	2rr2k1/pp3ppp/2b1p3/4N2q/2P1B3/P7/2Q2PPP/3R1RK1 b - - 0 19	c6e4 d1d8 c8d8 c2e4	1304	medium	advantage intermezzo middlegame short
Hb8ux	7k/1R6/1p1p2p1/1B1Pb1p1/Pr4P1/4K2P/8/8 w - - 0 39	b7b6 e5d4 e3d3 d4b6	1304	medium	crushing endgame fork master short
LllZs	8/8/4r3/1PP5/1K6/8/1P3pk1/R7 w - - 2 51	b5b6 e6e1 a1e1 f2e1q	1304	medium	advancedPawn crushing endgame master promotion rookEndgame short
OYUfX	7k/6p1/7p/8/BPPQ1r2/P2P1q2/7P/4R1K1 w - - 1 37	d4e3 f4g4	1304	medium	endgame mate mateIn1 oneMove
aevvr	r7/P1qr1p1k/R3b1pp/3p4/2pP4/6Q1/1PB2PP1/R5K1 w - - 7 37	a6e6 c7g3 f2g3 f7e6	1304	medium	advantage intermezzo middlegame short
g0p7J	8/5k2/3b1npp/8/P7/1QR3PP/7K/4q3 b - - 1 40	f7e7 c3e3 e1e3 b3e3	1304	medium	crushing endgame fork short
koXku	5rk1/p2p1pbp/4p1p1/8/8/2B1Q3/PPP1BPbq/R3K1R1 w Q - 0 18	e1c1 g7h6 e3h6 h2h6	1304	medium	advantage middlegame pin short
qI4W6	6k1/b1q2p2/p1p2Ppp/8/2Q1RNP1/2P3KP/1P3r2/8 b - - 5 37	g6g5 e4e8 g8h7 c4d3	1304	medium	endgame mate mateIn2 short
HLgPD	2b2r2/p4k1p/2p1pPpQ/8/8/1Bq2P2/Prp3P1/R1K4R b - - 1 22	b2b3 h6g7 f7e8 g7e7	1305	medium	mate mateIn2 middlegame short
TgCYd	1b3r1k/6p1/p1B5/2p1N2p/8/4P2P/r7/B2R3K b - - 1 38	a2a1 e5g6 h8h7 g6f8	1305	medium	crushing endgame fork master short
cgYfg	6r1/p3kp2/1pq1p1rp/2NpQ3/3P1B2/3P4/PP5P/2R4K w - - 0 27	c5b3 c6c1 b3c1 g6g1	1305	medium	mate mateIn2 middlegame sacrifice short
1qIY5	3q2k1/3r1pp1/2p4p/3p4/1PP5/3Q1P1P/6P1/3R3K w - - 1 28	c4d5 d7d5 d3d5 c6d5	1306	medium	crushing endgame short
PIGzd	r4r1k/1p2Q2p/3PB3/4p3/8/PK1q3P/1P1b1P2/R5R1 w - - 6 33	b3a2 a8a3 b2a3 d3c2	1306	medium	epauletteMate mate mateIn2 middlegame sacrifice short
THEB6	3r2k1/p4ppp/1qr5/R1Q5/3p4/1P1P2P1/P3PP1P/2R3K1 w - - 5 29	c5b6 c6c1 g1g2 a7b6	1306	medium	advantage endgame hangingPiece intermezzo queenRookEndgame short
bDVUE	b5r1/q7/2p1N2k/1p1nPQ1p/1n1P1N2/6PB/5P2/6K1 b - - 2 32	a7h7 f5h5	1306	medium	mate mateIn1 middlegame oneMove
eJUny	r4rk1/3nqp1p/p4P2/1p3R2/3p4/P4Q2/1PP3PP/R6K b - - 0 21	e7d6 f3g4 g8h8 g4g7	1306	medium	kingsideAttack mate mateIn2 middlegame short
lzDk8	3N4/kBpn1p1r/1p2p3/7P/2pPPq2/7R/PPP5/1K1R4 b - - 2 25	h7h8 h3a3 a7b8 a3a8	1306	medium	mate mateIn2 middlegame short
nmLXq	3r2k1/2r3pp/pQnq1pn1/1p2p3/4P3/1P3PB1/PN4PP/R1R3K1 w - - 2 29	b6a6 d6d4 g1h1 d4b2	1306	medium	advantage fork middlegame short
2x1RC	7k/3R2R1/p6r/Pp6/1P1BpP2/3p3p/2r4K/8 w - - 3 38	h2g3 c2g2	1307	medium	endgame mate mateIn1 oneMove
7ngty	2rk3r/4b3/b1n1q3/p2p2p1/PppP1B2/2P2Qp1/6PP/1N2RRK1 b - - 1 30	e6f5 f4c7 d8c7 f3f5	1307	medium	advantage discoveredAttack middlegame short
A4olb	rnbqk2r/pp3Npp/5n2/8/1bBp4/2N1P3/PP3PPP/R1BQK2R b KQkq - 0 8	d4c3 d1d8	1307	medium	mate mateIn1 oneMove opening
LhQCi	rn3rk1/ppp2pbp/5np1/3q2B1/6b1/3BPN2/PPP2PPP/RN1Q1RK1 w - - 3 10	h2h3 g4f3 d1f3 d5g5	1307	medium	advantage capturingDefender opening short
XWM07	r2q2k1/pb1nr2p/1p2p3/2p1PpB1/3P1n2/2PB2P1/P1Q2P1P/R4RK1 w - - 0 19	g5e7 f4h3	1307	medium	mate mateIn1 middlegame oneMove
eVjh1	3q1rk1/3n1pp1/Q3p2p/3p4/1r1P2b1/4PN2/4BPPP/R3R1K1 w - - 0 19	a6a8 d8a8 a1a8 f8a8	1307	medium	crushing middlegame short
4L0cS	r2q1r1k/3bnpp1/p4b1B/1p2p2Q/3P2R1/N1PB4/5PPP/R5K1 b - - 0 21	d7g4 h6g7 h8g7 h5h7	1308	medium	attraction discoveredCheck doubleCheck kingsideAttack mate mateIn2 middlegame sacrifice short
GiDuE	7k/R5p1/1P5p/8/P7/6PP/2rn2PK/8 w - - 1 36	b6b7 d2f3 h2h1 c2c1	1308	medium	endgame master mate mateIn2 pin short
S0W4M	8/3r3k/p5pP/2p5/b1p2Q2/2P5/PP1BR3/2K4q w - - 0 38	e2e1 h1e1 d2e1 d7d1	1308	medium	endgame mate mateIn2 operaMate sacrifice short
7pSWU	7r/1kp2P1p/p1p3nb/2qp4/3p2Q1/8/PPP3PP/RN3RK1 w - - 2 19	c2c3 d4c3 g1h1 c3b2	1309	medium	advancedPawn crushing discoveredAttack middlegame short
uHS4N	4b1rr/p5p1/2Rkp3/3pN1B1/3P2p1/P3K3/8/2R5 b - - 3 38	e8c6 c1c6	1309	medium	endgame hookMate mate mateIn1 oneMove pillsburysMate
wceup	1r2b3/7R/4pkp1/3pNn2/1p1P1P2/3BPK2/P7/8 b - - 3 43	b8a8 e5g4	1309	medium	endgame master mate mateIn1 oneMove
7TDht	r4B1k/2qbnp1B/p3p3/3pP3/3p2P1/P7/5P2/1Q3K1R b - - 3 27	a8f8 h7g8 h8g7 b1h7	1310	medium	discoveredAttack discoveredCheck mate mateIn2 middlegame short
MdvZx	r1b1qrk1/pp1nb1p1/2p1p1N1/2Pp1p1Q/3P1P2/2NR4/PP3PPP/2K4R b - - 1 15	d7f6 h5h8 g8f7 g6e5	1310	medium	kingsideAttack master mate mateIn2 middlegame short
XTMzi	r1bq2k1/pp5p/6p1/2pB4/8/P2PQ3/1Pn4P/R4RK1 b - - 2 20	d8d5 e3e8 g8g7 e8f8	1310	medium	mate mateIn2 middlegame short
dyJw1	3k4/1b6/5p2/2n4B/4P3/1p2NPPP/4K3/8 w - - 0 34	e3c4 b7a6 e2d2 a6c4	1310	medium	crushing endgame pin short
nHmEj	r1b1kb1r/7p/2p3p1/4pp2/1PQ1p2q/BNP2P2/3P1KPP/R6R w kq - 1 23	g2g3 e4e3 d2e3 h4c4	1310	medium	crushing discoveredAttack middlegame short
scaup	3r2kQ/p1p5/b1n1q1p1/2p1pr2/4n3/2PP4/PP2B1P1/R3KN1R b KQ - 1 23	g8f7 h1h7	1310	medium	mate mateIn1 middlegame oneMove
zn2zr	rn1q1rk1/pp3ppp/5b2/4p3/3pQ1b1/2NP1N2/PPP2PP1/1K1R1B1R b - - 1 13	g4f3 e4h7	1310	medium	kingsideAttack mate mateIn1 oneMove opening
lFiVu	8/P7/1R6/1P3kp1/5p2/5K2/r6P/8 w - - 5 48	b6a6 g5g4	1311	medium	endgame mate mateIn1 oneMove rookEndgame
4RRz2	r7/4k3/2R2p2/p3p1p1/4BnPp/P7/5K1P/8 b - - 8 39	f4e6 c6e6 e7e6 e4a8	1312	medium	crushing discoveredAttack endgame short
AO0LV	1k6/p4Qp1/1pp3p1/8/3p3P/P3nPq1/1PP1r1B1/R1B3RK w - - 2 28	c1e3 g3h4 g2h3 h4h3	1312	medium	kingsideAttack mate mateIn2 middlegame short
Yqf0r	7r/3bk1p1/pq2p1P1/1r1PPpNp/2p4P/2Q5/P1P5/2KR3R w - - 0 30	d5e6 b5b1 c1d2 b6f2	1312	medium	mate mateIn2 middlegame short
yH1EF	r4r1k/p4pb1/1pp2Np1/5bBp/6PR/2R5/PPP4P/6K1 b - - 0 24	g7f6 g5f6 h8h7 g4f5	1312	medium	crushing kingsideAttack middlegame short
HGSOy	r1br4/pp3Q2/1k2P2p/8/K7/4q2P/PP6/2R4R b - - 1 22	c8e6 f7c7 b6a6 c7a5	1313	medium	mate mateIn2 middlegame short
QAl9P	r1bq1r1k/ppp4p/5bpQ/6B1/2B1p3/8/PPP2PPP/R4RK1 w - - 0 15	a1d1 f6g5 d1d8 g5h6	1313	medium	advantage middlegame short trappedPiece
tzAt5	r4rk1/1pp1q1p1/1pnppn1p/4p3/1P2P2N/1QPP4/P4PPP/R1B2RK1 b - - 1 13	f6e4 h4g6 e7f7 g6f8	1313	medium	advantage fork middlegame short
Aj76K	2r2rk1/pp1qbppp/8/3N4/b7/P5Q1/1B3PPP/3RKB1R b K - 2 18	a4d1 g3g7	1314	medium	kingsideAttack mate mateIn1 middlegame oneMove
drwcp	6k1/pp1r2p1/3q1P1Q/8/2Pr3P/6R1/5P1K/8 b - - 4 42	d4f4 g3g7 d7g7 h6g7	1314	medium	endgame mate mateIn2 short
pBtxy	r1bk1r2/ppp1b1pp/3p4/3N2N1/4PB1q/6R1/PPn3P1/R1Q2K2 b - - 1 18	c2a1 c1c7 d8e8 c7e7	1314	medium	mate mateIn2 middlegame short
2ay4u	2kr4/1pp4p/p2b1pp1/4r3/2N5/2R1P2P/P5P1/2R3K1 b - - 6 30	e5d5 c4b6 c8b8 b6d5	1315	medium	advantage endgame master pin queensideAttack short
6ubYC	1rr3k1/1b1q1pb1/4p1p1/2BnP1Np/3P3P/6P1/4QPB1/2R1R1K1 w - - 0 25	g3g4 d5f4 e2d2 f4g2	1315	medium	crushing master masterVsMaster middlegame short
NFjl7	2r3k1/4qpp1/2p4p/1p1p4/1PnPn3/3NPN2/r4PPP/R1QR2K1 b - - 5 24	a2f2 d3f2 e4f2 g1f2	1315	medium	advantage master middlegame short
aQT1M	5rk1/R3Qppp/8/3p4/p2P4/4P2P/qr3PP1/2R3K1 b - - 3 26	b2f2 e7f8 g8f8 c1c8	1315	medium	attraction endgame mate mateIn2 sacrifice short
8bWrS	3q4/p1pb1QBk/3p1b2/6P1/3nR3/P2P3P/1P3P2/6K1 b - - 0 33	f6g7 e4h4	1316	medium	endgame mate mateIn1 oneMove
QYKXA	2k3r1/p4R2/2p1p3/3pP2p/3P4/3Q3P/Pq5K/R7 w - - 0 25	h2h1 b2g2	1316	medium	endgame mate mateIn1 oneMove
AvGi7	2k1rb1r/ppp2ppp/2np1n2/5b2/2PPq3/5N2/PP2BPPP/RNBQR1K1 w - - 5 10	e2d3 e4d3 e1e8 f6e8	1317	medium	advantage opening short
fvh5G	3r2k1/5ppp/5b2/qnB5/4P3/4Q3/1P3PPP/5RK1 b - - 1 23	f6b2 c5b6 a5a8 b6d8	1317	medium	advantage fork middlegame short
KoZ59	rn2k2r/1p2bpp1/pq2pnp1/3p2B1/3P4/2NB1P2/PPPQ2PP/2KR3R b kq - 5 13	b6d4 d3b5 a6b5 d2d4	1318	medium	advantage discoveredAttack middlegame short
Rh4h3	7r/rN2kpb1/ppn1p2p/2pn2p1/P3p3/2P1B2N/BP3PPP/R2R1K2 w - - 1 18	b7c5 d5e3 f2e3 b6c5	1318	medium	advantage intermezzo middlegame short
zVKhm	2k4r/pp2Qpb1/6p1/8/1Pr3K1/P7/2P3PP/7R w - - 3 26	g4g5 h8h5	1318	medium	endgame mate mateIn1 oneMove pillsburysMate
5RAs3	r5nr/ppN1kppp/2n1b3/1Bb5/2P4q/8/PP3PPP/R1BQK1NR w KQ - 3 10	c7a8 h4f2	1319	medium	attackingF2F7 mate mateIn1 middlegame oneMove
JLTZQ	rnb2rk1/pp3ppp/1q3n2/2bp4/8/2NBBN2/PPPQ1PPP/2KR3R w - - 0 11	c3d5 f6d5 e3c5 b6c5	1319	medium	advantage hangingPiece middlegame short
KUYdh	6k1/1p3p1p/p1p3pP/4PP1n/8/2P2p2/PP1r4/4RRK1 w - - 0 27	f5g6 d2g2 g1h1 h5g3	1319	medium	endgame mate mateIn2 short
MEkjz	8/8/p7/3p4/1P2k1QP/P7/2q2BK1/3q4 b - - 3 64	e4d3 g4d4 d3e2 d4e3	1319	medium	endgame mate mateIn2 short
u23eB	8/8/8/8/5K2/3b4/6pk/2R5 w - - 3 60	c1e1 d3f1 e1e5 g2g1q	1319	medium	advancedPawn crushing endgame master promotion quietMove short
b4dC4	1r2r1k1/6bp/2p1p1p1/1p2P1B1/3q2P1/1Q1P3P/1PP4K/R4R2 w - - 0 27	b3c3 g7e5 g5f4 e5f4	1320	medium	crushing middlegame short
YzBUO	6k1/3q1p1p/p4Qp1/2pPR3/5PP1/1r5P/5K2/8 b - - 2 37	a6a5 e5e7 d7e7 f6e7	1321	medium	crushing endgame short
lZBQB	8/8/2P2p2/6p1/6Pp/1Rb2k1P/2r2B2/5K2 w - - 3 46	c6c7 c2c1 f2e1 c1e1	1321	medium	endgame mate mateIn2 operaMate short
ufsRY	r4rRk/pb5p/1pp1p2N/8/2pPn2K/P1P2P2/1B5P/6R1 b - - 1 30	f8g8 h6f7	1322	medium	cornerMate mate mateIn1 middlegame oneMove
zJQMU	rn2k2r/pp3ppp/2pbp3/8/6n1/1PN2N1q/PBPPBP2/R2QR1K1 w kq - 2 13	e2f1 d6h2 f3h2 h3h2	1322	medium	kingsideAttack mate mateIn2 opening short
2AqL5	2b1kQr1/r2qP3/p5NB/3p3P/2pP4/P7/5PP1/2R2K2 b - - 2 35	g8f8 e7f8q	1323	medium	advancedPawn mate mateIn1 middlegame oneMove promotion
M5bwp	8/R7/2p4k/3p1K2/p1rP2P1/8/8/8 b - - 1 44	c4c1 g4g5 h6h5 a7h7	1323	medium	endgame mate mateIn2 rookEndgame short
RCRB2	r1bq2kr/pp1n2pp/2p5/b2pN3/3PR3/2P5/PP3PPP/RNBQ2K1 b - - 0 12	d5e4 d1b3 g8f8 b3f7	1323	medium	mate mateIn2 opening short
nxOkY	2Q5/8/p2kpp2/3bq3/4p3/2R5/1KP3P1/8 b - - 15 44	e5d4 c8c7	1323	medium	endgame master mate mateIn1 oneMove
7ZSfb	7k/1R6/3p2pN/2bPp3/8/5rP1/5P2/6K1 w - - 0 37	h6g4 f3g3 g1f1 g3g4	1324	medium	crushing endgame master pin short
NMdDU	3r1qk1/Q1R4p/p5p1/P2Np3/4P3/6PP/3R2K1/1r6 w - - 3 45	c7h7 f8f1 g2h2 f1h1	1324	medium	master mate mateIn2 middlegame short
VSC6w	r3r1k1/6Rp/p3N1p1/1p2p2n/8/qP3Q2/6PP/5RK1 b - - 3 25	h5g7 f3f7 g8h8 f7g7	1324	medium	mate mateIn2 middlegame short
c726P	6rk/p4pQp/1p3Pp1/3q4/8/8/P1r3PP/B3RRK1 b - - 8 31	g8g7 f6g7 h8g8 e1e8	1324	medium	advancedPawn endgame mate mateIn2 short
kojzk	6k1/3NR3/5pNp/6p1/P1n5/6nP/6PK/1r6 b - - 19 55	g3f5 d7f6	1324	medium	cornerMate endgame mate mateIn1 oneMove
qfZpJ	r1rR2k1/p1P3bp/1n2Nnp1/5p2/1P6/Bp2P3/5PPP/1R4K1 b - - 2 25	g8f7 e6g5 f7e7 b4b5	1324	medium	discoveredAttack master mate mateIn2 middlegame short
yBN9U	5R2/6k1/p7/1pppK3/r7/P2bP3/6P1/7R w - - 17 56	f8f6 a4e4 e5d5 g7f6	1324	medium	advantage deflection endgame short
73NN9	4rrk1/pp1bq2p/2pbp1N1/3p3Q/2PPpP2/1P2P2R/PB4PP/R5K1 b - - 0 17	h7g6 h5h8 g8f7 h3h7	1325	medium	kingsideAttack mate mateIn2 middlegame short
GmTXB	r7/1p3kpp/4bp2/p1pn4/P1B5/7P/1PP2PPB/3R2K1 b - - 3 31	d5b4 d1d7 f7e8 c4e6	1325	medium	crushing deflection endgame pin short
Im5ax	r1b2r2/1p4kR/p2q2n1/4N1P1/P1BPp3/1P2P1p1/R7/3QK3 b - - 0 23	g7h7 d1h5 h7g7 h5h6	1325	medium	mate mateIn2 middlegame short
jPvHo	1r4k1/2p3pp/4q3/3np3/8/r4P2/PPQ3PP/1KNRR3 w - - 4 23	c2c4 d5c3 c4c3 a3c3	1325	medium	crushing middlegame pin queensideAttack short
8b7Wz	1r3rk1/5ppp/3p4/bP1Pp1P1/2q1P2P/3p4/4NP1N/2R1QRK1 b - - 0 32	a5e1 c1c4 d3d2 e2c3	1326	medium	advantage defensiveMove hangingPiece middlegame short
TE4qH	r5k1/1pp2pp1/1p1p3p/8/1P3Pn1/PB1Qr2P/1B3qP1/R2R3K w - - 3 22	d3d5 e3h3 g2h3 f2h2	1326	medium	kingsideAttack mate mateIn2 middlegame sacrifice short
W5xKO	2kr3r/1pp1q3/p2bpp2/7p/6n1/2PB1N2/PP3PP1/R1BQR1K1 w - - 0 16	d3f5 d6h2 f3h2 d8d1	1326	medium	advantage discoveredAttack middlegame short
ZBypq	2kr3r/1pp2ppp/p2b1n2/8/4NPP1/4B2P/qPPQ4/2KR1BR1 w - - 0 16	e4d6 d8d6 d2d6 c7d6	1326	medium	advantage middlegame short
gD5DU	3r2k1/5ppp/bp2p3/r3P2q/p2PB1n1/P1N2RP1/1P2N2P/R1Q3K1 w - - 11 24	c1f4 h5h2 g1f1 h2h1	1326	medium	kingsideAttack mate mateIn2 middlegame short
jge7h	3R4/2k5/1p6/p7/P3P3/1K6/1P1pr3/8 w - - 2 52	d8d3 e2e3 d3e3 d2d1q	1326	medium	advancedPawn crushing deflection endgame master pin promotion rookEndgame short
pnuO2	r2qkbnr/ppp3p1/2n1N2p/4pp2/8/3P2P1/PPP2P1P/R1BQK1NR b KQkq - 1 9	d8d5 e6c7 e8d7 c7d5	1326	medium	crushing fork opening short
sT6Vv	2r3k1/2PQ1ppp/4p3/3p4/B1p1n3/7P/6PK/1q6 b - - 1 34	b1b7 d7d8 c8d8 c7d8q	1326	medium	advancedPawn backRankMate endgame mate mateIn2 promotion short
ztR5u	3r3r/1pk2pp1/p2qPn2/5b1p/3P4/PQ4P1/1P2PPBP/R4RK1 b - - 0 17	f5e6 b3b7	1326	medium	mate mateIn1 middlegame oneMove
CqHiX	6k1/5pb1/p3p1p1/7p/q7/2rR2Q1/P4P1P/3R2K1 w - - 0 36	d3c3 a4d1 g1g2 g7c3	1327	medium	crushing endgame hangingPiece intermezzo short
qWboP	rnbq1rk1/1p2bppp/p3pn2/6B1/3NN3/8/PPP1BPPP/R2Q1RK1 w - - 6 10	d4f3 f6e4 d1d8 e7d8	1327	medium	advantage hangingPiece opening short
9GzsW	8/5k1p/p1r1ppp1/1p3n2/6P1/P4N1P/5R1K/8 b - - 0 41	f5d6 f3e5 f7g7 e5c6	1328	medium	advantage endgame pin short
F614H	r4rk1/pp2ppbp/2p2Bp1/8/3qP1b1/1BN2Q2/PPP2PPP/R3K2R b KQ - 0 11	g4f3 f6d4 g7d4 g2f3	1328	medium	advantage intermezzo middlegame short
OUY6w	8/pk2P2p/1pp5/7b/4Np1n/1B5P/PPP1r1r1/R3RK2 w - - 7 30	e1e2 h5e2 f1e1 h4f3	1328	medium	cornerMate mate mateIn2 middlegame short
acLR6	3r4/pb3pkp/1p1Np1p1/3qP3/2rP4/P4P2/3Q2PP/R2R2K1 b - - 4 25	c4d4 d2d4 d5d4 d1d4	1328	medium	crushing middlegame short
q6aC4	1r3rk1/bbpN1pp1/p2q3p/1p6/1p2P1Q1/P2P4/1B3PPP/R4RK1 b - - 1 18	b7c8 g4g7	1328	medium	kingsideAttack mate mateIn1 middlegame oneMove
zAXxP	8/1p1R1pk1/p1b5/8/3B1KP1/nPr4P/8/8 b - - 5 37	g7g6 d7d6 g6h7 d4c3	1328	medium	advantage endgame master short
F3MCU	2kr1bnr/ppp1p3/2np1p2/8/1P1P4/P3PPp1/1BPN1KP1/RN1Q1R1q w - - 0 15	f2g3 h1h4	1329	medium	dovetailMate mate mateIn1 oneMove opening
OfwOI	r1q1r3/ppp1pkb1/4Nn2/3p1P1p/3P1B2/2P3Q1/PP3PP1/R3K3 b Q - 2 18	e8g8 g3g6	1331	medium	mate mateIn1 middlegame oneMove
EipKX	8/1p6/pBn3kp/6p1/2P3P1/1K1P2RP/8/7r w - - 5 42	g3e3 h1b1 b3a3 b1b6	1332	medium	advantage endgame short skewer
Ke15Q	8/p1R5/1p6/4pkp1/8/1P3K1P/P3RP2/r6r w - - 11 51	f3g3 a1g1 g3f3 h1h3	1332	medium	deflection endgame mate mateIn2 rookEndgame short
s6PQL	8/8/1n2B1kp/p2pP3/Pp1Pb2P/1Pr1BrK1/8/2R1R3 w - - 9 37	g3g4 h6h5	1333	medium	mate mateIn1 middlegame oneMove
t7J2D	r2q1rk1/p1p2p1p/1p2p1p1/2nn4/3P4/Q1N3P1/PP1P1PBP/1RB3K1 b - - 0 16	c5d3 c3d5 e6d5 a3d3	1334	medium	advantage discoveredAttack middlegame short
Uspyx	4r3/2P2pk1/3Q2p1/8/8/8/4pq2/4R1RK w - - 7 48	d6g3 e8h8 g3h2 h8h2	1335	medium	endgame mate mateIn2 short
YMjVy	8/p7/1p3p2/6p1/PP1Q1kq1/7p/8/5K2 b - - 7 53	f4g3 d4f2	1335	medium	endgame mate mateIn1 oneMove queenEndgame
kuZqO	2r2k1r/ppqp1pp1/2n1p3/2b3Bp/4P1n1/2NB4/PPP2PPP/R2Q1R1K w - - 4 13	f2f3 c7h2	1337	medium	kingsideAttack master mate mateIn1 middlegame oneMove
p71Nd	r1b2k1r/1p2npp1/p3pn2/3pq1P1/8/2PB1Q2/PP1N3P/R1B2RK1 w - - 0 16	g5f6 e5h2	1337	medium	kingsideAttack mate mateIn1 oneMove opening
s8oWl	R6k/7p/8/5pK1/1P6/1BPr3P/4r1P1/8 b - - 1 40	h8g7 a8g8	1337	medium	endgame master mate mateIn1 oneMove operaMate
zUZQm	2k1rb1r/ppp2p1b/5p1p/1B1q1P2/1n1N2P1/3QB2P/PPP5/2KR3R w - - 5 19	d3a3 b4a2 a3a2 d5a2	1337	medium	crushing middlegame queensideAttack short
7KhdG	r1q1kb1r/1p3pp1/p1n1pnp1/3p4/3P2P1/1QP2NNP/PP3P2/R1B1K2R b KQkq - 3 13	f6g4 h3g4 h8h1 g3h1	1338	medium	advantage hangingPiece middlegame short
Bpuug	r1b1R1k1/p7/2pb1p1p/3p4/7Q/2qB4/P2N2PP/7K b - - 1 26	g8f7 h4h5 f7g7 h5g6	1338	medium	killBoxMate mate mateIn2 middlegame short
HuTgO	8/Q3bk2/4p1pp/p2pB3/3PnP1P/8/1r6/4K3 w - - 0 36	a7a5 e7b4 a5b4 b2b4	1338	medium	crushing endgame fork master short
0Ozx4	3r2k1/pb2R3/1p1B3p/2pq2p1/8/2P3P1/P1Q3PP/6K1 b - - 3 33	d8d6 c2h7 g8f8 h7g7	1339	medium	endgame mate mateIn2 short triangleMate
1FM1s	r1b1k1nr/pppp1pbp/4p1p1/3nPq2/3P1B2/2N5/PPPQNPPP/2KR1B1R w kq - 5 9	e2g3 f5f4 d2f4 d5f4	1339	medium	advantage opening short
I9uxA	8/6pp/2p2p1k/2Qb4/6PK/1P3q1P/PBP2P2/8 w - - 6 36	c5e3 g7g5 e3g5 f6g5	1339	medium	endgame mate mateIn2 short
TSuwA	r7/p1R5/1pp1k1pb/4p3/2P1NnPB/8/PP5K/8 b - - 3 28	f4d3 c7e7	1339	medium	endgame mate mateIn1 oneMove operaMate
gazTu	6r1/p1k5/1n6/1Q1p4/2pP4/2P1q2P/PP3Rr1/5R1K w - - 0 29	f2g2 e3h3 g2h2 h3f1	1339	medium	endgame mate mateIn2 short
1dUX9	1Qb3k1/5pb1/2p1q3/p3N3/P3P3/2P2NPp/5P1K/8 w - - 2 40	f3d4 g7e5 d4e6 e5b8	1340	medium	advantage endgame master short
5B9KG	r4rk1/pp3p1p/2p3p1/4Nn1q/4RP2/2P5/PP4QP/R1B3K1 w - - 2 22	e5d7 h5d1 g2f1 d1d7	1340	medium	advantage fork middlegame short
Bb6TY	r1b5/p4Nbk/1np2q1p/1p3p1p/3P1P2/1QP1P3/PP1B2P1/2KR1B2 w - - 1 23	f1d3 c8e6 f7g5 h6g5	1340	medium	advantage middlegame short
FQxFT	8/p2k3p/5Q2/8/8/1P1P1p2/PBP2q2/R2K4 w - - 1 37	f6f4 f2e2 d1c1 e2e1	1340	medium	endgame mate mateIn2 short
ogIYm	8/6pk/5p2/7K/2R2PPP/1r6/8/8 w - - 0 43	g4g5 g7g6 h5g4 f6f5	1340	medium	endgame mate mateIn2 rookEndgame short
AKGHP	r2q1rk1/1ppn1pbp/p2pp1pB/7n/3PP3/2N1QP2/PPP2P1P/2KR1B1R b - - 1 12	d8h4 h6g5 h4g5 e3g5	1341	medium	advantage middlegame short trappedPiece
JKcqB	5kB1/7p/1p1p1pp1/3Pp3/1P2PP2/1n2K1P1/7P/8 w - - 6 40	g8h7 f8g7 h7g6 g7g6	1341	medium	advantage endgame master short trappedPiece
IF3n1	3rr2k/1b3Qpp/p2qpp2/1pp1N3/8/2PP2R1/P4PPP/1R4K1 b - - 3 25	e8e7 e5g6 h7g6 g3h3	1342	medium	mate mateIn2 middlegame sacrifice short
MUcRe	r2qkb1r/pp3ppp/2pp4/3BN3/3nP1b1/3P4/PPP2PPP/R1BQ1RK1 b kq - 0 9	g4d1 d5f7 e8e7 c1g5	1342	medium	attackingF2F7 mate mateIn2 opening short
d0xbf	2k1r3/pp3ppp/2nB4/3n4/8/2P2q2/PP2BP1P/R2QK2R w KQ - 0 16	e1g1 e8e2 d1e2 f3e2	1342	medium	advantage middlegame short
i4JaI	1q4k1/1nr1pp1p/3p2p1/3P4/Pp2P3/1Pb1BP2/2Q1B1PP/2R3K1 w - - 1 25	e3d2 c3d4 g1h1 c7c2	1342	medium	crushing discoveredAttack middlegame short
rhLES	8/5kp1/1b6/4p1Pp/4Pr1P/3B2K1/6P1/2R5 w - - 1 46	c1c6 b6f2 g3h3 f4h4	1342	medium	endgame mate mateIn2 operaMate short
tf0je	5rk1/5pp1/p6p/1p6/3PB3/P1r1P2q/5P1B/1Q1R2K1 w - - 0 25	b1b2 h3g4 h2g3 g4d1	1342	medium	crushing fork middlegame short
veVLq	r4rk1/1b3pp1/1B3bnp/p2p4/4n1N1/pP5P/N1P1BPP1/3R1RK1 b - - 2 21	e4c3 g4f6 g7f6 a2c3	1342	medium	advantage middlegame short
vhf72	6r1/1bk1p3/3p4/p1p2Q2/P2b1P2/1B6/2P2RP1/1R5K w - - 3 30	f2e2 g8h8 f5h3 h8h3	1342	medium	mate mateIn2 middlegame pillsburysMate pin short
OFnCn	r3r3/1b3pk1/n1pq1n1N/p2p2p1/P7/1BPP2P1/NP3P1P/1R1QR1K1 w - - 1 24	h6g4 e8e1 d1e1 f6g4	1343	medium	advantage kingsideAttack middlegame short
e0VOg	R1k5/2pb2q1/2nb4/1p1Bp3/3P3r/4P1P1/2PB1P1P/R5K1 b - - 3 29	c6b8 a8b8 c8b8 a1a8	1343	medium	attraction mate mateIn2 middlegame operaMate queensideAttack sacrifice short
n3Hlv	2r3k1/ppQ2ppp/4pn2/1b1p4/8/1P1PPNP1/P1r2PBP/R2R2K1 b - - 0 20	c8c7 f3d4 b5d7 d4c2	1343	medium	advantage fork middlegame short
tF8Du	2kr3r/ppp2ppp/2n1bn2/q5N1/4B3/P1bP2P1/1P1BPP1P/R2QK2R w KQ - 0 14	d2c3 a5g5 e4c6 b7c6	1343	medium	advantage hangingPiece middlegame short
Jyfzp	8/5p2/1k4p1/1P2R3/6KP/6P1/5r2/8 w - - 1 46	g4g5 f7f6 g5g6 f6e5	1344	medium	crushing endgame fork master rookEndgame short
SILen	5r2/p5k1/1p1Q3p/3P4/7q/8/P4r1P/6RK b - - 1 26	g7h7 d6g6 h7h8 g6g7	1344	medium	endgame mate mateIn2 short
T8YGd	8/2pb2k1/1p6/p1bPpppP/P1P5/1P1R1BB1/1r3PK1/8 b - - 1 45	g5g4 g3e5 g7h6 e5b2	1344	medium	advantage endgame fork short
5Rcrh	3r3r/2pkppb1/3n3p/3Q4/3P4/4P3/PPqN2PP/3R1RK1 b - - 2 20	e7e6 f1f7 d7e8 d5e6	1345	medium	deflection mate mateIn2 middlegame pin short
mW4GQ	r2q1r2/pp2ppkp/3p2p1/2p2P2/2BbP1Q1/2NP2P1/PP5P/R4K2 b - - 0 19	d8d7 f5f6 d4f6 g4d7	1345	medium	crushing discoveredAttack middlegame short
UV4V2	r1bqrk2/1pp5/p1n1p2Q/3p4/2PP4/P1P1P3/5PPP/R3K2R b KQ - 2 16	f8e7 h6g7 e7d6 c4c5	1346	medium	mate mateIn2 middlegame short
XKD21	rnb1k2r/pppp3p/4p1p1/4Pp2/1bPPqn2/P7/1P1NNPPP/R1BQKB1R w KQkq - 3 10	a3b4 f4d3	1346	medium	mate mateIn1 oneMove opening smotheredMate
ZBU8f	r4rk1/1p1b4/p1q2p1p/2R3p1/1P1p4/3B1PB1/2P3PP/3Q2K1 b - - 3 25	c6e6 d3c4 e6c4 c5c4	1346	medium	advantage middlegame pin short
oLAlw	8/8/3pk3/6R1/6PP/3n1r2/6K1/8 b - - 2 62	d3e5 g5e5 e6e5 g2f3	1346	medium	crushing endgame master short
zTp6q	r1b1k2r/ppp2ppp/3p4/8/4P3/3n2q1/PP1P2B1/RNBQRK2 w kq - 0 17	d1f3 g3e1	1346	medium	master mate mateIn1 oneMove opening
7rbFB	4rr1k/pp4Rp/2p1qp2/8/3Q4/4p1RP/PPP3P1/7K b - - 1 29	e3e2 g7h7 h8h7 d4h4	1347	medium	attraction endgame mate mateIn2 sacrifice short
2Ve7N	8/1p6/5R1p/2kp2pB/r3p3/2K5/rP2R1PP/8 w - - 2 30	b2b3 d5d4	1348	medium	endgame mate mateIn1 oneMove
GYVse	r4k1r/bpq1n3/p3QN2/8/8/5Bp1/PP3P1P/R4RK1 w - - 0 22	h2g3 c7g3 f3g2 g3h2	1348	medium	mate mateIn2 middlegame pin short
owDXd	r3r1k1/pp1bqppn/2p4p/4PN2/3P2nP/2NB4/PP3QP1/4RRK1 b - - 2 21	d7f5 f2f5 e7h4 f5h7	1348	medium	advantage kingsideAttack middlegame short
yUgZq	rn2Q3/1p6/2pk1pp1/3q1pN1/8/3P4/bpPK1PP1/4RB2 b - - 1 28	f6g5 e8e7	1348	medium	mate mateIn1 middlegame oneMove
MdSc9	7k/6pp/p7/3B1b2/2N3n1/6P1/PP2rn1P/R4RK1 w - - 5 24	f1e1 f2h3 g1f1 e2f2	1349	medium	mate mateIn2 middlegame short
fZj8A	8/6p1/1p2pkNp/pB3p1P/P2P1P2/3RBKP1/1r4r1/4b3 w - - 14 48	d4d5 g2g3	1349	medium	mate mateIn1 middlegame oneMove operaMate
3h1MU	3r1k2/1p3ppp/p3b3/4p1q1/2PnB3/P4Q2/1P3PPP/3RR1K1 w - - 6 21	f3g3 d4e2 g1f1 e2g3	1350	medium	crushing kingsideAttack middlegame short
NQ34W	2b2rkb/4Qp1p/1p1P1Pp1/3q2Pn/p2P4/1N2B3/PP6/K1R5 b - - 1 32	a4b3 e7f8 g8f8 c1c8	1350	medium	attraction kingsideAttack mate mateIn2 middlegame short
TU33K	r5k1/pp3p2/3bp2Q/1b1p2N1/1P6/4P3/P2RKPPP/1q5R w - - 3 22	e2f3 b1f5	1350	medium	mate mateIn1 middlegame oneMove
ibBnv	1R2Q3/r4k1p/b1p3p1/8/2qP4/6P1/5P1P/6K1 b - - 3 37	f7g7 e8f8	1350	medium	dovetailMate endgame mate mateIn1 oneMove
9aJVz	4r1k1/p4pp1/b7/2qP4/1p1Q2Pp/3K3P/PB3P2/R6R w - - 4 27	d3d2 e8e2 d2d1 c5c2	1351	medium	mate mateIn2 middlegame short triangleMate
mqxBl	6k1/pp5p/4r3/3R4/5pn1/8/PP3PK1/5N2 b - - 0 31	e6e2 d5g5 g8h8 g5g4	1351	medium	advantage endgame fork master short
BlDGq	1rRr2k1/bp3p1p/p7/3P4/1P2ppq1/P1Q1PbP1/1B3P1P/2R3K1 b - - 1 27	b8c8 c3h8	1352	medium	mate mateIn1 middlegame oneMove
UjOoP	6rk/1b1p1p1p/1p3PpQ/1p6/5R2/P6P/2P1r1P1/7K b - - 2 30	e2g2 h6h7 h8h7 f4h4	1352	medium	attraction endgame mate mateIn2 sacrifice short
WxyB0	8/p1P3pk/7p/3Q4/8/7P/PP2q1r1/3R3K w - - 2 31	c7c8q g2h2 h1g1 e2f2	1352	medium	endgame mate mateIn2 short triangleMate
opbWG	5qk1/p3p2p/2p1R1p1/3p4/8/2P5/6PP/4R1K1 b - - 2 27	g8f7 e1f1 f7e6 f1f8	1352	medium	advantage endgame queenRookEndgame short skewer
qLKyW	6k1/3q2p1/p6p/1p3r1Q/3Pp3/P1P1P2P/1P6/R5K1 w - - 0 30	h5g4 f5g5 g4g5 h6g5	1352	medium	crushing endgame pin short
qqcA1	rnb5/pp2nQpk/2p4p/6N1/1bBq4/8/PP3PPP/R1B2K1R b - - 1 14	h6g5 f7h5	1352	medium	mate mateIn1 middlegame oneMove
30yQD	8/p6p/1pR4R/4pk2/P4p2/5PnP/6P1/3r2K1 w - - 15 53	g1f2 d1f1	1353	medium	endgame hookMate mate mateIn1 oneMove
FOc3p	r7/p4p1k/2p4p/5q2/4rB1P/2Pp4/P7/R1KQ3R w - - 0 29	h1f1 e4f4 f1f4 f5f4	1353	medium	advantage master middlegame short
Lolyf	5rk1/3N1p2/pp6/2b3p1/2P5/1Pq3Pp/P3QP2/5RK1 w - - 1 45	d7f8 c3g3 g1h1 g3g2	1353	medium	endgame mate mateIn2 pin short
mgVzZ	4r1bk/6p1/1pQ4p/p7/4Prq1/P5P1/1P3P1P/2R2RK1 b - - 0 25	f4e4 f2f3 g4g5 f3e4	1353	medium	advantage fork middlegame short
6LXJX	r1b2r2/ppp3p1/1q2p1k1/3n1pB1/5P2/7R/P1P1B1PP/3R3K b - - 3 21	d5e3 e2h5 g6h7 h5f7	1354	medium	discoveredAttack discoveredCheck mate mateIn2 middlegame pillsburysMate short
RYdyN	2kr1b1r/1p3ppp/pBn5/3p1b2/8/qPN1QPP1/P1P3BP/R4RK1 w - - 8 17	b6d8 f8c5 d8b6 c5e3	1354	medium	advantage master middlegame pin short
YqpU8	r2q1k1r/1pp2p2/p2p2nn/4p2N/4P1Q1/P2PP3/1PPN1RPP/5RK1 b - - 0 19	h6g4 f2f7 f8g8 f7g7	1354	medium	mate mateIn2 middlegame short
iyvvv	rn4r1/pbk5/2p1p3/1p2Npq1/8/PB3QPn/1P3P1P/RN2R1K1 w - - 1 26	g1h1 c6c5 f3b7 c7b7	1354	medium	crushing middlegame pin quietMove short
l4TNN	8/1p1q3k/6pp/p1n5/P1B1b3/2P3Q1/1P3PPP/K2N4 w - - 1 36	d1e3 d7a4 c4a2 c5b3	1354	medium	endgame mate mateIn2 short
MtHvi	6k1/pp4pp/4p2r/3p4/1P3n2/5P2/1q5P/RB2Q1NK w - - 3 33	a1a2 h6h2	1355	medium	master mate mateIn1 middlegame oneMove
JiEAU	r2qkb1r/pppn2pp/3p1p2/P3N3/3nP1b1/2NP4/BPP2PPP/R1BQ1RK1 b kq - 0 11	g4d1 a2f7 e8e7 c3d5	1356	medium	mate mateIn2 opening short
NBfH9	r4n1r/ppkR2p1/2P1q3/5QPp/2P5/8/PP3P2/2K4R b - - 1 23	c7c6 f5b5	1356	medium	mate mateIn1 middlegame oneMove
f1hP5	Q2bk2B/4n2p/8/2P5/5p2/2P4q/P1P2P1P/1R3K2 w - - 1 31	f1g1 f4f3 a8f3 h3f3	1356	medium	crushing endgame short
lN5W7	3r1rk1/pp3ppp/3N1n2/q3Nb2/3Q4/8/PPP3PP/R3R2K w - - 6 19	d6b7 a5e1 a1e1 d8d4	1356	medium	crushing kingsideAttack middlegame short
pvaPs	r2qkb1r/pp1bnppp/2n1p3/1N1pP3/3N1P2/8/PPP3PP/R1BQKB1R b KQkq - 2 8	c6d4 b5d6	1356	medium	mate mateIn1 oneMove opening smotheredMate
0AoZX	5r1k/pp3p2/2pr1qRp/4Np2/1P1P4/P7/3Q1P2/5K1R b - - 1 33	f7g6 d2h6 h8g8 h6h7	1357	medium	endgame mate mateIn2 short
SsrPZ	rn3rk1/ppp1R2p/6pQ/5p2/8/2nP3P/Pq4P1/5R1K b - - 1 19	c3d5 h6h7	1358	medium	kingsideAttack mate mateIn1 middlegame oneMove
i2isM	2br1r2/p3Qpkp/5Np1/8/3n1q2/1B3P2/P5PP/4RR1K w - - 5 26	e1e4 f4f6 e7f6 g7f6	1358	medium	crushing middlegame short
9MkbA	r5k1/p4R1r/2n2Qp1/2qN1n1p/8/2B5/5PPP/5RK1 b - - 0 26	h7f7 f6h8	1359	medium	mate mateIn1 middlegame oneMove
MHGge	r1b1k3/ppp1q1n1/2n4r/3p1p1p/3P4/2PB1N2/PP1N1PPP/R2QK2R w KQq - 0 15	d1e2 h6e6 e1g1 e6e2	1359	medium	advantage middlegame pin short
PByfl	2kr1b1r/pp1n2pp/2N1p3/5q2/3PQB2/2P5/PP3PPP/R3R1K1 b - - 0 21	f5e4 c6a7	1359	medium	mate mateIn1 middlegame oneMove queensideAttack
1Hpgq	4Q3/8/5pk1/4b3/6P1/1P4r1/P3K3/6r1 b - - 10 43	g6g5 e8h5 g5f4 h5f5	1360	medium	endgame mate mateIn2 short
2ut0P	r4rk1/1p1qbpp1/p1npb2p/8/4Pp2/2NB1Q1P/PPPN1PP1/R4RK1 w - - 0 16	f3f4 e7g5 f4g3 g5d2	1360	medium	crushing middlegame short skewer
8PtIX	1Q6/4r1kp/4Pqp1/P7/1P6/2P3P1/3r2BP/R3R1K1 w - - 3 35	c3c4 f6f2 g1h1 f2g2	1360	medium	mate mateIn2 middlegame short
ELXhh	8/p5k1/1pp2bp1/6P1/5P2/2P1Q1KP/qP6/8 b - - 0 33	f6d8 e3d4 g7f7 d4d8	1360	medium	crushing endgame fork short
ZjBw6	1k5r/ppp5/3b4/1N4p1/3P1P1B/6P1/PP2QR1K/q7 w - - 0 29	f4g5 h8h4 h2g2 a1h1	1360	medium	mate mateIn2 middlegame pin short
tGBx9	8/8/8/3kbp1p/5N1P/5KP1/8/8 b - - 15 54	e5f4 f3f4 d5d4 f4f5	1360	medium	crushing endgame master masterVsMaster short
z83lQ	6r1/ppR5/2n3rk/3p1P2/3bq1p1/2P5/PP5K/RNB2Q2 b - - 0 24	h6h5 c7h7 g6h6 h7h6	1360	medium	mate mateIn2 middlegame operaMate short
zfJos	5r2/p2P1p1k/1p5p/2b1N3/5P2/1P4QP/P1q3PK/8 b - - 0 28	f8g8 g3g8 h7g8 d7d8q	1360	medium	advancedPawn advantage attraction endgame promotion short
3EAjM	r1b1k2r/ppq2pp1/4pn1p/2ppb3/5P2/2PP2NP/PPQ1B1P1/R1B1K2R b KQkq - 0 13	e5f4 c2a4 c8d7 a4f4	1361	medium	advantage opening short
aK8yn	r3k2r/p1p2ppp/2p5/2bp4/4nQbq/1BP4P/PP3PP1/RNB2RK1 b kq - 1 12	c5d6 f4g4 h4g4 h3g4	1361	medium	advantage middlegame short
c3DXI	r3r2k/p3P2p/3Q2p1/2p2q2/1nBB1P2/7P/5KP1/7R b - - 0 25	c5d4 d6d4 f5f6 d4f6	1361	medium	mate mateIn2 middlegame short
cQWkO	2r1n3/1p1R4/4pk1p/pr4p1/n3P1P1/K2NR2P/2P2P2/8 b - - 3 30	a4c5 e3f3 f6g6 d3e5	1361	medium	cornerMate mate mateIn2 middlegame short
e7Lk5	1r3r2/p4R2/p2kP2p/3B1bb1/3P1N2/2P4P/P7/4R2K b - - 0 40	g5f4 f7d7	1361	medium	mate mateIn1 middlegame oneMove
qmCdo	2R5/pp3ppp/4pk2/1P1p4/PB1P1P2/3q4/6PP/R5K1 w - - 1 28	a1c1 d3d4 g1h1 d4b4	1361	medium	advantage endgame fork short
ylaXJ	r3nBk1/pp1bpp2/7Q/8/3q3P/1B3P2/P2p2P1/2R2K1R w - - 0 27	c1d1 d7b5 b3c4 b5c4	1361	medium	mate mateIn2 middlegame short
w9tGV	r7/pp4k1/3p1qp1/2pPr2p/5nP1/2B2PK1/PPPQ3P/R3R3 w - - 0 25	d2f4 h5h4 g3h3 f6f4	1362	medium	crushing deflection middlegame short
DGrbK	4k3/6R1/3P3r/1P1B1b1p/3P1Pnn/8/2r5/2B2RK1 b - - 0 28	e8f8 g7g8	1363	medium	mate mateIn1 middlegame oneMove operaMate
Ku4Dn	2b2r2/1pkn1p1p/6p1/1PpQ4/8/2q1P1PB/5P1P/3R2K1 b - - 5 23	f7f5 d5d6 c7d8 d6f8	1363	medium	crushing middlegame pin short
cTHLs	4Q3/3Q3p/pk4p1/8/1P3b2/2P5/K1q3PP/8 w - - 0 52	a2a3 f4c1	1363	medium	endgame mate mateIn1 oneMove
r6E9w	2r4r/pp2pk2/3p1nR1/q4Pp1/3QP3/3B4/1PP3P1/2K4R w - - 3 23	h1h8 a5e1	1363	medium	mate mateIn1 middlegame oneMove
u4V0I	r1b1k2r/ppp2p1p/3p2p1/8/4qPn1/1BP3P1/P1P2K1P/R1BQR3 w kq - 4 14	d1g4 e4e1 f2e1 c8g4	1363	medium	crushing intermezzo middlegame short
JtjEP	r2qr1k1/ppp2ppp/5n2/4n1Q1/6b1/P1BB4/1PP3PP/R4RK1 b - - 1 15	e5d3 c3f6 d8f6 f1f6	1364	medium	advantage middlegame pin short
n3f0k	6r1/8/p2p1N1p/R7/1n2pk2/2b4P/5P2/5K2 b - - 5 41	g8g6 f6h5 f4f3 a5f5	1364	medium	endgame mate mateIn2 short
3pUqs	r1b3rk/1pp2p1p/p2p1p2/8/3QP3/1B2nN1P/PP3qP1/R5RK b - - 5 21	c8h3 d4f6 g8g7 g2h3	1365	medium	crushing intermezzo middlegame short
6AuoU	5rk1/pb4p1/1p2p2p/6bP/2Pp4/1P1B4/P1QN1q2/1K3R2 b - - 2 24	f2d2 d3h7 g8h8 f1f8	1365	medium	deflection mate mateIn2 middlegame short
6XdzC	8/1p6/p1k2p2/P1pn2p1/2N5/1P3KP1/2r2P2/1R6 b - - 9 40	c6b5 c4a3 b5a5 a3c2	1365	medium	crushing endgame fork master short
KCzvI	5k2/2R5/3rpK2/8/1P1P4/8/8/8 b - - 0 48	d6d4 c7c8 d4d8 c8d8	1365	medium	endgame mate mateIn2 rookEndgame short
SgUFL	1rb5/r5pk/4p2R/3p1pQ1/1p3P2/7R/Pq2B1PP/7K b - - 0 34	g7h6 h3h6	1365	medium	mate mateIn1 middlegame oneMove
TQyjI	r5k1/PbQ2ppp/4p3/R7/4P3/1P3P2/6PK/4q3 b - - 9 32	b7e4 c7b8 a8b8 a7b8q	1365	medium	advancedPawn backRankMate endgame mate mateIn2 promotion short
vcmco	4kr2/R2b2R1/4p3/2pnP3/1p6/1P1P2K1/2P2N1r/8 b - - 2 34	f8f2 a7a8 d7c8 a8c8	1365	medium	endgame mate mateIn2 short
y4cBy	r2qr1k1/1b2bppp/ppn1pn2/3p4/P1NP4/1QPB1NBP/1P3PP1/R3R1K1 w - - 0 16	c4b6 c6a5 b3c2 d8b6	1365	medium	advantage middlegame short
74bgE	6rk/p2rR3/8/5qBp/1P5P/P1Q5/5P1K/8 b - - 8 32	g8g7 c3g7	1366	medium	endgame mate mateIn1 oneMove
BQUUA	3rkbnr/pp3ppp/8/4pN2/1n6/8/1P1BPPPP/1K1R1BNR w k - 2 13	d2b4 d8d1 b1c2 d1f1	1366	medium	crushing fork hangingPiece middlegame short
NEplW	r2qkb1r/pppbpppp/n4n2/1N2Q3/3P1B2/8/PPP3PP/R3KBNR b KQkq - 3 9	c7c6 b5d6	1366	medium	mate mateIn1 oneMove opening pin smotheredMate
p6HIo	8/2Q2p1k/7p/1p6/4q2P/1P2p3/5nP1/1R2B2K w - - 2 42	h1h2 e4h4 h2g1 h4h1	1366	medium	endgame mate mateIn2 short
t51aU	rn2k2r/pp3p2/2Pb4/5p1p/6q1/NP2PB1K/P1QPnP2/R1B2R2 w kq - 3 18	f3g4 h5g4 h3g2 h8h2	1366	medium	discoveredCheck doubleCheck mate mateIn2 middlegame operaMate short
trh8Y	8/2R5/pp1p2nk/4p1p1/4P3/P1PP1rP1/2P3K1/8 b - - 2 30	f3e3 g2f2 e3g3 f2g3	1366	medium	crushing endgame short trappedPiece
yHkNQ	4r1k1/1q3pp1/1p1r3p/1Qp2n2/4P3/P4PP1/1P5P/3RR1K1 b - - 1 33	d6d1 b5e8 g8h7 e1d1	1366	medium	advantage endgame hangingPiece intermezzo short
2G3Cc	r4rk1/2R3p1/4p1Qp/p2q4/1p6/8/5PPP/4R1K1 b - - 3 27	d5g5 c7g7 g8h8 g7h7	1367	medium	endgame mate mateIn2 short
qogpG	8/1Qbk3p/p4P2/2p5/3p4/1P1Pn1q1/P1P2R2/4R1K1 w - - 0 28	f2g2 g3e1	1367	medium	endgame hangingPiece mate mateIn1 oneMove
B1qMq	6k1/ppq1rpp1/2p4p/4PQ2/1PP5/P6P/3R2P1/6K1 b - - 0 31	c7e5 d2d8 e7e8 f5e5	1368	medium	crushing endgame pin short
CoPcf	r4rk1/pb1q1ppp/1p1b4/4p3/1n2N3/3pP1P1/PP1Q1PBP/R1BR2K1 w - - 0 16	e4d6 b7g2 g1g2 d7d6	1368	medium	crushing intermezzo master middlegame short
JOqzR	r3r1k1/p4ppp/1p2p3/3pNq2/4nP2/P1P1Q2P/1P4P1/1R3RK1 b - - 0 24	f7f6 g2g4 f6e5 g4f5	1368	medium	advantage middlegame short trappedPiece
hPh37	6k1/5pp1/2p4p/pq1p4/3Pn3/1P1Q2P1/2PNK1PP/8 w - - 2 29	d2e4 d5e4 d3b5 c6b5	1368	medium	crushing endgame pin short
kAYZM	5k2/r3P1p1/3P3p/5B2/6P1/1p5P/pK6/8 b - - 0 52	f8e8 f5g6 e8d7 e7e8q	1369	medium	advancedPawn crushing endgame promotion short
zrMbV	3r2k1/1R3p2/p3bQ1p/4P1p1/8/5PK1/PP1qB1PP/8 w - - 1 30	e2a6 d2e1	1369	medium	endgame mate mateIn1 oneMove
LSt1i	r1bq1rk1/pp3pbp/7p/3pN3/6P1/2PB4/PP1Q1P1P/R3K1R1 b Q - 0 14	g7e5 d2h6 f7f5 g4f5	1370	medium	advantage discoveredAttack discoveredCheck kingsideAttack middlegame short
QyDO5	5rk1/6pp/2QBpp2/3p1b2/3P4/2b1P3/qr3PPP/R4K1R w - - 0 22	a1a2 f5d3 f1g1 b2b1	1370	medium	backRankMate mate mateIn2 middlegame short
VpWUR	r3kbnr/1b3Npp/pq2P3/1p1p1p2/2p2P2/2P5/PP4PP/RNBQ1RK1 w kq - 3 17	d1d4 f8c5 c1e3 c5d4	1370	medium	crushing middlegame pin short
ZY7YU	r2q1r1k/1p4pp/p2N1pn1/8/8/3P2Q1/PP4PP/R4RK1 w - - 0 20	d6b7 d8b6 g3f2 b6b7	1370	medium	advantage fork middlegame short
FDXKC	5r2/pp4pk/2n4B/3p4/3Pp1q1/2P5/P2Q2P1/6KR b - - 0 29	g7h6 d2h6 h7g8 h6h7	1371	medium	endgame fork mate mateIn2 short
uMpD0	1b3rk1/6p1/1p1q3p/p2pn3/PP1N4/2P4P/2Q1RPP1/5RK1 w - - 1 26	d4f5 e5f3 g2f3 d6h2	1371	medium	clearance kingsideAttack mate mateIn2 middlegame sacrifice short
zqXk9	3r2k1/4R3/1p2PNpp/p4b2/8/8/r4PPP/4R1K1 b - - 3 28	g8f8 e7f7	1371	medium	endgame mate mateIn1 oneMove vukovicMate
NiUhp	r3k2r/1b1p1pp1/p1nqp3/1p5p/3N2n1/2PBPN2/PP3PPP/R2Q1RK1 w kq - 4 14	h2h3 c6d4 e3d4 b7f3	1372	medium	crushing discoveredAttack middlegame short
2uDAs	4r1k1/Q1R1bppp/1p1qp3/3nN3/1P1P4/P3P2P/1B3PP1/6K1 w - - 5 27	e5c4 d6c7 a7c7 d5c7	1373	medium	advantage middlegame short
Gd3WF	4r3/7k/1r2p1R1/p1pp4/4n3/P3B3/1PP1b2P/2K3R1 b - - 4 34	e2h5 g6h6	1373	medium	mate mateIn1 middlegame oneMove operaMate
hyTAx	r2qkb1r/1pp2ppp/p1n2n2/3pp3/3P4/1QP2PP1/PP3P1P/RNB1KB1R w KQkq - 0 8	b3b7 c6a5 b7a8 d8a8	1373	medium	advantage opening short trappedPiece
2NdmV	r1b1qb1r/3pk3/p1p1ppNp/7Q/8/8/PPP2PPP/RN3RK1 b - - 1 14	e7d8 h5a5	1374	medium	mate mateIn1 middlegame oneMove
JflY5	1k6/R5R1/2p5/2Ppp3/7p/NP2P1nP/6P1/r5K1 w - - 1 33	g1f2 a1f1	1374	medium	endgame hookMate mate mateIn1 oneMove
5qxSD	8/pbp2R2/1p3R1k/8/3r4/2r5/P6P/1B4K1 b - - 3 29	h6g5 f6g6 g5h5 f7h7	1375	medium	endgame mate mateIn2 short
86NTk	7Q/1p3kp1/p1p1p3/q7/5R2/P4P1P/6PK/r2r4 b - - 1 33	f7e7 h8f8 e7d7 f4f7	1375	medium	endgame mate mateIn2 short
fyu0F	5k2/2PR2pp/8/p2p4/8/6P1/P4P1K/1q6 b - - 2 34	b1f5 c7c8r	1375	medium	advancedPawn endgame master mate mateIn1 oneMove promotion queenRookEndgame
kmjud	r3kb1N/p3n1p1/2p1Bn1p/8/1p2p3/2N1B3/PPP1KP1P/3R4 b q - 1 18	b4c3 e6f7	1375	medium	mate mateIn1 middlegame oneMove
pILbb	5Q2/8/7p/2k1P1p1/p3K3/2P4P/8/q7 b - - 0 42	c5c4 f8b4	1375	medium	endgame mate mateIn1 oneMove queenEndgame
q1rF7	3rr1k1/Rp3p2/2p2np1/2Pn1p2/3N4/5N2/5PPP/3R2K1 b - - 0 29	e8e7 d4c6 b7c6 a7e7	1375	medium	advantage middlegame short
9tvvh	r5k1/5pp1/p6p/1p1P3q/2nQ4/2N1rPR1/PP2KP1P/R7 w - - 0 23	f2e3 h5h2 e2f1 h2g3	1376	medium	crushing fork middlegame short
qpOt0	6k1/r3B2p/2p3pb/8/1N2bR2/7P/1P4P1/2K2R2 w - - 0 35	e7c5 a7a1 c1d2 a1f1	1376	medium	advantage middlegame pin short
IuQDa	8/7p/8/2p5/p1kr4/5Q1P/p2BK3/8 w - - 0 53	d2e3 a2a1q e3d4 a1d4	1377	medium	advancedPawn crushing endgame master promotion short
cTFSv	r3r3/pp1q1p1k/1b3n2/6Q1/1B1PP2p/5P1b/PP2N2P/6RK b - - 3 26	e8g8 g5h4 f6h5 h4h5	1377	medium	fork mate mateIn2 middlegame short
eDb4Y	1R6/4R3/1p3p2/1kp1pNn1/8/2r1P1K1/1r6/8 b - - 1 42	b5b4 b8b6 b4c4 b6b2	1377	medium	advantage endgame short skewer
0N358	2k5/p7/1p3B2/1P3pp1/1Pn1p3/8/3r1PP1/4R1K1 b - - 3 34	g5g4 e1c1 c8d7 c1c4	1378	medium	advantage endgame master pin short
4xoQd	rnb2kn1/ppp3q1/3p2pB/8/4P2Q/5N2/PbP3PP/RN3K1R b - - 1 13	g8h6 h4d8 f8f7 f3g5	1378	medium	fork mate mateIn2 opening short
6nspo	r1q3rk/1bR3pp/8/1p2Q3/p7/8/PPP2PPP/3R2K1 b - - 2 26	c8e8 e5e8 g8e8 c7b7	1378	medium	advantage middlegame short
bOZqL	4n2r/2rk4/Q1ppq3/4p3/N3P3/3R3p/PPP5/1K1R4 b - - 1 34	h3h2 a4c5 d7e7 c5e6	1378	medium	crushing middlegame pin short
zckKz	7r/ppp1k3/2bn1pp1/4b3/5q2/1P1B1N1P/P1P2QP1/4RR1K w - - 6 29	f3e5 h8h3 h1g1 f4h2	1378	medium	kingsideAttack mate mateIn2 middlegame pin short
Ki8VT	r1bR1B2/pp3pkp/6p1/8/2Pb4/5PKP/P3r1P1/7R b - - 1 20	g7g8 f8h6 e2e8 d8e8	1379	medium	discoveredAttack discoveredCheck mate mateIn2 middlegame pillsburysMate short
WUYty	1r3rk1/p1p1n1bp/3q2p1/3nppN1/8/1QNP2P1/PP2PPKP/R1B2R2 w - - 3 18	b3c4 b8b4 c3d5 b4c4	1380	medium	advantage master masterVsMaster middlegame short trappedPiece
Zq9n4	r2qk2r/pp3pp1/2nb3p/3n1p2/5B2/P3P2P/1PP1BPP1/R2QK2R w KQkq - 0 12	d1d5 d6b4 a3b4 d8d5	1380	medium	crushing discoveredAttack middlegame short
luzeW	3r2k1/pp3p1p/6p1/5q2/5P2/1PNn2P1/PQ2RPKP/8 w - - 1 25	b2c2 d3e1 e2e1 f5c2	1380	medium	crushing deflection discoveredAttack endgame short
B53s4	5r2/pp3pkB/2pq3p/3b4/8/4P2P/PPQ2PP1/3R2K1 w - - 0 23	h7e4 d5e4 c2c3 d6f6	1381	medium	advantage endgame short
WyHrH	1R6/8/2K3p1/k1p5/8/PPr3P1/3p3P/8 b - - 0 52	c3b3 b8a8	1381	medium	endgame mate mateIn1 oneMove rookEndgame
bpOPt	5k2/8/1p3p2/pB6/P4P2/6K1/2N1p2P/3r4 w - - 0 44	b5e2 d1d2 e2b5 d2c2	1381	medium	advantage endgame fork master short
eWbEy	rn3rk1/p4ppp/3Qb3/q1p3B1/8/pPP5/2P2PPP/1K1R1B1R b - - 0 15	a5c3 d6f8 g8f8 d1d8	1381	medium	attraction kingsideAttack mate mateIn2 middlegame pillsburysMate sacrifice short
RYaB5	8/8/8/R7/3kp3/3r4/p6r/2K2R2 b - - 1 58	e4e3 f1f4 d4c3 a5a3	1382	medium	endgame mate mateIn2 rookEndgame short
2Vm0v	r4r1k/2pq4/p2b1pQp/4pN2/1pP3b1/5P2/PP4P1/2K1R2R b - - 4 26	g4f5 h1h6 d7h7 h6h7	1383	medium	kingsideAttack mate mateIn2 middlegame short
GHMsU	r7/p4r1k/1pp1N1pQ/3p1P2/3Pb1P1/R7/PP5P/6K1 b - - 0 30	h7h6 a3h3	1383	medium	anastasiaMate endgame mate mateIn1 oneMove
MEcAE	7Q/p1pbkppp/8/4P3/4n3/8/PPPN1q1P/R1BK2N1 w - - 3 17	d2e4 d7g4 g1e2 f2e2	1383	medium	mate mateIn2 middlegame short
32ZsA	r3r3/p7/Qnp2p2/3pnq1P/1k6/2P5/4BP2/2K3R1 b - - 0 35	b4c5 a6a3	1384	medium	mate mateIn1 middlegame oneMove
CWZFg	5k2/2R5/p4Np1/8/Pn1n3p/7P/2pK2P1/8 w - - 5 40	c7d7 d4b3 d2c3 c2c1q	1384	medium	advancedPawn crushing deflection endgame master promotion short
Sz5NN	5r1k/pp2q1p1/6r1/1P1Rp3/P3Q2P/7K/5P2/5R2 b - - 5 41	e7a3 d5d3 a3e7 e4g6	1384	medium	crushing defensiveMove endgame short
aBqNJ	2rq2k1/1pp4p/p3Rrp1/P2n1pb1/1P1P4/2P3P1/1B1N2KP/RN1Q4 w - - 1 20	e6f6 d5e3 g2g1 e3d1	1384	medium	crushing fork middlegame short
bS4sS	3br1k1/5qn1/2p2n1B/2Pp2Q1/3P3P/2N3P1/6K1/5R2 b - - 6 37	f6e4 f1f7 d8g5 f7g7	1384	medium	advantage middlegame short
koNWP	3k4/R7/Pp1K3p/2p3p1/r3p1P1/4P3/8/8 b - - 6 58	d8c8 a7a8	1384	medium	endgame master mate mateIn1 oneMove rookEndgame
QWILc	r1bq1rk1/bpp2p2/p2p1n1p/n2Np1N1/4P2B/1B1P3P/PPP2PP1/R2Q1RK1 b - - 0 12	h6g5 h4g5 f6d5 g5d8	1385	medium	advantage opening short
x4rGN	8/1pp3pk/3p3p/Q7/1n6/1q3P2/1Pb3PP/2KRR3 w - - 0 29	a5c7 b4a2 c1d2 b3d3	1385	medium	endgame master mate mateIn2 short
Dhq8v	5k2/4Qp1p/ppb3q1/2p2N2/P6K/3P3P/1PP3r1/8 b - - 6 46	f8g8 e7d8 c6e8 d8e8	1386	medium	endgame mate mateIn2 short
ahxsd	5r1k/5p2/2p1bR1p/p1p1P2Q/P1P5/1r1q4/6PP/5R1K b - - 0 31	d3h7 f6h6 h7h6 h5h6	1386	medium	crushing middlegame pin short
jRBBI	1k2rr2/1pp3p1/p1n4p/5P2/5Q2/q4N1P/5PK1/1RR5 b - - 0 35	a3d6 f4d6 c7d6 c1c6	1386	medium	advantage middlegame pin short
mI5oj	7k/pp2p2p/2bp2p1/3Q4/8/P3q2P/1P4P1/5R1K w - - 1 24	d5f7 e3h3 h1g1 h3g2	1386	medium	endgame mate mateIn2 pin short
2uF4g	8/p1p5/4k3/2P1P2p/5B1r/5KP1/P7/8 b - - 0 40	h4h3 f3g2 h3h1 g2h1	1387	medium	crushing endgame short trappedPiece
Cv5Kl	8/8/5kpp/3Bnp2/7P/4PKP1/8/8 w - - 5 43	f3f4 g6g5 h4g5 h6g5	1387	medium	endgame master mate mateIn2 short
hq0GQ	8/4b2R/3p1kp1/r2qp3/4r3/2P5/5P2/4R1KQ w - - 0 42	e1e4 a5a1 g1h2 a1h1	1387	medium	crushing endgame master masterVsMaster short skewer
dB2yn	r4rk1/pbp2ppp/1p2p2q/4b3/8/1P3N1P/P1PPBPP1/1R1Q2RK w - - 2 15	f3e5 h6h3	1388	medium	kingsideAttack mate mateIn1 middlegame oneMove pin
gDKSZ	rnQq1rk1/pp2bppp/8/4P3/5B2/5P2/Pp4PP/R2QKBNR b KQ - 0 11	b2a1q c8d8 f8d8 d1a1	1388	medium	advantage intermezzo opening short
gEzx6	8/2B1k1p1/1p4Pp/p1p2r1n/P1P5/1P2K3/3R4/8 b - - 1 41	f5g5 c7d8 e7e6 d8g5	1388	medium	crushing endgame master short skewer
wsxov	r5k1/pp2qp1p/2p1b1p1/8/1P1QP1N1/P6P/2P1BPP1/6K1 b - - 0 21	a8d8 g4h6 g8f8 d4h8	1388	medium	endgame kingsideAttack mate mateIn2 short
PYXkj	3rr2k/p5p1/1p3nQ1/2p2RN1/P7/1P1q4/5PPP/5RK1 w - - 5 29	f5f6 d3f1 g1f1 d8d1	1390	medium	attraction mate mateIn2 middlegame sacrifice short
TPs8w	1r3r2/p3q1pk/3R4/2Q2p2/8/2N5/PPP3P1/2K5 b - - 0 26	b8c8 d6h6 h7h6 c5e7	1390	medium	crushing discoveredAttack endgame short
Ue4eF	2r2b2/1pp4k/3p2qp/p2PpR2/2P1P1nP/2N1P1P1/PP2Q3/6K1 b - - 3 24	f8g7 h4h5 g6e8 e2g4	1390	medium	advantage middlegame short
YnjE1	8/p6p/3Rbk2/3Qqp2/8/6PP/2p2P1K/8 w - - 3 38	d5e5 f6e5 d6c6 e6b3	1390	medium	advantage defensiveMove endgame master short
fqNmK	7r/3k4/4b3/4P2n/p2B4/PrP1K3/7R/7R b - - 7 39	e6f7 e5e6 f7e6 d4h8	1390	medium	advantage discoveredAttack middlegame short
myxyn	4qrk1/pbp3pp/1b1r4/3NN3/6P1/5P2/PPPQ2KP/4RR2 w - - 1 22	e5c4 d6d5 d2d5 b7d5	1390	medium	advantage master middlegame short
vY6Pk	3k3r/1p5p/2pPb1p1/6q1/3QP3/8/r3B1PP/5R1K b - - 1 25	h8e8 d4b6 d8c8 b6c7	1390	medium	mate mateIn2 middlegame short
FdZqk	4kn2/p6r/1pr3pn/2ppP1q1/3P2B1/2P4Q/PP3PP1/RN3RK1 w - - 0 22	f2f4 g5g4 h3g4 h6g4	1391	medium	advantage middlegame short
yhhbr	1r6/2k1N1p1/K6p/8/1P2P3/6PP/8/8 w - - 9 55	b4b5 b8a8	1391	medium	endgame mate mateIn1 oneMove
J3SOO	k4r2/ppp4p/3bQ3/6pK/4NqP1/2P4P/PP4R1/8 b - - 0 33	a7a6 g2f2 f4e3 f2f8	1392	medium	advantage endgame short
DGZLB	2r2k2/pp4pp/n7/b2p1pBQ/3q4/7P/PP4P1/RK3B1R w - - 0 24	f1a6 d4e4 a6d3 e4d3	1393	medium	mate mateIn2 middlegame queensideAttack short
GMffl	4rQ1k/pp6/1np1N1pb/4q1p1/2P2p2/1P5P/P5PK/1RB2R2 b - - 0 27	e8f8 c1b2 e5b2 b1b2	1393	medium	advantage middlegame pin short
dCC8y	8/pp1Q3p/6rk/2p2R2/8/2P4P/PP4PK/4q3 w - - 7 36	f5f7 e1g3 h2g1 g3g2	1393	medium	endgame mate mateIn2 short
E0vDT	5rk1/R5pp/4b3/1p2p3/1P1pP3/3P1BPP/1Pr3K1/2B2R2 w - - 1 25	g2g1 e6h3 f1f2 c2c1	1394	medium	advantage middlegame short
KMCnG	1k1r4/p1R5/3p3p/BP3p2/P3r3/4nKP1/3R3P/8 b - - 2 33	e3c4 c7c4 e4c4 a5d8	1394	medium	crushing discoveredAttack endgame short
QJyRr	r3r1k1/1bqn1p2/2ppNn2/p1b1pN2/1p2P1P1/PB1P3P/1PPQ1P2/R4RK1 b - - 2 19	f7e6 d2g5 g8f7 g5g7	1394	medium	kingsideAttack mate mateIn2 middlegame pin short
TtBdT	r2q2k1/pp4p1/3p4/3P1br1/7Q/P1N5/1P3PPP/R4RK1 w - - 2 28	f2f4 g5g2 g1g2 d8h4	1394	medium	crushing discoveredAttack kingsideAttack middlegame short
X5xss	3r4/p6p/8/4Q1k1/1P6/4b2P/P2q2P1/7K b - - 8 49	g5h6 e5f6 h6h5 g2g4	1394	medium	endgame mate mateIn2 short
pdniT	8/R6k/5r1p/5N2/4K2P/2P3P1/p7/r7 b - - 3 47	h7g6 a7g7 g6h5 g3g4	1394	medium	endgame mate mateIn2 short
vvDhi	6k1/2n4p/6p1/p1NP4/2Pn4/P4PP1/6K1/8 b - - 0 34	d4c2 d5d6 c7e6 c5e6	1394	medium	crushing endgame knightEndgame short
82imx	r4rk1/1bq1p2p/pp4p1/2pP2B1/P3p1B1/2N3nP/1PP3Pb/R2QR2K w - - 6 23	h1h2 g3f1 h2g1 c7h2	1395	medium	discoveredCheck doubleCheck mate mateIn2 middlegame short
CoxY5	1r4r1/3R2pp/5p2/3P2kP/3N2P1/p5K1/3b1P2/8 b - - 4 39	g8e8 d7g7 g5h6 d4f5	1395	medium	cornerMate endgame mate mateIn2 short
HVPuL	r1b2rk1/p2p1Rpp/1bpq2n1/1p6/4P3/1B1P4/PPP3PP/RNB2Q1K b - - 0 15	f8f7 f1f7 g8h8 f7g8	1395	medium	kingsideAttack mate mateIn2 middlegame short
UiMEm	5b1r/4kppb/1qB5/4NnPp/1p5P/7n/P2N1P2/R2QR1K1 w - - 4 23	g1g2 b6f2 g2h3 f2g3	1395	medium	mate mateIn2 middlegame sacrifice short
wRCKE	6q1/k4p1r/p3p1p1/PpNp1nP1/1P1P1PQ1/2P2K1R/8/8 w - - 0 49	g4g2 f5h4 h3h4 h7h4	1395	medium	crushing endgame fork master short
QehlV	1k3r2/pp5p/4p3/8/2N5/7P/PPP1p1P1/2K4R w - - 2 24	c1d2 f8f1 d2e2 f1h1	1396	medium	advantage endgame short
RWYdO	6r1/1p3krp/2p2p2/2B1bK2/4PN1P/P7/1PP3P1/R4R2 w - - 3 23	a1d1 g7g5 h4g5 g8g5	1396	medium	epauletteMate mate mateIn2 middlegame sacrifice short
hbw7z	r1b2rk1/1pq3p1/pp2p2p/3p4/PP2P1n1/3Q1N2/2P1NPPP/3R1RK1 w - - 0 17	e4d5 f8f3 d5d6 f3d3	1397	medium	advantage middlegame short
4p0eC	2rqkb1r/ppBbnppp/2n1p3/1N1p4/2PP4/P3PN2/1P3PPP/R2QKB1R b KQk - 0 9	c8c7 b5d6	1398	medium	mate mateIn1 oneMove opening smotheredMate
Irui6	3r2k1/1pq2pbp/6p1/4p2n/4P1R1/2r1BP2/1Q3P1P/R4B1K b - - 3 25	h5f4 e3b6 c7c6 b6d8	1398	medium	advantage middlegame short skewer
MvyeR	8/1p3p1k/8/6R1/1B4K1/P2r4/5Pb1/8 w - - 2 47	g5f5 g2h3 g4f4 h3f5	1398	medium	crushing endgame master short skewer
c6OoE	r2qk1nr/ppNb2pp/3p1b2/5p2/2Q1P3/P3P2P/BP4P1/R4K1R b kq - 0 16	e8e7 c4f7	1398	medium	mate mateIn1 middlegame oneMove
ZU5x6	4r1k1/1p1b1pp1/r4qp1/pN1P4/KbBBn3/8/PPP3PP/R2Q3R w - - 7 24	d4f6 e4c5	1399	medium	master mate mateIn1 middlegame oneMove
frYBA	8/8/R1p5/4K1k1/1P6/1B1r1r2/P6P/8 w - - 1 41	a6c6 f3e3	1399	medium	endgame mate mateIn1 oneMove
lZ1aR	r5r1/2p1q1k1/p2p2R1/1p2p3/4P2Q/3PP3/1PP3PK/8 b - - 0 35	g7f7 h4h7 f7e8 g6g8	1399	medium	crushing deflection endgame short
pgMx6	r1bq1r2/1p3pk1/p5pp/4p1b1/2BpP3/3P4/PPP1NQPP/R4R1K w - - 6 17	f2f7 f8f7 f1f7 g7h8	1399	medium	advantage master middlegame short
fFnN7	r5k1/1np2ppp/8/2Pp4/p7/NP2P3/P5PP/3R2K1 w - - 0 24	d1d5 a4b3 a2b3 a8a3	1400	medium	crushing discoveredAttack endgame short
Igloy	6rk/p6p/2p5/3p4/2pPp1bq/2P3R1/PP2Q2P/4B2K w - - 3 27	g3g4 h4g4 e2g4 g8g4	1401	medium	advantage endgame short
ov2S6	r1bq3r/ppp2Qpk/2npP2p/8/3P4/2P2R1N/P1P3PP/R5K1 b - - 0 18	d8e8 h3g5 h6g5 f3h3	1401	medium	clearance mate mateIn2 middlegame sacrifice short
qeqfe	r4rk1/5pp1/p1nqb1np/1p1N4/2p1P3/P3QN1P/1PB2PP1/3RR1K1 b - - 7 23	c6e5 d5f6 g7f6 d1d6	1401	medium	crushing discoveredAttack middlegame short
uLu3n	8/8/3bk3/6B1/7K/1P2Pb2/P5r1/3R4 w - - 9 52	d1f1 g2h2	1401	medium	endgame master mate mateIn1 oneMove pillsburysMate
uf8N1	5r1k/1r4R1/2p1B2p/ppPnP3/1P1q1P2/P6Q/7P/6RK b - - 0 39	b7g7 h3h6 g7h7 h6f8	1401	medium	mate mateIn2 middlegame short
urV7I	8/5k2/6p1/3q4/5P2/4B1R1/5PK1/8 w - - 8 74	g2h3 d5h1 h3g4 h1h5	1401	medium	endgame mate mateIn2 short
0v0Rg	5rk1/1Q1R1Npp/p3p3/8/3P1PP1/4P1K1/q4r1P/8 b - - 2 27	f2g2 b7g2 a2g2 g3g2	1402	medium	advantage endgame short
El6sT	5rk1/1Bp2pb1/3p2p1/1P5p/1q6/2r3P1/P2QPP1P/2R1R1K1 w - - 2 29	c1b1 c3g3 h2g3 b4d2	1402	medium	advantage discoveredAttack kingsideAttack master middlegame short
NEWpL	r5k1/p1p4p/1p5r/3pn1q1/1P3p2/P2B1P1b/2P1N1PK/R2Q2R1 w - - 0 22	g2h3 e5f3 h2h1 h6h3	1402	medium	deflection fork mate mateIn2 middlegame short
TOry8	1k1rr3/ppp2p1p/3q4/2R5/8/2Q5/PP2BP2/4K1R1 w - - 3 23	g1g3 d6d1	1402	medium	mate mateIn1 middlegame oneMove pin
9okyZ	r2qk2r/ppp1bBp1/2np2np/4N3/3PP3/2P3BP/PP4P1/RN1b1RK1 b - - 1 14	e8f8 e5g6	1403	medium	hangingPiece mate mateIn1 oneMove opening
KuF6h	r1b1k1nr/ppp1np1p/7q/3pP1p1/3P1pP1/2PB1R2/P1P4N/R1B2QK1 b kq - 3 15	h6h4 f3h3 h4h3 f1h3	1403	medium	crushing middlegame short trappedPiece
jF0Cb	5k2/p4pp1/2Q5/3pP2p/5PK1/5NP1/Pr4qP/4R3 w - - 0 34	g4f5 g2h3 g3g4 h3g4	1403	medium	endgame mate mateIn2 short
siYPe	k2r4/pp2r2p/3p2p1/1N3p2/4Pn2/2R2P2/PP3KPP/2R5 b - - 3 25	a7a6 c3c8 d8c8 c1c8	1404	medium	endgame mate mateIn2 queensideAttack short
DtD6Y	r3r1k1/2p3pp/3p1q2/3P1p2/pp6/3B1P2/PPPQ3P/2K3RR w - - 0 21	d2g5 e8e1 g1e1 f6g5	1405	medium	advantage deflection middlegame short
liX03	4r2k/pb5p/1q1B1n1p/8/3P4/2p3Q1/P1B3PP/5RK1 w - - 0 31	f1f6 b6d4 g1h1 d4f6	1405	medium	crushing fork middlegame short
ykH2x	8/1p2r2p/2p3p1/p4p2/P2PnQkP/R3P3/1P2N1PK/3q4 b - - 1 33	g4h5 e2g3 e4g3 f4g5	1405	medium	endgame mate mateIn2 sacrifice short
91Po4	2R2k2/5pp1/p3pb1p/3n4/3P4/P5Q1/1r1q1PPP/2R3K1 b - - 1 28	f8e7 c1c7 d5c7 g3c7	1406	medium	mate mateIn2 middlegame sacrifice short
VMOAK	rn3bkr/pppqp1pp/1n1pP1b1/6N1/3P2P1/5Q2/PPP2P1P/RNB1K2R b KQ - 0 10	d7c6 f3f7 g6f7 e6f7	1406	medium	advancedPawn kingsideAttack mate mateIn2 middlegame sacrifice short
ut6aA	6k1/4n2p/p2p1npb/1p1Pp2b/1P2P3/Pq2NP1P/5QB1/2B1N1K1 w - - 1 34	f2c2 h6e3 c1e3 b3e3	1406	medium	crushing kingsideAttack middlegame short
vF92f	r1b1kb1r/1p3ppp/p1R1q3/3R2B1/4N3/8/PP2QPPP/6K1 b kq - 0 17	b7c6 d5d8	1406	medium	mate mateIn1 middlegame oneMove
5ybdt	1n3k1r/r3pp2/pp1p2pp/3P3P/B1q2P2/2Q3P1/PPP5/2KR3R b - - 0 21	c4a4 c3h8	1407	medium	hangingPiece mate mateIn1 middlegame oneMove
PNmqK	r2k1b1r/ppp2Qpp/3p4/1B1P3n/4P1bq/2N4n/PPPKN2P/R1B3R1 b - - 0 14	h3g1 f7e8	1407	medium	mate mateIn1 middlegame oneMove
b61TC	8/8/6p1/1P2kp2/2R1p3/4K3/P1P4r/8 w - - 1 43	b5b6 f5f4	1407	medium	endgame master mate mateIn1 oneMove rookEndgame
dgKdy	8/1b4rk/7p/1pQ1PRn1/8/8/PPP3PP/5RK1 w - - 5 31	c5f8 g5h3 g1h1 b7g2	1407	medium	endgame mate mateIn2 pin short
2WAQ5	8/5r2/1k5p/p6P/P2KP1P1/1P3r2/2R2p2/5R2 w - - 1 65	c2c3 f7d7 d4e5 f3c3	1408	medium	advantage deflection endgame rookEndgame short
Fek4v	r1b3k1/pp4bp/3B1qp1/2PP1p2/1Pr5/P5P1/2Q1N2P/2KR1R2 w - - 3 21	c2c4 f6b2	1408	medium	mate mateIn1 middlegame oneMove
MKvB3	k2r4/1pQ4p/8/3q2P1/7P/P1R1P3/4KP2/8 w - - 1 35	e2f1 d5h1 f1e2 h1d1	1408	medium	endgame mate mateIn2 short
SWQCl	4rrk1/p1p2p2/1p3Qp1/2q5/4P3/3P3R/P5PP/5R1K b - - 5 28	c5e5 h3h8	1408	medium	endgame killBoxMate mate mateIn1 oneMove
TCeKI	r4rk1/pp1b1pp1/4p2p/q7/5b2/PBN3Q1/1P4PP/R4RK1 w - - 0 27	g3f4 a5b6 f4f2 b6b3	1408	medium	advantage fork middlegame short
bj0GT	Q5k1/1p3rp1/2p3Rp/3pq3/2r1pn2/4P3/P2P1P2/3K2R1 b - - 1 30	g8h7 g6h6 g7h6 a8g8	1408	medium	mate mateIn2 middlegame sacrifice short
jIedh	rn1qkbnr/1pp2pp1/p2p3p/4N3/2B1Ppb1/2N5/PPPP2PP/R1BQ1RK1 b kq - 1 7	g4d1 c4f7 e8e7 c3d5	1408	medium	attackingF2F7 mate mateIn2 opening short
2aMyg	2r3k1/p3b3/6p1/4Nq1p/5P1P/1PpQ2K1/P1R5/8 b - - 3 38	e7h4 g3h4 f5f4 h4h3	1409	medium	advantage endgame master short
hAPm7	rnQ2b1r/p1p1kppp/2q5/4P3/8/8/PPP2PPP/RNB1K2R w KQ - 3 11	e1g1 b8d7 c8a8 c6a8	1409	medium	advantage middlegame short trappedPiece
jYhfy	3Br3/5p2/R2k2pp/2bp1p2/8/5KP1/5P1P/8 b - - 7 38	d6e5 d8f6	1409	medium	endgame mate mateIn1 morphysMate oneMove
YlazK	4r2k/p1p5/1p3P1p/4r1p1/6K1/2P5/PPB4R/8 b - - 1 39	e5e4 c2e4 e8e4 g4f5	1410	medium	crushing endgame short
dGbJT	k7/pp3ppp/8/1PP5/P1N2QPq/2P2P2/4r1KP/R7 w - - 1 30	g2g1 h4f2 g1h1 f2g2	1411	medium	endgame mate mateIn2 short
qWQPt	rnbqkb1r/pp2pp1p/3p1np1/4N3/2B1P3/2N5/PP3PPP/R1BQK2R b KQkq - 1 7	d6e5 c4f7 e8f7 d1d8	1411	medium	attackingF2F7 crushing deflection opening short
0dhny	2b4k/q5pp/2BP4/3Np3/2Q5/3n2P1/1R4KP/5r2 w - - 0 28	c4d3 a7g1	1412	medium	master mate mateIn1 middlegame oneMove
qeJwv	r4rk1/p2n1p2/2p1pb1p/2Pp4/qP5P/P2QPNB1/4KP2/R5R1 b - - 2 22	f6a1 g3e5	1412	medium	discoveredAttack discoveredCheck mate mateIn1 middlegame oneMove pillsburysMate
vDSSP	r3k1r1/1pq1np1Q/p1n5/1B1R4/8/7P/PP3PP1/2K1R3 b q - 1 20	a6b5 h7g8	1412	medium	mate mateIn1 middlegame oneMove pin
Ts5k1	8/1p5p/1n3k2/1R6/pP2P3/P1P2PKP/3r4/8 b - - 2 41	d2d6 e4e5 f6e6 e5d6	1413	medium	advantage endgame fork short
W2iDe	r4rk1/7p/p2RP1p1/2p2p2/1p4Q1/2P1P3/qB5P/2K3R1 w - - 0 26	g4f4 b4c3 d6b6 c3b2	1413	medium	advancedPawn advantage middlegame queensideAttack short
9dTDV	8/7p/4k3/4b1PP/4K3/1pr1N3/3R4/8 w - - 0 51	d2d5 c3e3 e4e3 e6d5	1414	medium	crushing deflection endgame master short
PXNg7	r4q2/5k2/p4np1/1pp3Q1/5R2/1P5P/P4PP1/6K1 b - - 4 30	f8e7 g5d5 f7g7 d5a8	1414	medium	advantage endgame master pin short
Q8BQW	5r1k/6pp/p7/1p1P4/5n2/2P2PRb/PP1QNq1P/R6K w - - 1 28	d2d4 h3g2 g3g2 f2g2	1414	medium	kingsideAttack mate mateIn2 middlegame short
mq6Ti	4R3/r1p4k/3b1B1p/2p3p1/2P2p2/3P1Nqb/2Q3P1/7K b - - 1 30	h3g4 d3d4 g4f5 c2f5	1414	medium	discoveredAttack discoveredCheck mate mateIn2 middlegame short
mrcox	4n1k1/pQ3ppp/1p6/4b3/N7/1P1q4/PB1p1PPP/5RK1 w - - 0 21	b7e7 d3f1 g1f1 d2d1q	1414	medium	advancedPawn attraction kingsideAttack mate mateIn2 middlegame promotion short
qnmLV	r3r1k1/p5b1/6pp/q2p1p2/1p6/1PnQPNPN/5PKP/2R1R3 b - - 1 25	a5b5 c1c3 b5d3 c3d3	1414	medium	advantage middlegame short
6x58T	8/8/8/3b4/P7/1pKB1k2/4p3/8 w - - 0 51	d3e2 f3e2 a4a5 e2d1	1415	medium	bishopEndgame crushing defensiveMove endgame hangingPiece master short
KXPPH	rnbqkb1r/1p6/2pp1n2/p3p1B1/P1B1P3/2N5/1PP2PPP/R2QR1K1 b kq - 0 11	c8g4 g5f6 g4d1 f6d8	1415	medium	advantage middlegame short
ajS98	3rr1k1/p1pqbpp1/2pp1n1p/8/2P1P1b1/1PN3Q1/P1B2PPP/R1B1R1K1 w - - 1 16	c1e3 f6h5 g3g4 d7g4	1415	medium	crushing middlegame short trappedPiece
gFulq	8/1pp1R3/p3n3/4k3/1P6/Pr6/3N2P1/6K1 b - - 6 33	e5d6 e7e6 d6e6 d2b3	1415	medium	crushing endgame master short
w04Ez	6k1/1p1q1p2/p2Pr2p/2p1r1p1/2P5/2N2Q2/Pn4PP/1R3R1K b - - 3 30	b2c4 b1b7 d7b7 f3b7	1415	medium	advantage middlegame short
7bhJq	r1b1k3/ppp1bp2/7Q/4p3/3qP3/2NB1N1n/PPP3rP/R1B4K w q - 0 20	h1g2 d4f2 g2h1 f2f3	1416	medium	deflection mate mateIn2 middlegame short
DFoKY	8/8/R3p1rk/p6p/8/2P3KP/P1P5/8 w - - 2 34	g3f4 e6e5 f4e4 g6a6	1416	medium	crushing discoveredAttack endgame rookEndgame short
HGDSC	3r3k/pp3q1r/2p5/2P2R2/1P3QP1/3P1P2/P7/6K1 b - - 10 44	f7d7 f5f8 h8g7 f4f6	1416	medium	endgame mate mateIn2 short triangleMate
Oggax	8/1p4kp/p5pN/2p3Pq/2Pb1P2/1P4PQ/P3r2K/2R2B1R w - - 7 28	f1g2 e2g2 h2g2 h5e2	1416	medium	attraction mate mateIn2 middlegame pin sacrifice short
VEwzU	r1b1r1k1/ppq3pp/5p2/4b3/1P2Q3/2P2N2/P4PPP/RN2R1K1 w - - 0 18	f3e5 e8e5 e4e5 f6e5	1416	medium	advantage middlegame short
XohAW	r4k1r/pp2qB2/5p1p/2p4Q/4P3/2bP2R1/Pp4PP/5RK1 b - - 0 23	e7f7 h5c5 f8e8 c5c3	1416	medium	advantage fork middlegame short
2eVup	r5k1/1pb2p1p/p5pB/8/1Pq5/4PQ2/5PPP/3R2K1 b - - 1 31	c4b4 f3f6 b4f8 h6f8	1417	medium	crushing endgame short
5xJyV	3q1kr1/p4p1p/PpNb4/8/8/2B3pb/1PP1BP1P/R2R2K1 w - - 0 26	c6d8 g3h2 g1h1 h3g2	1417	medium	advancedPawn discoveredCheck doubleCheck kingsideAttack mate mateIn2 middlegame short
798S1	8/p4pp1/1p3n2/4R1p1/3P1k2/5NPP/PPr2P2/6K1 b - - 0 26	f4f3 e5e3	1417	medium	endgame mate mateIn1 oneMove
H5eRI	2br1rk1/p1p2p1p/5nP1/qp6/1bBnP3/2N4P/PPPB2Q1/2K1R1R1 b - - 0 21	b5c4 g6h7 g8h8 g2g7	1417	medium	advancedPawn discoveredCheck doubleCheck kingsideAttack mate mateIn2 middlegame short
J8H8k	4B1k1/6r1/p3p2p/1p4q1/3P4/2P5/1RQ2P1P/5K2 w - - 1 36	c2e4 g5c1 f1e2 c1b2	1417	medium	advantage endgame fork short
P59AP	r1bq1rk1/5p2/p2p3Q/1p2nP2/4P3/2PP3R/P5PP/R5K1 b - - 0 21	f7f6 h6h7	1417	medium	mate mateIn1 middlegame oneMove
cpMku	r5k1/1pp1q1pp/3p1r2/p2Pp3/2P2pQ1/2B3PP/PP3P2/R4RK1 w - - 2 23	g3f4 f6g6 g4g6 h7g6	1417	medium	advantage middlegame pin short
3JR0T	r2qr1k1/ppp2p1p/5bpB/2Pp4/3P2b1/2PB4/P1Q2PPP/R3R1K1 b - - 2 16	f6g5 e1e8 d8e8 h6g5	1418	medium	crushing kingsideAttack middlegame short
DTrwS	r1b1rb1k/pp3Qp1/5nNB/q1Pp1p2/3Pn3/3B4/PP2K1PP/R6R b - - 4 25	h8h7 g6f8 e8f8 f7g7	1418	medium	mate mateIn2 middlegame pin short
ZHi8n	1r4rk/pb2R1pp/2qp4/5p2/8/2B3Q1/P1P2PPP/4R1K1 b - - 7 26	f5f4 c3g7 g8g7 g3g7	1418	medium	kingsideAttack mate mateIn2 middlegame short
pGuDX	1rbq1k1r/5pbN/3p2p1/1pp3Np/4PQ1P/1P1P4/PB2n1P1/1K1R3R b - - 2 18	h8h7 f4f7	1418	medium	mate mateIn1 middlegame oneMove
rSmrw	6k1/3R2p1/1bpB3p/1p2p3/1P1qN3/3P4/3Q2PP/r2r1R1K w - - 0 28	f1d1 d4g1 d1g1 a1g1	1418	medium	mate mateIn2 middlegame sacrifice short xRayAttack
ZDIl7	1r4rk/1q3ppp/1np5/p3p1R1/N7/1BPQ4/PP3bRP/2K5 b - - 1 24	b6a4 d3h7 h8h7 g5h5	1419	medium	attraction kingsideAttack mate mateIn2 middlegame sacrifice short
xe6v0	3r1rk1/pp3pp1/2pq1n1p/2N1N3/3P4/4P2P/PPQ2PP1/2R2K2 b - - 6 25	b7b6 c5b7 d6e6 b7d8	1419	medium	advantage fork middlegame short
1cBQS	rn3rk1/1q1p1pp1/p1bQp1np/1p6/3NP3/1B3N2/PP3PPP/2RR2K1 b - - 2 18	c6e4 c1c7 b7c7 d6c7	1420	medium	advantage middlegame short trappedPiece
ZdL9d	5r1k/8/4p2p/p2pN1p1/P2P2Q1/2P1R2P/1P6/5q1K w - - 2 39	h1h2 f8f2 g4g2 f2g2	1420	medium	endgame mate mateIn2 short
aYoBC	r3r3/5pk1/2q1bB2/pp6/7P/8/PpBQ1P2/1K1R3R b - - 0 29	g7f6 d2g5	1420	medium	mate mateIn1 middlegame oneMove
y50VE	2r2r2/kp4R1/p2Q4/3b3p/2P1P3/1P5P/PKNq4/8 w - - 0 42	e4d5 f8f2 g7b7 a7b7	1420	medium	crushing endgame quietMove short
1Qht9	2r5/3q4/1R1pb2k/1Qn3pp/1pPnP2b/4KP2/1P1NB2B/R7 w - - 4 33	b5d7 d4c2	1421	medium	master mate mateIn1 middlegame oneMove
ciX8H	5k2/4bP2/p5p1/1p1Q3p/1q5P/4B1P1/5PK1/8 b - - 2 36	b4d6 e3h6	1422	medium	endgame master mate mateIn1 oneMove
fW6zn	7R/p4ppk/1p1q2p1/3P4/3Br3/7P/P2Q1PPb/7K b - - 3 28	h7h8 d2h6 h8g8 h6g7	1422	medium	endgame mate mateIn2 pin short
7vW1l	4r2k/2Q3p1/8/R6p/1P6/2P5/2r1qPPP/5RK1 w - - 1 27	a5a7 e2f1 g1f1 c2c1	1423	medium	attraction endgame mate mateIn2 sacrifice short
Qs6d5	5n2/p4r1p/1p6/2pb3k/3p1B2/1P1B2K1/P5p1/6R1 b - - 1 41	f8g6 d3e2 d5f3 e2f3	1423	medium	endgame master mate mateIn2 short
m7ID3	rnbq1rk1/pp2n1pp/2pb4/4p1N1/3pP2P/3P4/PPP1Q1P1/R1BNKB1R b KQ - 0 10	e7g6 e2h5 h7h6 h5g6	1423	medium	crushing opening short
0ANlg	r2q1rk1/pp3ppp/2b2b2/2pp4/2B5/2NP1Q1P/PPP2PP1/3RR1K1 w - - 0 15	c4d5 f6c3 d5c6 c3e1	1424	medium	advantage middlegame short
1Ar3y	1br3rk/4n1p1/pq2P1np/1p5Q/8/PBB3PP/1P4PK/2R1R3 b - - 6 34	b6f2 h5h6	1424	medium	kingsideAttack mate mateIn1 middlegame oneMove pin
JORs5	4k3/2r2r1R/b3p1P1/2npP2Q/pp3P2/4q3/PPP5/1K3R2 b - - 0 31	f7h7 g6h7 e8d7 h7h8q	1424	medium	advancedPawn advantage discoveredAttack discoveredCheck master middlegame promotion short
T35lM	r3kr2/4n3/p2pPq1p/1p1Bb1pP/8/4B3/PPQ2PP1/R4RK1 b q - 0 23	e7d5 c2c6 e8e7 c6d7	1424	medium	fork mate mateIn2 middlegame short
cbxAZ	3r1r2/q2b1pk1/pp1np2p/7Q/3P2P1/3B4/P1P2P1P/1R2R1K1 b - - 2 30	f8h8 h5e5 f7f6 e5d6	1424	medium	advantage fork master masterVsMaster middlegame short
hmiFs	r3r1k1/p1q1bppp/2p5/1p1p2P1/3Pn2P/PN2B3/1PP1QPR1/2K4R w - - 1 21	f2f3 e4g3 g2g3 c7g3	1424	medium	advantage fork middlegame short
HatIE	r1bqr1k1/pp1n4/6P1/2pP1pNp/2PbN1BP/1P3Q2/P7/R4R1K b - - 0 23	h5g4 f3f5 d7f6 e4f6	1425	medium	crushing kingsideAttack master middlegame short
T3Qhg	5r1k/6p1/1P5p/3Qp3/1b2N3/7P/2qp1PP1/R5K1 w - - 0 37	b6b7 c2c1 a1c1 d2c1q	1425	medium	advancedPawn crushing endgame promotion short
Y2ult	r5k1/pb3ppp/1pp2n2/3P4/3R3Q/2N3P1/PP3P1P/4qBK1 b - - 1 23	b7a6 d4d1 e1d1 c3d1	1425	medium	advantage master middlegame short
ZU2xP	6k1/pp3p1p/6p1/P7/2b1P3/4QB1P/1q3rP1/2R4K b - - 4 40	c4e2 c1c8 g8g7 e3f2	1425	medium	crushing endgame short
ZtAEO	6k1/R4pp1/2Q1p1p1/3p4/p2P2P1/3q1N1P/1r6/3K4 w - - 5 39	d1c1 d3b1	1425	medium	endgame mate mateIn1 oneMove
cCLtq	4r3/q4P2/7R/3ppkR1/1n6/1B1P1N2/rp3P2/1K6 b - - 4 33	f5f4 h6f6	1425	medium	mate mateIn1 middlegame oneMove
Isuf2	2r1rk2/pp1Q3p/3p2p1/5P2/3Pn3/2q1B3/P5PP/R3R1K1 b - - 0 22	c8c7 e3h6 f8g8 d7e8	1426	medium	deflection mate mateIn2 middlegame short
PGTgS	8/6R1/4Np2/1rp5/3p3k/5K2/8/8 b - - 1 42	d4d3 g7h7	1426	medium	endgame mate mateIn1 oneMove
o8ZCn	5rk1/2Q3pp/p7/1p6/4P3/1PP2P2/1P4PK/R1Brq3 w - - 1 23	c1h6 e1h4	1426	medium	endgame mate mateIn1 oneMove
9HTL9	r4b1k/6pp/2b3N1/1pq1p3/3pP2Q/6PB/1Pp4P/5RK1 b - - 1 32	h8g8 h3e6	1427	medium	master mate mateIn1 middlegame morphysMate oneMove
FJY7F	2kr1b1r/pp1q2pp/2p1bp2/3n4/2B1Q3/1PN5/PBP2PPP/R4RK1 w - - 6 13	c3d5 c6d5 e4e3 d5c4	1427	medium	advantage fork middlegame short
gi9vk	2r1k1b1/3Rb1q1/p1p2pp1/2P1Pp2/1P3P2/P2R4/6PP/3Q2K1 w - - 0 38	d7a7 e7c5 b4c5 g7a7	1427	medium	advantage discoveredAttack middlegame short
i8DXE	7R/8/8/1k6/8/P2b4/2p3P1/7K w - - 0 43	h8c8 d3c4 h1g1 c2c1q	1427	medium	advancedPawn crushing endgame promotion quietMove short
zRKPA	2r1kbnr/pp1b1ppp/1q6/4P3/3n4/2P1B3/PPQ2PPP/RN2KB1R w KQk - 0 11	e3d4 b6d4 c3d4 c8c2	1427	medium	advantage opening short
1jqUD	3rkbnr/pQpnpppp/3q2b1/3pN3/2P2P2/6P1/PP1PP2P/RNB1KB1R w KQk - 1 8	e5c6 d7c5 b7a7 d6c6	1428	medium	advantage middlegame short
8Pk43	6k1/pp2q1pp/2p2np1/3p4/2PP2P1/1PN2RP1/P2Q2BP/4r1K1 w - - 3 24	g1f2 f6g4	1428	medium	mate mateIn1 middlegame oneMove
DMZ9w	r1b2rk1/ppp2pbR/3pp1n1/4P1q1/6p1/1BN5/PPP2P1Q/1K5R b - - 0 20	g5e5 h7h8 g7h8 h2h7	1428	medium	clearance kingsideAttack mate mateIn2 middlegame sacrifice short
Ws27W	r2qkbnr/1pp2pp1/p1np3p/4N2b/2B1PP2/2NP3P/PPP3P1/R1BQK2R b KQkq - 0 8	h5d1 c4f7 e8e7 c3d5	1428	medium	attackingF2F7 mate mateIn2 middlegame short
GMaOh	7Q/1pkn4/p2p4/3Pp3/4P2P/1NN5/PPP2qr1/1K5R w - - 1 29	h4h5 f2c2 b1a1 c2b2	1429	medium	mate mateIn2 middlegame queensideAttack short
HeqhR	3r2k1/2q2p2/2pb2p1/p3r3/P4Q2/2P1B3/1P4PP/1R2R2K w - - 2 27	f4h6 e5h5 h6h5 g6h5	1429	medium	advantage master middlegame short trappedPiece
UJb7s	8/p1P1b3/8/3B2P1/P3pNr1/7k/1r3p2/5K2 b - - 1 57	g4f4 c7c8q h3h4 c8h8	1429	medium	advancedPawn advantage endgame promotion short
3ULtT	kb1r3r/pQ1q4/P3pp2/N6p/3pP1n1/3P4/1PP3PP/R1B2RK1 b - - 5 22	d7b7 a6b7	1430	medium	advancedPawn master mate mateIn1 middlegame oneMove queensideAttack
CuW9t	1k5r/pp1q1p2/2p2pr1/8/1QPP4/P5Nn/1P3PP1/3RR1K1 w - - 0 27	g2h3 d7h3 e1e8 h8e8	1430	medium	crushing middlegame short
IQWBD	r4r2/ppp3bk/3qb1pp/3Np3/2P1P2N/1P1Q3P/1P4PK/R4R2 b - - 2 19	c7c6 d5f6 f8f6 d3d6	1430	medium	crushing discoveredAttack master middlegame short
TFzQi	5r1k/1bp3p1/p2b3p/1p4qn/3P4/P1P2Np1/1P3Q1P/R3RBK1 w - - 0 29	f3g5 g3f2	1430	medium	advancedPawn kingsideAttack mate mateIn1 middlegame oneMove
nhe3L	4r3/1bb3p1/1p4k1/2pn2N1/3p4/1Q1P3q/1P3P2/R1BB2K1 w - - 0 31	g5h3 e8e1 g1g2 d5e3	1430	medium	discoveredCheck doubleCheck mate mateIn2 middlegame short
0PKoU	r4rk1/ppp3pp/3p4/3P4/2P1P1P1/8/PPQ1Kq1P/R4B1R w - - 1 17	e2d3 f8f3	1431	medium	mate mateIn1 middlegame oneMove
1hgV5	Q7/6p1/2N5/3q4/6k1/1K6/8/8 w - - 1 46	b3a4 d5a2 a4b5 a2a8	1431	medium	crushing endgame short skewer
XvxRU	3rkbnr/pp4pp/2n1Pp2/8/2Q2B2/2P1P3/P4PPP/RNq1KBNR w KQk - 1 12	e1e2 c1d1	1431	medium	mate mateIn1 oneMove opening
BzjXX	8/p1Q5/3R1rqk/4p2p/2P5/8/PPP2r2/1K5R w - - 1 28	h1d1 g6c2 b1a1 c2b2	1432	medium	endgame mate mateIn2 short
f3T2M	5rk1/3R1p2/3Q1Kp1/p7/6P1/1P2q3/8/8 b - - 1 43	e3b3 d6f8 g8f8 d7d8	1432	medium	attraction endgame master mate mateIn2 sacrifice short
sAe71	r1bqr3/1p3pk1/4p1p1/1N1Pb3/PQB1P3/6P1/8/2RR2K1 b - - 0 31	e5g3 b4c3 e6e5 c3g3	1432	medium	advantage fork middlegame short
0s9T2	4r3/4P1pp/pbk5/1pB5/8/2PR2P1/PP5P/5K2 w - - 3 43	d3d8 b6d8 e7d8r e8d8	1433	medium	advantage endgame short
BgB8b	8/1kp5/1p1p4/p2Pn2Q/5RpP/8/q4PPK/8 w - - 0 41	h5g5 e5f3 f4f3 g4f3	1433	medium	crushing endgame master short
OFXkn	Q7/2qkp3/3p2pB/2p5/p1P1P1PN/bp1P4/n3B3/1K3R1R w - - 0 31	g4g5 a2c3 b1a1 b3b2	1433	medium	advancedPawn fork mate mateIn2 middlegame short
nDLgM	8/2R5/4pB1k/3bP3/6KP/2p2r2/8/8 b - - 3 52	f3d3 f6g5 h6g6 h4h5	1433	medium	endgame mate mateIn2 short
ynElt	3r2k1/2rP1ppp/5p2/1q6/8/2p5/3Q1PPP/1R1R2K1 w - - 0 27	d2c3 b5b1 d1b1 c7c3	1433	medium	advantage endgame intermezzo short
NZbjj	5bQ1/ppk5/2p5/8/6P1/1BP5/r3qr2/K1R4R w - - 0 30	b3a2 e2b2	1434	medium	mate mateIn1 middlegame oneMove
OhsLu	r1bq1rk1/3n1pbp/p2p1np1/1ppP2B1/Q3P3/2N2N2/PP2BPPP/R4RK1 w - - 0 12	e2b5 d7b6 a4c2 a6b5	1434	medium	crushing middlegame short
rXDOv	3k4/1r5p/1P3p2/5P2/3R2P1/7P/8/3b2K1 b - - 4 44	b7d7 b6b7 d7d4 b7b8q	1434	medium	advancedPawn advantage endgame pin promotion short
IuWfX	8/1pQ4p/3p2pk/2P1p3/6R1/5q1K/5P2/8 w - - 2 38	g4g3 f3h1 h3g4 h1h5	1435	medium	endgame mate mateIn2 short
PSxTk	5rk1/4Qp2/1p1R1Pp1/7p/8/4p2P/6PK/5q2 b - - 1 51	e3e2 e7f8 g8f8 d6d8	1435	medium	attraction endgame mate mateIn2 sacrifice short
PircO	3r3Q/1b2kp2/p1p1pr2/3pN1p1/Pq6/1B5P/2P2PP1/3RR1K1 w - - 2 29	e5d3 b4e1 d1e1 d8h8	1435	medium	advantage middlegame short
RZVY2	4r1k1/1b3ppp/8/2qp4/1N2n3/PQ3N1P/5PP1/5RK1 b - - 1 22	e8b8 b4a6 b7a6 b3b8	1435	medium	crushing discoveredAttack middlegame short
jhfWJ	8/7p/5Kp1/p5pk/8/1p3P2/r7/2R5 b - - 0 53	g5g4 c1h1 a2h2 h1h2	1435	medium	endgame mate mateIn2 rookEndgame short
ufW8m	r4rk1/p2p2p1/bp5p/4Qq2/8/P1B5/1P2RPPP/4R1K1 b - - 3 24	a6e2 e5g7	1435	medium	mate mateIn1 middlegame oneMove
yHesh	8/5p2/2k1p3/2q1P1pN/4Q1P1/5PK1/r6P/8 b - - 10 57	c6b5 e4b1 b5c6 b1a2	1435	medium	crushing endgame fork short
Gkair	8/4R2p/1q3k2/7p/P3RK2/6P1/7P/8 w - - 2 75	h2h4 b6f2	1436	medium	endgame mate mateIn1 oneMove queenRookEndgame
SimZy	r4k1r/pppn1ppp/5n2/2B1Q3/2P5/2P2q2/P4P1P/R3KBR1 b Q - 5 14	f8g8 g1g7 g8g7 e5g5	1436	medium	attraction kingsideAttack mate mateIn2 middlegame sacrifice short
bIwDg	8/R4p2/4k1p1/1p2P3/p1bKBPP1/8/1P2r3/8 b - - 0 37	e2b2 f4f5 g6f5 g4f5	1436	medium	endgame mate mateIn2 short
kycBW	rq1r2k1/p4ppp/2Q1p3/2p5/4P3/1P2BP2/P5Pb/2RR1K2 b - - 1 23	h2f4 d1d8 b8d8 e3f4	1436	medium	advantage master middlegame short
2NRWf	8/4R1pp/4k3/1pQ5/1P5P/2b2qP1/5P1K/3r4 b - - 3 30	e6f6 c5g5	1437	medium	endgame killBoxMate mate mateIn1 oneMove
J34IY	5r1k/5p1p/p1ppr1pQ/2n1qN2/PnP1P3/1P4RP/6B1/5R1K b - - 7 32	g6f5 h6f8	1437	medium	hangingPiece kingsideAttack mate mateIn1 middlegame oneMove
L6Pn2	5r2/4bpk1/4P3/5p2/2Q4p/1B5K/1r3P1P/8 b - - 0 43	b2f2 c4d4 g7g6 d4f2	1438	medium	crushing endgame fork master masterVsMaster short
auMiI	2r1k2r/pp1b1pp1/4p3/3p3p/3n1qP1/2PQ3P/PP2BP1N/2R2RK1 b k - 3 23	d7b5 d3d4 b5e2 d4f4	1438	medium	crushing middlegame short
gOI9u	6k1/p2R2pp/6r1/2p1N1K1/2P2r2/8/P3n3/R7 w - - 11 40	e5g6 h7h6 g5h5 e2g3	1438	medium	cornerMate endgame mate mateIn2 short
FN1n9	2R5/kp2rp2/3R2p1/1P6/p1P1p3/4r3/P7/2K5 b - - 0 36	e3d3 b5b6 a7a6 c8a8	1439	medium	endgame master mate mateIn2 rookEndgame short
nNi89	1r2r3/3k1R2/p3bQ2/P1p1Pp2/3p1P1B/2q4P/6P1/6K1 b - - 0 42	e6f7 f6d6 d7c8 d6c6	1439	medium	endgame mate mateIn2 short
zlCUL	rn5r/pp1bkp1p/2pNpP2/8/2PP1nPq/P2B4/1B2Q2P/R2K3R b - - 0 23	e7d6 e2e5	1439	medium	mate mateIn1 middlegame oneMove
86BON	5rk1/pq3p2/1pn2p2/2bQ4/8/4P1Pp/PP3P1P/R1BR2K1 w - - 2 20	b2b4 f8d8 d5d8 c6d8	1440	medium	advantage middlegame short
Ak82k	1r2bnk1/R4ppp/3p4/2qPp3/4P3/6PP/Q2N1PB1/6K1 w - - 1 29	d2b3 b8b3 a2b3 c5a7	1440	medium	crushing deflection master middlegame short
S8iUO	3r2k1/4Qp1p/6p1/PP6/5q2/3r4/5Pb1/R1R1N1K1 b - - 1 31	d3h3 e7d8 g8g7 e1g2	1440	medium	crushing hangingPiece master middlegame short
6BbDd	r2q1r1k/pp3pp1/3p3p/2p3b1/4PNQ1/P2P4/1PP3R1/2K4R b - - 0 20	d8f6 g4g5 f6g5 g2g5	1441	medium	advantage middlegame pin short
BY71d	rnbq1rk1/pp2bp1p/4pnp1/2pp2B1/6NQ/3B4/PPP2PPP/RN3RK1 b - - 1 13	h7h5 g4f6 e7f6 g5f6	1441	medium	crushing kingsideAttack opening short
DUs0q	4r1k1/1p3p2/p4Bp1/3p3q/1P1P4/P5QP/4rPRK/8 b - - 14 40	h5f5 g3h4 f5f6 h4f6	1441	medium	advantage endgame quietMove short
I5nqf	4N3/ppp5/1b6/1k2p2P/1P2Q3/2PP4/5P2/q1KR4 w - - 1 30	c1d2 a1b2 d2e1 b2f2	1442	medium	attackingF2F7 endgame mate mateIn2 short
Ma8cH	r1bqkbnr/5ppp/p7/1ppPp3/Q3P3/2N5/PP3PPP/R1B1KB1R w KQkq - 0 10	c3b5 c8d7 b5c7 d8c7	1442	medium	advantage opening short
e1aFS	r6k/4PQ1p/1p4p1/p7/2P5/3Rb1P1/2q2P1P/6K1 b - - 0 29	c2d3 f7f8 a8f8 e7f8q	1442	medium	advancedPawn endgame mate mateIn2 promotion short
AqZuM	4rr2/p1PQ2kp/8/2bP4/8/4p3/P3K1P1/8 b - - 2 36	g7h6 d7c6 h6g7 c6c5	1443	medium	crushing endgame fork short
JTBL8	4k1nr/pp4pp/4p3/2npPb1P/8/P1qB4/2P2QP1/2KR2NR w k - 2 21	d3f5 c5b3 c1b1 c3a1	1443	medium	mate mateIn2 middlegame pin queensideAttack short
aQabO	7k/1p2q1pb/4p2p/3pP3/1P1B1Q1P/5P2/P5RK/3r4 b - - 2 40	d1d3 d4c5 d3f3 f4f3	1443	medium	advantage endgame short
1dZ4R	2r2rk1/1q3pp1/p1nbpn1p/3p4/1P1P4/1PPQBN1P/3N1PP1/R1R3K1 w - - 1 20	a1a6 c6b4 c3b4 c8c1	1444	medium	advantage discoveredAttack middlegame short
AxGgz	7r/3b1pk1/p1pq2n1/3p2p1/3P3r/3BP1N1/PPQ2PP1/R4RK1 w - - 4 28	d3g6 h4h1 g3h1 d6h2	1444	medium	kingsideAttack mate mateIn2 middlegame sacrifice short
jQb9N	r3k2r/1b1p1pp1/p7/1pb1qn1p/4P2P/P1NB2P1/1PP2P2/R2Q1RK1 w kq - 0 18	e4f5 e5g3	1444	medium	kingsideAttack mate mateIn1 middlegame oneMove pin
ItT6N	2kr1b1r/pp3p1p/2n1p2p/1N1pP3/P1pP4/2PQ1N2/1q3PPP/RR4K1 w - - 0 14	d3c4 b2b1 a1b1 d5c4	1445	medium	advantage intermezzo middlegame short
LOOL0	2r3k1/5pp1/p3p2p/5b2/1P6/1q3NQP/3B1PPK/8 b - - 5 36	g8h7 f3g5 h6g5 g3b3	1445	medium	advantage discoveredAttack endgame short
lpTzq	rn3rk1/1bpp1ppp/1p6/3p4/1bP5/2N2NP1/PP1BQ2P/2KR1B1q b - - 1 14	d5c4 f1g2 h1g2 e2g2	1445	medium	advantage middlegame short trappedPiece
pR3xq	8/p6p/kp6/2p5/2P4q/2R5/P2KN3/3B4 b - - 3 36	a6a5 c3a3 a5b4 a3a4	1445	medium	endgame master mate mateIn2 operaMate short
pWmZ8	r6k/1pp4Q/p1p3R1/8/4q3/4B3/P6K/6R1 b - - 0 28	h8h7 g6h6	1445	medium	endgame mate mateIn1 oneMove operaMate
tOl77	8/8/1kp5/5R2/R4Pn1/PP3bPp/4N3/3B2K1 w - - 1 40	e2c3 h3h2 g1f1 h2h1q	1445	medium	advancedPawn deflection endgame mate mateIn2 promotion short
vzP3i	6k1/1p3pp1/2p4p/8/1PP1q1P1/3r3P/1Q6/R4NK1 w - - 4 31	b2g2 e4d4 g2f2 d4a1	1445	medium	crushing endgame fork master short
6yzEg	4q1k1/1p3pp1/p1p4p/3p2n1/3P1Q2/2PB2Nb/PP3PP1/6K1 w - - 0 27	g2h3 g5h3 g1f1 h3f4	1446	medium	crushing endgame fork short
Bzel2	r6k/1b5p/p3p1Q1/1p6/3q1P1R/P6P/1P4PK/2r5 b - - 0 31	d4e4 h4h7	1446	medium	endgame mate mateIn1 oneMove
Kwe97	3r2k1/5pbR/2p5/6Q1/p3P3/P4P2/1q2KP2/7R w - - 4 30	e2e3 b2d2	1446	medium	endgame mate mateIn1 oneMove
tdX9u	k3q1nr/6b1/Q1n3pp/2B1p1N1/4P3/2P5/PP3PPP/6K1 b - - 2 24	a8b8 c5d6	1446	medium	mate mateIn1 middlegame oneMove
BsWPm	r2qr1k1/pp3ppp/2n5/4p3/6b1/2PB1N2/P1P1QPPP/R4RK1 w - - 5 14	d3h7 g8h7 e2e4 f7f5	1447	medium	crushing hangingPiece middlegame short
MZBVE	3r2k1/ppp1B1pp/4p3/4p3/1P6/P1P5/R1n1qPPP/2Qr1RK1 w - - 5 24	a2c2 e2f1	1447	medium	kingsideAttack mate mateIn1 middlegame oneMove
cWgn8	r3k2r/pp3ppp/3Pb3/1n6/1Pq5/K2P4/P1P3PP/RNBQR3 w kq - 1 18	a3b2 c4b4	1447	medium	epauletteMate mate mateIn1 middlegame oneMove
gzqkI	1R6/8/1P6/4N1p1/4Qn1p/5PrP/5k2/7K w - - 8 59	b8d8 g3h3	1447	medium	endgame master mate mateIn1 oneMove
hMASF	8/8/8/2Q5/8/4pK2/3q4/4k3 b - - 7 69	e3e2 c5g1	1447	medium	endgame mate mateIn1 oneMove queenEndgame
wzOb6	r1b1k1r1/pnpp1p2/1p5p/2bPp3/4P2q/2NB1Q2/PPPB1PP1/R4RK1 w q - 5 16	g2g3 g8g3 f3g3 h4g3	1447	medium	crushing kingsideAttack middlegame pin short
05NVJ	6n1/1p3pkp/n1p3p1/p3NNQ1/P3P3/7P/1q3PPK/8 b - - 3 25	g7f8 g5d8	1448	medium	endgame mate mateIn1 oneMove
2ILpx	2K5/1P2k3/3q4/8/8/8/8/8 w - - 32 80	b7b8q d6d7	1448	medium	endgame mate mateIn1 oneMove queenEndgame
8ERhq	r4br1/pp3kp1/1n1p1qNp/1PpP3P/4PpQ1/3P4/PB3P2/R3K2R b KQ - 1 19	f6b2 g4e6	1448	medium	mate mateIn1 middlegame oneMove
bYqXj	8/p7/7k/P2P1qp1/7p/4BP2/1r2B3/3Q2K1 w - - 0 55	d5d6 b2b1 d1b1 f5b1	1448	medium	advantage endgame pin short
hBHmK	3k1b2/pp6/8/n5Qp/3P4/8/P4qPP/4r1RK b - - 2 36	f8e7 g5a5 b7b6 a5e1	1448	medium	crushing endgame hangingPiece master short superGM
uI7Kz	2r2rk1/p4pp1/4p2p/3nN3/2pP4/2P3QP/3q1PP1/2R1R1K1 b - - 3 27	d5c3 g3c3 d2c3 c1c3	1448	medium	advantage master middlegame short
SwC87	4r3/p6p/1p1k2p1/4Np2/5P2/4p1Pq/P7/3Q1bK1 b - - 1 39	d6e6 d1d7 e6f6 d7f7	1449	medium	endgame fork mate mateIn2 short
Y3vSW	8/8/2p5/3r1Rp1/3k1PP1/6K1/8/8 b - - 0 55	d5f5 g4f5 d4d5 f4g5	1449	medium	capturingDefender crushing endgame master short
ot1iy	r2r2k1/1p3pb1/p4qp1/6p1/4p1P1/P1B4R/1P3PKR/4Q3 b - - 1 26	f6c6 h3h8 g7h8 h2h8	1449	medium	kingsideAttack mate mateIn2 middlegame sacrifice short
pYPRA	r1bk4/pp5r/1bn1pN2/3pP3/3P1npq/B1P3pP/2Q5/R3R1NK w - - 2 27	c2h7 g3g2 h1h2 g4g3	1449	medium	advancedPawn kingsideAttack mate mateIn2 middlegame short
phzhV	8/5P2/p7/2b3k1/P3Qp2/6q1/1r4P1/R3R1K1 w - - 3 43	g1h1 g3h4	1449	medium	endgame mate mateIn1 oneMove
vcHs5	1r5r/2R1kpbp/p3p3/5np1/B2P2N1/1P1n1PP1/3QK2P/7q b - - 1 24	e7d6 c7d7	1449	medium	mate mateIn1 middlegame oneMove
DR111	k5r1/1pQ2p2/p2p3p/P3p1r1/1P2P3/7n/5P1P/2R2R1K w - - 4 29	c7d6 g5g1 f1g1 h3f2	1450	medium	cornerMate deflection endgame mate mateIn2 sacrifice short
XqMlW	r3r3/1p2k1pp/pP3p2/8/4PB2/PB3b2/3K3P/3R3R w - - 0 23	f4d6 e7d6 d2e3 f3d1	1450	medium	advantage hangingPiece middlegame short
x3UWX	2b3k1/ppQ3pp/8/5pN1/2P1r3/2q1P3/P4PPP/5RK1 b - - 1 24	c3c4 c7d8 e4e8 d8e8	1450	medium	endgame mate mateIn2 short
9IcHY	1r6/5pb1/8/2k4B/7P/3R4/KPP2RP1/4r3 w - - 5 36	f2f7 b8b2 a2a3 e1a1	1451	medium	endgame mate mateIn2 short
JxBwu	3q1rk1/4bppp/p3pn2/4p3/1p1P4/3bB1PP/PPr1NPB1/R2NQRK1 w - - 4 19	d4e5 c2e2 e1e2 d3e2	1451	medium	advantage middlegame short trappedPiece
QZMWX	r5k1/p3pp1p/3p2p1/q7/4P2P/1Pr2P2/P2Q2P1/1K1R3R w - - 0 19	d1c1 c3b3 a2b3 a5d2	1451	medium	crushing discoveredAttack endgame master queensideAttack short
vzOCJ	rnb1k2r/ppp2ppp/4p3/8/1b1qP3/2P5/P1QB1PPP/R3KBNR b KQkq - 1 8	d4c5 c2a4 b8c6 c3b4	1451	medium	advantage opening short
URZQ5	2k3r1/pp2pp2/3p4/2p2N2/1PPbPQ2/3PN3/P4Kqp/1R3R2 w - - 1 29	f2e1 d4c3 e1d1 g2d2	1452	medium	master mate mateIn2 middlegame short
XWGoy	3r2k1/4qp2/p3p1np/6p1/2Pp4/1P4NP/P3QPP1/3R2K1 w - - 5 33	g3f5 e6f5 e2e7 g6e7	1452	medium	crushing endgame hangingPiece master short
y42qP	rn2r1k1/pp3ppp/2p2q2/3p4/1b1Pb3/6Q1/PPPBBPPP/R3K1NR b KQ - 1 13	f6d4 c2c3 d4f6 c3b4	1452	medium	advantage fork opening short
cWiIc	r3k3/ppp5/4Bpb1/2b5/P5p1/2P4r/1P3P2/RNBR2K1 w q - 0 18	e6g4 h3g3 g1f1 g3g4	1453	medium	advantage middlegame pin short
pDmh5	2k5/2p5/Nn1r4/2Np4/P2P4/2P1n2r/8/1R2R1K1 w - - 0 30	a4a5 d6g6 g1f2 g6g2	1453	medium	mate mateIn2 middlegame short
qAouA	2r2rk1/2qn1p1p/1p1b2pP/p1nQ2P1/4P3/7N/PPP1B3/2KR3R w - - 0 21	d5d6 c5b3 a2b3 c7c2	1453	medium	discoveredAttack mate mateIn2 middlegame pin queensideAttack sacrifice short
zXeVc	8/2Q2pp1/1p2k2p/p1p2P2/P2p2PK/1P2nq1P/2P5/8 b - - 0 53	e6d5 c7b7 d5e5 b7f3	1453	medium	crushing endgame short skewer
5eRf4	2rq1rk1/4bppp/p2p4/1p1Pp3/3n4/1P1BBQ1P/P1P2PP1/R3R1K1 w - - 1 17	f3e4 f7f5 e4d4 e5d4	1454	medium	crushing middlegame short trappedPiece
Gjaif	r4k2/pp3p2/2q4p/3bp3/6Q1/1PPB4/P5P1/RN5K w - - 0 28	b1d2 c6c3 a1d1 c3d3	1454	medium	advantage fork middlegame short
ZKME4	5r1k/p2Q2p1/1p2pq2/2p2p1P/2P1bP2/PP2P1R1/8/2KR4 w - - 3 33	g3g6 f6c3	1454	medium	endgame mate mateIn1 oneMove
nQoTU	8/8/6pk/3R1p1p/2K2PP1/7P/8/3r4 b - - 2 47	d1d5 g4g5 h6g7 c4d5	1454	medium	crushing endgame intermezzo rookEndgame short
0BNak	r1b1k1nr/bpp2ppp/3p1q2/p2Pn3/2P5/P1N2N1P/1P3PP1/R1BQKB1R w KQkq - 1 10	f3e5 f6f2	1455	medium	attackingF2F7 mate mateIn1 oneMove opening
8tEpe	r5k1/1p3bpp/5n2/1B2r3/8/6NP/PPPR2P1/R6K w - - 1 26	a2a4 e5b5 a4b5 a8a1	1455	medium	advantage middlegame short
Hgz9h	6k1/1P4pp/2N1p3/2B5/2r5/P4pPQ/4qP1P/5rK1 w - - 0 33	h3f1 e2f1 g1f1 c4c1	1455	medium	attraction endgame mate mateIn2 short
Lracx	rnbqk1nr/pp3ppp/8/2bpN3/2Bp4/8/PPP1QPPP/RNB1K2R b KQkq - 1 7	d5c4 e5c6 d8e7 c6e7	1455	medium	advantage discoveredAttack discoveredCheck opening short
WraCI	1r2r1k1/6pp/3p1p2/3P1P2/1pq1B3/2p5/P1Q3PP/2R1R2K w - - 2 33	c2b3 e8e4 b3c4 e4c4	1455	medium	advantage middlegame short
BzLMG	r5rk/3QR1pp/1p6/p2P4/6n1/PP3pPq/1B6/R4NK1 w - - 0 33	b2d4 h3g2	1456	medium	mate mateIn1 middlegame oneMove
B4YlK	8/6p1/1Pbk4/4r3/2Q5/2K5/8/8 w - - 1 63	c3b4 e5e4 c4e4 c6e4	1457	medium	crushing endgame pin short
Q1M1e	r7/2k2p2/1p2qPp1/1Qp1P2p/p3P3/2P5/7P/3R3K b - - 3 38	a4a3 d1d6 e6d6 e5d6	1457	medium	crushing endgame master short
05Loy	r2q1rk1/1p2bppp/p1N1p3/2pn4/8/2NP3P/PPP1QPP1/R1B2RK1 b - - 0 15	d5c3 c6e7 d8e7 b2c3	1458	medium	crushing intermezzo middlegame short
7RA4V	7R/p4pQ1/4p3/6p1/4k1n1/6P1/P3qPKP/8 w - - 7 36	g7f7 g4e3 g2h3 e2f1	1458	medium	endgame mate mateIn2 pin short
BWqhK	8/8/3n1p2/2kP1Pp1/1pP1B1P1/pP1p1K2/P1P5/8 w - - 0 77	f3e3 d6e4 c2d3 e4c3	1458	medium	crushing endgame master short
Gxqin	8/p3Qnkp/2b2p2/2p2Pp1/5qP1/7P/PPP5/2KN2N1 w - - 3 27	c1b1 f4f1 b1c1 f1g1	1458	medium	crushing endgame fork pin short
NeLqD	1R3rk1/2B1ppbp/6p1/8/2n5/3QPP2/q3N1PP/6K1 b - - 1 23	c4e5 b8f8 g7f8 c7e5	1458	medium	advantage middlegame short
4Rv5W	4rr2/ppq3pk/2nb3p/2pBpbB1/2PpN3/P2P2P1/1P3P1P/R2QR1K1 b - - 3 17	h6g5 d1h5	1459	medium	mate mateIn1 middlegame oneMove
A7ps7	r3r1k1/pp3ppp/1qp2P2/3b4/5Q2/6P1/PP3P1P/R1BR2K1 b - - 0 18	e8e4 f4g5 e4g4 g5g4	1459	medium	crushing middlegame pin short
K8V2f	6k1/1p1R2p1/2p2pNp/5Pn1/2P3K1/1P4P1/2r4P/8 b - - 3 28	c2h2 d7d8 g8f7 d8f8	1459	medium	endgame hookMate mate mateIn2 short
Rbdsx	5b2/5R1p/3p1kp1/3B1p2/2Pp4/2r3P1/5P1P/6K1 b - - 5 30	f6e5 f2f4	1459	medium	endgame mate mateIn1 oneMove
SHAGM	5rk1/pp3rpp/1np1R3/8/2PP1qn1/1Q3P2/PP4PP/4R1KN w - - 1 22	f3g4 f4f1 e1f1 f7f1	1459	medium	kingsideAttack mate mateIn2 middlegame sacrifice short
pJjvE	8/8/8/p5pk/4Q3/1P4K1/P2q1P2/8 b - - 7 46	d2a2 e4h7	1459	medium	endgame mate mateIn1 oneMove queenEndgame
9ozqv	8/1R6/4pk2/3r4/3N3p/6nP/1P1K2P1/8 w - - 1 44	d2c3 g3e4 c3c2 d5d4	1460	medium	crushing deflection endgame master short
FPixG	3rrk2/p5b1/2p3pQ/1p1n4/1q2N3/3B1P2/PPP2P2/1K1R3R w - - 2 26	h6g6 b4b2	1460	medium	mate mateIn1 middlegame oneMove queensideAttack
gC710	r5k1/2p2pPp/2p5/4N3/3Bb1P1/1qN5/1R5P/1K1R4 w - - 1 31	b1c1 a8a1 c1d2 b3b2	1460	medium	crushing deflection middlegame short
le9BT	r3k2r/ppq1nppp/2n1pb2/8/6Q1/B1N3PP/P1PP1PB1/R3K2R w KQkq - 4 14	c3b5 c7e5 g4e2 e5a1	1460	medium	advantage fork middlegame short
4X2XQ	3R1bk1/q1B2p2/5Ppp/5b2/1pp5/5P2/1P5P/4Q1K1 w - - 1 37	e1f2 a7c7 d8f8 g8f8	1461	medium	advantage endgame hangingPiece master short
7D32W	8/1p4pk/p3Q1bp/2p5/8/2K4P/PPP1RP2/3q4 w - - 0 45	b2b3 d1d4	1462	medium	endgame mate mateIn1 oneMove
CATAO	2rq2k1/5p1p/4r3/3p1p2/3Q1B2/P1p4P/1b3PP1/3R1RK1 b - - 1 28	c8c4 d4c4 d5c4 d1d8	1462	medium	advantage discoveredAttack middlegame short
Gs16D	8/R7/4k1p1/1b5p/pB5P/P2r2P1/5PK1/8 w - - 7 40	g2f1 d3d7 f1e1 d7a7	1462	medium	crushing discoveredAttack discoveredCheck endgame short
fXJan	7k/pp2q2p/3b2p1/8/6N1/2Q4P/P5P1/7K b - - 15 36	h8g8 g4h6 g8f8 c3h8	1462	medium	endgame mate mateIn2 short
hVKkP	8/1p3p2/2p3k1/4P3/1P4KP/4R1P1/1P2Rr2/5r2 w - - 1 41	e5e6 f7f5 g4h3 f1h1	1462	medium	endgame mate mateIn2 rookEndgame short
nMYOm	5rk1/1R6/p4p1p/2p2Np1/6P1/2P4P/r4P2/6K1 b - - 4 33	f8f7 f5h6 g8g7 h6f7	1462	medium	crushing endgame fork short
2VTaP	r2q1rk1/pp3pp1/2p2n1p/n2pN2b/1Q1P4/P1P4P/2B2PP1/R1B2RK1 b - - 1 18	f6d7 e5d7 d8d7 b4a5	1463	medium	advantage master opening short
UfGEt	1rb4r/5R1k/3R3p/2n1p1pN/p1P5/P7/1PK2P1P/8 b - - 3 33	h7g8 f7g7 g8f8 d6d8	1463	medium	mate mateIn2 middlegame short
ZSi5i	r4rk1/2p1q1pn/p2p4/1p2p2b/4P3/5NRP/PPP2P1N/R2Q3K b - - 0 22	f8f4 d1d5 e7f7 d5a8	1463	medium	crushing fork middlegame short
6EN6z	8/p5bk/1p2R1p1/1PpPP2p/P1P2N2/3pr1P1/6KP/8 w - - 2 37	g2f2 d3d2 f2e3 d2d1q	1464	medium	advancedPawn advantage endgame promotion short
Qo9Cj	5r2/3R4/p3pk1R/3p4/1P1P1p2/1PK1nPr1/8/1B6 b - - 7 46	f6g5 h6g6 g5h5 d7h7	1464	medium	endgame master mate mateIn2 short
YVJfq	r1b2rk1/pp2ppbp/3p2p1/8/4P1n1/1BN4n/PP1BN1P1/RQ3RqK w - - 2 17	f1g1 h3f2	1464	medium	mate mateIn1 middlegame oneMove
s8o9W	5r1k/3r1nR1/p3pN1p/1p2Pq2/2p2B2/6Q1/5P1K/8 b - - 4 40	f7e5 g7g8 f8g8 g3g8	1464	medium	mate mateIn2 middlegame short
tQUF4	6k1/1pp3p1/3b3p/p2PrRn1/2P3Pq/P2Qp2P/1P2N1K1/7R w - - 1 30	f5e5 h4f2	1464	medium	master mate mateIn1 middlegame oneMove swallowstailMate
OFyQv	r5k1/1p5p/q3p3/7Q/6P1/1PP5/1K3PP1/2R5 w - - 7 39	b2c2 a6e2 c2b1 e2a2	1465	medium	endgame mate mateIn2 short
xtxPH	8/kpQ5/p2p4/7p/PK1N4/2P5/1q1nN2P/8 w - - 0 44	b4a5 d2c4 c7c4 b2b6	1465	medium	endgame mate mateIn2 sacrifice short
yDsXu	6k1/1bq2pp1/1p2p2p/p7/6Q1/2P4P/PP3PP1/1B4K1 w - - 0 26	b1e4 f7f5 e4f5 e6f5	1465	medium	advantage endgame fork master short
4rctf	8/1Rr2k2/P5p1/r4p2/8/3B3P/2P4K/8 b - - 6 46	a5c5 a6a7 c7b7 a7a8q	1466	medium	advancedPawn advantage endgame promotion short
a44yO	3r1rk1/1p1N1pp1/3p4/1Qp5/2P3q1/P5P1/5RK1/4R3 b - - 4 33	d8d7 f2f4 g4f4 g3f4	1466	medium	advantage endgame short
18iKc	1r1r1k2/p1p2pR1/3np2P/7q/1B1p4/1P1Q4/P1P2P2/1K1R4 w - - 2 26	d3d4 b8b4 d4b4 h5d1	1467	medium	advantage deflection middlegame queensideAttack short
FOcJf	r4r1k/6p1/p1pQ3p/4B2P/3Pb2q/2P2R2/PP6/R5K1 b - - 2 22	e4f3 d6h6 h8g8 h6g7	1467	medium	mate mateIn2 middlegame pin short
RucV9	6k1/pp3pp1/7p/3r3q/8/2P1P3/PP3PP1/RQ3K2 w - - 3 27	b1e4 d5d1 a1d1 h5d1	1467	medium	endgame mate mateIn2 short
i6AxA	r1b1k2r/ppp2pp1/3p1q1p/2b5/2B1P3/2N2P2/PP3P1P/R2QK2R b KQkq - 0 11	c5b4 d1a4 c7c6 a4b4	1467	medium	advantage fork middlegame short
QwsCA	8/8/6p1/2p3Pp/p3KP1k/P7/1P6/8 w - - 0 41	f4f5 h4g5 f5f6 g5f6	1468	medium	crushing endgame pawnEndgame short
aZ6Vv	6rk/3q1p1p/p2BpPpQ/1p1b4/1P3P2/6R1/1Pr4P/R3K3 b Q - 3 26	d7d6 h6h7 h8h7 g3h3	1468	medium	attraction kingsideAttack mate mateIn2 middlegame sacrifice short
xHD5W	4r1k1/1q3p2/4pQp1/p1p1P2p/P2n1R1P/4R1P1/5P2/5rK1 w - - 0 33	g1f1 b7h1	1468	medium	endgame master mate mateIn1 oneMove
EPG69	r1bqk3/pp1p1p2/3Q3r/6np/4P1nB/P1NB4/1PP2PPP/R4RK1 w q - 4 18	d6d5 g5f3 g1h1 d8h4	1469	medium	crushing discoveredAttack kingsideAttack middlegame short
WDiG4	6k1/5r2/p5q1/7p/P2Q4/2B4P/3P2P1/6K1 b - - 2 39	g8f8 d4d8	1469	medium	endgame mate mateIn1 oneMove
ekOV9	Q4bk1/1Np4p/3p4/3P4/2P2p2/4pP2/6q1/3QKRr1 w - - 0 32	d1e2 g1f1 e2f1 g2d2	1469	medium	mate mateIn2 middlegame short
8dQPm	6k1/5pp1/6p1/3Qp3/1P6/6KP/1R1R1PP1/r4q1r w - - 7 33	d5e5 a1a3 e5e3 a3e3	1470	medium	crushing endgame short
LQkZk	r3kb1r/1p3pp1/p2P3p/1bPQp1q1/1P6/P1P2P2/6PP/RN2K1NR w KQkq - 3 16	d5b7 g5e3 g1e2 e3e2	1470	medium	mate mateIn2 middlegame short
apB8B	r3r3/pp1b1pk1/2q1pp2/8/4pP1Q/4P2R/P1P3PP/3R2K1 b - - 9 24	g7f8 h4f6 e6e5 h3h8	1470	medium	mate mateIn2 middlegame short
mZsC5	2b2r1k/3q1p2/p2p2pP/4p1Qn/2P1P2N/Pr1B2R1/5P1K/6R1 b - - 3 29	h5g3 g5f6 h8h7 f6g7	1470	medium	kingsideAttack mate mateIn2 middlegame short
qvFS8	4r1k1/1npb1ppp/p7/1p6/1P4n1/5N1P/P1B2qP1/1RBQ3K b - - 0 22	g4e3 c1e3 e8e3 d1d7	1470	medium	advantage middlegame short
WpqtD	7k/7P/p7/3pbQ2/2p5/7P/P1B3PK/4q3 w - - 3 34	g2g3 e1g3 h2h1 g3h2	1471	medium	endgame mate mateIn2 short
gRBDH	4r3/pp4Rp/3p1R2/3P2Pk/3n2r1/3K1p2/PP3P2/8 b - - 6 34	d4e2 f6h6	1471	medium	endgame mate mateIn1 oneMove
r0im4	4r1k1/1pb2pp1/2p2n2/2Pp3p/R2P4/1P1N2P1/1P1NrP1P/3R1K2 w - - 0 23	d1e1 e2d2 e1e8 f6e8	1471	medium	advantage hangingPiece middlegame short
6pQ4i	rn2qb1r/3kp1p1/1Np1NnQp/pp1p4/5BPP/5P2/PPP5/2KR3R b - - 2 18	d7e6 h1e1	1472	medium	mate mateIn1 middlegame oneMove pillsburysMate
VdpDM	r3k3/pp3p2/2nbb3/2pNp1q1/4P3/2PP1P1r/PP5B/R2Q2RK b q - 4 22	g5h5 d5f6 e8e7 f6h5	1472	medium	advantage fork middlegame short
H8UX0	3r1r1k/p1q1b1pp/1p6/2pQnp2/8/2P1P2P/PP3PPB/R3R1K1 w - - 0 19	d5e5 e7d6 e5d6 d8d6	1473	medium	advantage master middlegame short
OkhCE	5r2/p2P4/5bp1/P1k4p/4K2P/8/5R2/8 b - - 0 42	c5d6 f2f6 d6d7 f6f8	1473	medium	crushing endgame master short
H7BfE	8/2p5/5R2/8/6PP/8/1krpK3/8 w - - 2 52	f6f1 c2c1 e2d2 c1f1	1474	medium	crushing endgame rookEndgame short
wBR1F	r4rk1/pp1qbppp/5n2/n1ppp3/4P1b1/1QPP1NP1/PP1N1PBP/R1B1R1K1 w - - 5 11	f3e5 a5b3 e5d7 b3a1	1474	medium	advantage middlegame short
Y535i	r1b1kb1r/p4ppp/1qp5/3p4/5P2/1BN4n/PPP3PP/R1BQ1RK1 w kq - 8 14	g1h1 b6g1 f1g1 h3f2	1475	medium	kingsideAttack mate mateIn2 opening sacrifice short smotheredMate
YQpIc	rnbq2k1/ppp4R/3b4/8/2BP2p1/4QrP1/PPP5/RNB1K3 b Q - 2 16	g8h7 e3h6	1475	medium	mate mateIn1 oneMove opening
3902z	5rk1/2R2pp1/3p3p/4p3/4P3/3pNB1P/2b2PP1/2n3K1 b - - 1 33	c1e2 f3e2 d3e2 e3c2	1476	medium	advantage endgame short
UQMpS	rn2kb1r/pbp2q1p/1p1p2p1/3P2B1/6Q1/3B4/PP3PPP/R3K1NR b KQkq - 0 12	b7d5 g4c8	1476	medium	mate mateIn1 oneMove opening
lFE4r	3r1rk1/pp3pbp/4b1p1/3p4/5B1Q/1B6/Pq4PP/3RR2K b - - 1 26	b2f6 f4g5 f6g5 h4g5	1476	medium	advantage master middlegame short
cjELu	4B1k1/5R2/4ppp1/5n2/4KP2/r6P/P5P1/8 w - - 3 44	f7f6 a3e3	1477	medium	endgame hookMate master masterVsMaster mate mateIn1 oneMove
TztYt	r1b1kb1r/pp3pp1/2q5/2PN4/6np/1Q6/PP1R2PP/2K2B1R b kq - 0 19	f8c5 f1b5 e8g8 b5c6	1478	medium	advantage middlegame pin short
dYF4K	1q3rk1/5pp1/4b2p/1pPpPp1Q/r2B1P2/P5R1/6PP/R5K1 b - - 0 24	a4d4 h5h6 b8e5 f4e5	1478	medium	crushing middlegame pin short
sP4tq	r1q2k1b/p1p1p3/1p1ppnQ1/6N1/3P4/2P1P1P1/PP3PP1/R3K3 b Q - 0 18	c8e8 g5e6	1478	medium	mate mateIn1 middlegame oneMove
Eh4HJ	r2q1rk1/pp3ppp/2nbp3/8/2BPb3/4BN1P/PP3PP1/R2QR1K1 w - - 2 15	e3g5 e4f3 g5d8 f3d1	1479	medium	advantage opening short
JBlY4	5K2/8/5P2/7R/6k1/8/5r1p/8 w - - 5 71	h5h6 f2f6 h6f6 h2h1q	1479	medium	advancedPawn crushing deflection endgame promotion rookEndgame short
lgvBD	r3k1nr/p4pb1/2p3p1/1p1p2Pp/Nq5P/1P2PQB1/P1P5/2KR2NR w kq - 0 18	g3e1 b4a3 c1b1 b5a4	1479	medium	advantage middlegame queensideAttack short
sgPV5	R4r2/Q1k1bp2/2p4p/1p2p1p1/1P2Pn2/2PqB2P/5PP1/6K1 b - - 3 30	c7d6 e3c5 d6e6 a7e7	1479	medium	mate mateIn2 middlegame short
Wn5jd	r1b4R/ppR5/4pkp1/5r2/2PP4/5p2/PP1K4/8 b - - 1 34	g6g5 h8h6	1480	medium	endgame mate mateIn1 oneMove
ZjFu9	6k1/6p1/2Q4p/P3p3/3P4/6qP/4rrP1/R5RK w - - 0 26	d4e5 g3h3 g2h3 f2h2	1480	medium	endgame mate mateIn2 sacrifice short
tzpjR	2r2rk1/6p1/p3b2p/np2qp2/2pBp3/P1P4P/1P3QP1/1B1R1RK1 b - - 1 27	e5c7 d4b6 c7e5 b6a5	1480	medium	advantage interference middlegame short
9fQIp	5k2/2q2p1Q/p3pbp1/1p4N1/5r2/5B2/PPP4P/5R1K w - - 2 32	g5e4 f4h4 h7h4 f6h4	1481	medium	crushing middlegame short trappedPiece
Dqb9u	r4bk1/pb3pp1/1p2pn1p/7q/3Q4/2N1PN2/PP3PPP/2R2RK1 w - - 6 25	d4h4 b7f3 h4h5 f3h5	1481	medium	advantage middlegame short
JCy3Q	4qrk1/6pp/2p2b2/1PPpp3/1N3p2/4PP1P/3Q1P2/1R4K1 w - - 0 25	b4c6 e8g6 g1h2 g6b1	1481	medium	crushing endgame fork master short
QAYy2	1R6/5Npk/8/4rp1P/1K1N4/8/5r2/8 b - - 0 49	e5e4 b8h8	1481	medium	endgame mate mateIn1 oneMove
Yn32C	rr4k1/4bppp/2q1p3/p3P3/3PN1P1/1P3Q1P/5P2/R3K2R b KQ - 2 21	b8b3 e4f6 g7f6 f3c6	1481	medium	crushing discoveredAttack middlegame short
gVg7g	B5k1/5ppp/1p2p3/2b1q3/6n1/1Q4P1/1PP2P1P/4BK2 w - - 3 24	b3a4 g4h2 f1g2 e5e1	1481	medium	advantage deflection endgame master short
VwS2O	r5k1/Q1p2p2/7p/2P1b3/4q1p1/4N1P1/5PP1/4R1K1 w - - 8 29	e3c2 e4e1 c2e1 a8a7	1482	medium	crushing endgame short
ZIoMT	r3k1r1/ppp4q/5p2/1Pp1p3/7p/1Q4P1/1PP2P2/2KR4 b q - 1 24	a8d8 b3e6 h7e7 e6g8	1482	medium	crushing deflection endgame short
zgmje	1k2r3/ppp3rp/1q3n2/1Q6/2B5/P3bP2/1P2K2P/2BR1R2 b - - 1 24	e3c1 b5e8 f6e8 d1d8	1482	medium	backRankMate mate mateIn2 middlegame sacrifice short
7nUyl	1r3b2/p7/2R4p/3np1p1/1P1k1pP1/P3pP1P/3p4/3R1KB1 b - - 1 34	d5c3 d1d2	1483	medium	endgame mate mateIn1 oneMove pin
CuEr9	2rqr1k1/4bpnp/p3p1pB/1p2P3/2p1P1N1/P6P/BPn2QP1/R4RK1 b - - 1 21	c2a1 f2f7 g8h8 f7g7	1483	medium	kingsideAttack mate mateIn2 middlegame short
eU4ep	8/p1r4k/1p1bPQp1/6p1/2P3K1/5P2/P7/8 w - - 2 44	g4g5 d6e7 f6e7 c7e7	1483	medium	advantage endgame pin short
nVDk4	8/5n2/3k3p/2NP1b2/p1BK4/5p2/1P5P/8 b - - 1 41	f7e5 c5b7 d6c7 d4e5	1483	medium	advantage deflection endgame master short
rg69g	r2qk1r1/2pbb3/p1p2n2/3p2Np/3P3P/2N1P3/PPQ2PP1/2R1K2R b Kq - 0 16	f6g4 c2h7 g8g5 h4g5	1484	medium	advantage middlegame short
35Dqh	3r1k2/p1RP1pbp/2p3p1/8/8/2n5/P2K1P1P/4R3 b - - 4 27	g7f6 c7c8 f8g7 c8d8	1485	medium	crushing endgame pin short
3jVvm	1kR5/np6/p4p2/P3pq2/1P1p1npr/3P4/2Q3BP/2R3K1 b - - 3 35	a7c8 c2c7 b8a7 c7b7	1485	medium	mate mateIn2 middlegame queensideAttack short
Awh2i	2k2b1r/ppp2ppp/2n1p1b1/5P2/2P3P1/3rB3/PP2K1BP/R5NR b - - 0 14	c6e5 f5g6 d3e3 e2e3	1485	medium	advantage middlegame short
Mm2qV	5r2/pp2qpk1/n3p3/Pb1pP1pQ/3P4/3N4/2r2PB1/R3K2R b KQ - 1 25	f8g8 h5h6	1485	medium	master mate mateIn1 middlegame oneMove
YH0ZQ	5rk1/p5pp/8/4Q3/1P1P2P1/5P2/2rq3P/4RR1K w - - 1 29	d4d5 d2g2	1485	medium	endgame mate mateIn1 oneMove
1wspt	1q3k2/3R1pp1/6b1/2pP2Qp/7P/p5P1/7K/8 b - - 2 41	a3a2 d7d8 b8d8 g5d8	1486	medium	endgame fork mate mateIn2 short
4Uvkp	r4rk1/4b1p1/1p1p3p/p1pPpqnQ/2P2p2/P2P3P/1P1B1PPN/R4RK1 w - - 2 21	h3h4 g5h3 g2h3 f5h5	1486	medium	crushing discoveredAttack middlegame short
PVaW9	r6r/1b1nqpQ1/p3N3/1p2Pp1k/3P4/N4R2/PP5P/6K1 b - - 5 28	b7f3 e6f4 h5h4 g7g3	1486	medium	mate mateIn2 middlegame short
Qo0CX	3r3r/1p2Bppp/7n/4b3/5k2/3B1q2/2P2P1P/2Q2RK1 b - - 5 25	f4g4 c1g5 g4h3 g5h4	1486	medium	fork mate mateIn2 middlegame short
UVqWa	8/5qk1/3Q2p1/p2P3p/P1p5/3n1NPP/3R2K1/2r5 w - - 1 41	f3e5 f7f1 g2h2 f1g1	1486	medium	endgame mate mateIn2 short
BC0Fn	r2q1rk1/p3bpp1/2p2n1p/3p4/3N2bB/3Q4/PPP2PPP/RN2R1K1 b - - 0 13	c6c5 d4c6 d8d6 c6e7	1487	medium	crushing opening short
SMT7V	rnb1kb1r/pp1ppp1p/6p1/2q5/2P1n3/2B2N2/PP2PPPP/RN1QKB1R w KQkq - 2 7	c3h8 c5f2	1487	medium	attackingF2F7 mate mateIn1 oneMove opening
vvG3t	4B3/8/1p6/2n2kpP/p7/P4K2/1P6/8 b - - 0 49	c5d3 e8g6 f5f6 g6d3	1487	medium	crushing endgame master short skewer
yQsSn	r4rk1/1pq1ppbp/p1bp2p1/3n4/2PQ4/1PN1P1P1/PB3P1P/2R2RK1 w - - 0 15	c3d5 g7d4 d5c7 d4b2	1487	medium	advantage middlegame short
WpUWM	8/r1nRr1k1/p1R1P1p1/5pPp/PP3P1P/4P3/7K/8 b - - 2 39	c7e6 d7a7 e7a7 c6e6	1489	medium	crushing endgame short
vWSUZ	r1r3k1/pp3ppp/3qp3/3p4/3Pn1b1/P3PN2/1P2BPPP/2RQ1RK1 w - - 8 18	f3e5 c8c1 d1c1 g4e2	1489	medium	advantage middlegame short
CyAfl	r1bqk2r/ppp2pp1/2n4p/3np3/2B2P2/2bP1N2/PPPB2PP/R2QK2R w KQkq - 0 9	c4d5 c3d2 d1d2 d8d5	1490	medium	crushing intermezzo opening short
q7v82	5rk1/Qp4p1/4p2p/3pr3/1P3P2/P1Pq1KP1/5P2/4RR2 w - - 2 32	e1e3 e5e3 a7e3 d3f1	1490	medium	crushing endgame short
3jnGw	4rrk1/p1p3pp/3q2n1/1p1P1NR1/2P2p2/1P4P1/P4PBP/Q5K1 b - - 1 21	d6e5 f5h6 g7h6 g5e5	1492	medium	advantage discoveredAttack kingsideAttack middlegame short
LKMQ9	4r3/2R4R/p5p1/3k4/8/3K2P1/r3B3/8 b - - 1 37	a2e2 h7d7 d5e6 d3e2	1492	medium	advantage endgame interference master rookEndgame short
X7caY	7k/b4r2/6p1/3RP2p/P1Q2p1q/2p2B1P/5PP1/6K1 w - - 1 33	c4c3 h4f2 g1h2 f2g1	1492	medium	endgame master mate mateIn2 short
N7qRH	rn3rk1/2q2pbp/4p1p1/4N3/PppP1N2/4P3/2Q2PPP/R4RK1 w - - 0 19	c2c4 g7e5 c4c7 e5c7	1493	medium	advantage middlegame short
cCg0v	2kr2nr/B2bppbp/pp1p2p1/q2N4/4P3/5P2/PPPQ2PP/1K1R1B1R b - - 1 14	a5d2 f1a6	1493	medium	mate mateIn1 oneMove opening queensideAttack
nhhF8	5rk1/p5pp/8/1p1PP3/1q6/3bP3/1PrNKPPP/2BQ3R w - - 0 23	e2d3 c2d2 d1d2 b4c4	1493	medium	dovetailMate mate mateIn2 middlegame sacrifice short
zS1Cx	6r1/1p1kn1pR/2p5/p3nP2/P3N3/1P6/1P2B3/2K5 b - - 0 31	e7f5 e4f6 d7d6 f6g8	1494	medium	advantage endgame master pin short
otB3w	r7/ppp1Q3/5nkp/5Rp1/6P1/2P5/Pq4K1/R7 w - - 0 33	g2g3 b2c3 f5f3 c3a1	1495	medium	crushing endgame fork short
ruo1A	6rk/1p1r1ppp/p1b1p3/1qR4Q/6R1/1B2P3/PP3PPP/6K1 b - - 8 24	b5b3 h5h7 h8h7 c5h5	1495	medium	attraction kingsideAttack mate mateIn2 middlegame sacrifice short
Zjhg9	5r2/pp2r1p1/4k2p/2p1P3/2PpR3/3P2P1/PP4P1/3B2K1 b - - 2 29	e6f5 e4f4 f5e5 f4f8	1496	medium	advantage endgame master short skewer
h4ysw	2R5/1p3p1k/3qNQp1/7p/1P3K1P/4P1P1/5P2/6r1 w - - 5 38	f4g5 g1g3 f2g3 d6g3	1496	medium	endgame mate mateIn2 sacrifice short
nUOTF	r2q2k1/1bp2N1p/p2b2pB/3p4/3P2Q1/8/PPP3PP/4R1K1 b - - 0 18	g8f7 g4e6	1496	medium	mate mateIn1 middlegame oneMove
oO1ph	4rr2/pp5k/6p1/4ppRp/3n3Q/3B3R/P4PKP/2q5 b - - 1 29	e5e4 h4h5 g6h5 h3h5	1496	medium	mate mateIn2 middlegame sacrifice short
uXDON	8/6p1/5p1k/1p2p1pP/p1q5/5PK1/8/1Q6 b - - 9 48	h6h5 b1h7	1496	medium	endgame mate mateIn1 oneMove queenEndgame
wmA4R	r1bk1r2/ppp3Qp/2n5/2b1PpNB/3q4/2pP4/P1P3PP/R1B1K2R w KQ - 5 14	h1f1 d4h4 g2g3 h4h5	1496	medium	crushing fork master middlegame short
GQpPT	4k3/6K1/8/2RB2P1/1p1r1r2/5P2/8/8 b - - 1 57	f4f5 d5c6 e8e7 c5f5	1497	medium	crushing discoveredAttack endgame short
Kc6cv	r2r2k1/1p3p1p/2pnq1p1/p7/3BPQ2/7P/P1P2PP1/R4RK1 b - - 2 24	e6e4 f4f6 e4d4 f6d4	1497	medium	advantage middlegame short
cpyk6	r1b1k2r/1pppbppp/p4n2/4p3/P3P3/1QPqBN2/1P1N1PPP/R3K2R b KQkq - 1 12	f6e4 f3e5 d3d2 e3d2	1497	medium	advantage middlegame short
srtTM	3r1k2/r4p2/p2p1q2/2p1P2Q/1pPb1P2/1P3R2/P5PP/5R1K b - - 0 39	f6g7 f3g3 g7g3 h2g3	1497	medium	advantage master middlegame short trappedPiece
hKgkI	8/p5pk/7p/5R2/8/2P2K1P/2Q3P1/2r1q3 w - - 7 42	c2d3 c1c3 d3c3 e1c3	1498	medium	crushing endgame pin short
BC2vF	5rk1/2Q4R/p2p2p1/1p2p3/4P3/2P5/1q1K4/6R1 w - - 1 33	d2e3 b2f2 e3d3 f8f3	1499	medium	endgame fork mate mateIn2 short
LhDT6	r4r2/p5pp/2k5/2b2q2/1pQ5/4PN2/PP4PP/3RR1K1 w - - 0 24	d1d5 f5d5 f3d4 c6d6	1499	medium	crushing defensiveMove middlegame short
PK6sw	4r1k1/5pp1/1p6/pP1pb2q/P7/2P1Q1Pp/1B3P1P/4R1K1 w - - 2 29	f2f4 e5d4 c3d4 e8e3	1499	medium	crushing discoveredAttack endgame pin short
58Xdo	r2q1N2/ppp1nQpk/3pb2p/8/4P3/8/PP1NB3/n2K3R b - - 2 21	d8f8 h1h6 h7h6 f7h5	1500	medium	attraction mate mateIn2 middlegame pin sacrifice short
g0jCH	rnb2b1r/ppp1k1pp/8/4N2B/3P4/4q3/PPP3pP/RN1Q1K1R w - - 0 13	f1g2 c8h3	1500	medium	mate mateIn1 oneMove opening
LRs27	6k1/6p1/3r3p/1p6/2bQ4/2P1K1P1/7P/8 w - - 10 56	d4e4 d6e6 e4e6 c4e6	1501	medium	crushing endgame master pin short
QdjIx	2br4/2p1Rpk1/1p4pp/p7/3n4/P2B2RP/2P2PP1/6K1 w - - 4 31	g3g6 g7f8 e7c7 f7g6	1501	medium	advantage defensiveMove endgame short
Wmzv3	r4rk1/pp3p2/2nq1nbp/3p2p1/3P2P1/1Q1B1N1P/PP1N2P1/R4RK1 w - - 1 17	b3c2 c6b4 d3g6 b4c2	1501	medium	crushing master masterVsMaster middlegame short
mFjKj	r2q1r1k/p1pnN1b1/1p1pQ2p/8/1PP2p1p/P2P2P1/1B3PKP/R4R2 b - - 0 18	g7b2 e6h6	1501	medium	kingsideAttack mate mateIn1 middlegame oneMove
zhRWc	4r2k/p1p2p1p/5P2/5Q2/8/P4R2/6PP/3q1K2 w - - 3 35	f1f2 d1e1	1501	medium	endgame mate mateIn1 oneMove
9k9D4	2kr3r/QRp2ppp/5q2/5b2/3n4/2b1P3/P2NBPPP/2B1K2R b K - 0 16	d4e2 b7c7	1502	medium	mate mateIn1 middlegame oneMove queensideAttack
cLAcU	6k1/p4p2/1p2p1pp/5n2/5P2/P1P4P/3qbRP1/2BQ2K1 w - - 1 29	f2f1 d2d1 f1d1 e2d1	1502	medium	crushing endgame short
cxx1G	r6k/4p2P/2p2q1B/3p3K/1p4Q1/1B4P1/1PP5/5b2 b - - 8 36	d5d4 g4g8 a8g8 h7g8q	1502	medium	advancedPawn endgame mate mateIn2 promotion short
iLKHS	r7/4N2Q/pq1pr1p1/4p1k1/1P2Pp1P/5K2/P5P1/3R4 b - - 0 37	g5f6 e7d5	1502	medium	endgame mate mateIn1 oneMove
tHfVA	rnb2q1r/ppp1k3/3ppbQ1/6B1/3P4/2NB4/PPP3PP/R5K1 b - - 4 13	h8g8 g5f6 f8f6 g6g8	1502	medium	crushing middlegame short
AjtM3	3r2k1/p2rqppp/8/4p3/P2p4/1PPR1QP1/5PKP/3R4 w - - 0 28	c3d4 e5e4 f3e3 e4d3	1503	medium	advantage endgame fork short
XdpyI	r6k/2p1q1p1/p2p2Qp/1pPP4/1P2Pp2/PB3P1b/1B5P/7K b - - 1 26	a8g8 g6h6	1503	medium	endgame kingsideAttack mate mateIn1 oneMove pin
ymqiN	r5k1/4p1bp/2p1b3/p5Q1/2nP4/q1NKBN2/P4PP1/1R6 w - - 4 24	b1b3 c4b2 d3c2 e6b3	1503	medium	advantage discoveredAttack master middlegame short
CbjoY	r4nrk/1p3R1p/p1pp1Pp1/8/5R2/1P6/P1B3PP/7K b - - 0 29	f8e6 f7h7 h8h7 f4h4	1504	medium	attraction endgame mate mateIn2 sacrifice short
e4S28	8/p6p/1p6/3p2p1/1P3kPQ/2P4P/P3r3/6BK w - - 0 39	g1h2 e2h2 h1h2 g5h4	1504	medium	crushing endgame short
ioRQP	1k6/1p6/p7/4p1qp/5n1N/2P1Q2P/PP3Pr1/R6K w - - 8 33	h4f3 g2h2 f3h2 g5g2	1504	medium	clearance endgame mate mateIn2 sacrifice short
r9WY8	1r1q1rk1/p2bp1b1/1p1n2pp/3P1p2/3P4/Q1N2B2/PP1N1PPP/3RR1K1 w - - 2 20	a3a7 b8a8 a7a8 d8a8	1504	medium	advantage master middlegame short trappedPiece
voMLj	r1b1k1nr/pp3ppp/8/q3p3/1bPn4/2N1B3/PP2NPPP/R2QKB1R w KQkq - 5 10	g2g3 d4f3	1504	medium	mate mateIn1 oneMove opening
O5i6Q	2k4r/ppp2ppp/2nbp3/5q1b/2P5/3P1N1P/PP1N1P2/R1BQR1K1 w - - 0 14	d2e4 h5f3 d1f3 f5f3	1505	medium	crushing middlegame short
MLbhW	r1b2k1r/pp2Qp2/q1n2Ppp/8/8/1PP3B1/P5PP/3R1R1K b - - 2 27	f8g8 e7e8 g8h7 e8f7	1506	medium	deflection epauletteMate kingsideAttack mate mateIn2 middlegame short
UsUu6	r4rk1/p4pnp/1p4p1/2p5/P1b1N1Pq/2P1BP2/2Q3KP/3R3R b - - 2 21	f7f5 e3g5 f5e4 g5h4	1506	medium	advantage middlegame short trappedPiece
lhpMu	2r3k1/5p1p/P4np1/3p4/1q1N4/4PQPP/1r3P2/R4BK1 b - - 0 29	b2b1 a1b1 b4b1 f3f6	1506	medium	crushing master middlegame short
EqxE0	r1bq2n1/p1ppk1Q1/1p5r/n7/3PP3/8/PPP3PP/RN2K2R b KQ - 1 13	e7d6 g7e5 d6c6 e5d5	1507	medium	mate mateIn2 middlegame short
ZTP72	6r1/1Q3p1k/5pb1/p1p1p2p/2P1N2P/3P1PP1/2q1P3/3RK3 b - - 1 33	g6e4 b7f7 g8g7 f7h5	1507	medium	crushing endgame short
ZbnYW	1r4k1/2r1ppb1/3p1np1/p2P4/Pp1B1PP1/8/1PP4R/1K3B1R b - - 0 22	f6g4 h2h8 g7h8 h1h8	1507	medium	kingsideAttack mate mateIn2 middlegame operaMate sacrifice short
ry6K7	rnb2r1k/pp4bp/5pQ1/q7/2Bp4/2N1P3/PP3PP1/R3K1NR b KQ - 0 13	c8f5 h1h7	1507	medium	kingsideAttack mate mateIn1 oneMove opening pillsburysMate
yVW4a	5rk1/5p2/R5p1/1p5p/4P2P/PBr2P2/2P1nP2/2K3R1 w - - 2 27	c1b2 c3b3 c2b3 e2g1	1507	medium	advantage endgame short
3Pmw0	2r2rk1/1p2qppp/4pn2/p2p4/1b1P4/1PNBP3/PQ3PPP/2R2RK1 w - - 2 19	c3e2 b4a3 b2b1 a3c1	1508	medium	advantage middlegame short skewer
7q7ui	r4rk1/pbp2pp1/1p2pq1p/6P1/1bPP3P/1P3N2/P1Q2PB1/R4RK1 b - - 0 16	h6g5 f3g5 g7g6 g2b7	1508	medium	crushing discoveredAttack master middlegame short
LX6TZ	5r1k/3p1p1p/5p2/3BpQ2/p3P3/1p4P1/q1P2PP1/1K5R w - - 4 35	b1c1 a2c2	1508	medium	endgame mate mateIn1 oneMove queensideAttack
X5EBy	8/8/8/4kp2/4n1p1/4P1P1/2B1K3/8 w - - 1 53	c2e4 e5e4 e2f2 e4d3	1508	medium	crushing endgame short zugzwang
Mvjb5	8/6p1/4p2p/2pk4/4nP2/2P1K1P1/PP5P/8 b - - 6 30	g7g5 c3c4 d5c4 e3e4	1509	medium	crushing deflection endgame knightEndgame short
QJqDZ	8/6pp/3n1p2/2kP1PP1/1b2P3/1ppB1KB1/1r5P/2R5 b - - 0 43	c3c2 g3f2	1509	medium	endgame master mate mateIn1 oneMove
Rbqll	r7/1pp1qB1k/pn1b1n1p/4N3/P2P2b1/2N1Q3/1P3PPP/R5K1 w - - 1 21	e5g4 f6g4 e3e7 d6e7	1509	medium	advantage master middlegame short
X5tcU	1r2k2r/pbpn1p2/1pBq1n2/3N2B1/1b1P4/4P3/PP3PPP/R2Q1RK1 w k - 1 15	d5b4 d6h2	1509	medium	kingsideAttack mate mateIn1 middlegame oneMove
ddHep	3r4/6r1/1p2q1pk/p1p2pRp/5P1P/P3p1Q1/1P3P1K/6R1 b - - 1 36	e3e2 g5h5 g6h5 g3g7	1509	medium	discoveredAttack endgame master mate mateIn2 short
sVibE	6k1/3b1pp1/1p1r1p1p/p1p4P/PbP1P1P1/1K2BP2/4B3/6R1 b - - 1 30	b4d2 g1d1 d2e3 d1d6	1509	medium	advantage endgame short
qrm3I	1k1r3r/5pp1/4p3/1B1p4/3P2p1/1Q2qPnP/PP4P1/R1R3K1 w - - 5 25	g1h2 h8h3 g2h3 e3f2	1510	medium	mate mateIn2 middlegame sacrifice short
351q7	r4rk1/2Q3p1/4p1p1/1p2qp2/p6R/1B3P2/PP4P1/1K5R b - - 1 29	e5c7 b3e6 c7f7 h4h8	1511	medium	endgame mate mateIn2 pin short
FLJQB	r2qkr2/pp1nb1pp/1npNB1b1/8/2P5/3P1Q2/PP1B1PPP/R3R1K1 b q - 4 17	e7d6 e6f7	1511	medium	discoveredCheck doubleCheck epauletteMate mate mateIn1 middlegame oneMove
MkmYH	r3kb1r/4nppp/pqp1p3/4Nb2/P7/5Q2/1PPP1PPP/RNB1K2R w KQkq - 2 10	d2d3 b6a5 b1c3 a5e5	1511	medium	crushing fork opening short
OwMBD	rnbq1b1r/pp2kBpp/3p1n2/4N1B1/4P3/2N5/Pp3PPP/R2QK2R b KQ - 4 9	b2a1q c3d5	1511	medium	mate mateIn1 middlegame oneMove pin
Gj372	5q2/pp1kb1Qp/2pp2p1/5bB1/3N4/8/PPP2PPP/6K1 w - - 3 23	d4f5 f8g7 f5g7 e7g5	1512	medium	advantage endgame master short
Sk9tP	r4kr1/b1p1qp2/3p3p/1B2N3/P2PPn2/B1P3K1/3NbP2/R3QR2 w - - 3 23	g3f4 e7g5	1512	medium	master mate mateIn1 middlegame oneMove
vPWlj	3r2kr/p5pp/Q1b1p1q1/2b5/8/1BN2P2/PP2n1PP/R1B2RK1 w - - 1 19	g1h1 e2g3 h2g3 g6h5	1512	medium	kingsideAttack master mate mateIn2 middlegame sacrifice short
iuhok	2r2rk1/5ppp/3Np3/p2p1b2/8/P7/2PQ1P2/qBKR2R1 w - - 3 24	d2d4 c8c2	1513	medium	epauletteMate mate mateIn1 middlegame oneMove operaMate pin queensideAttack
XsGuq	3r4/p2n3p/1p2kbp1/2pR4/2P2p2/5P1P/PP3P2/4R1K1 b - - 2 31	d7e5 e1e5 f6e5 d5d8	1514	medium	advantage deflection endgame master short
ZNFTR	2k4r/pp4p1/2q5/2p1pPb1/3p2P1/PP1P4/2PNQP2/1R4K1 w - - 0 30	e2e4 g5d2 e4c6 b7c6	1514	medium	advantage endgame hangingPiece master short
loyuX	r1bqk2r/pp2np1p/2n3p1/2p5/3pN3/3P1N2/PbPBBPPP/R2Q1RK1 b kq - 1 11	b2a1 e4f6 e8f8 d2h6	1514	medium	mate mateIn2 middlegame short
yOUzk	r7/ppn5/3p1Qpk/1PpPp1Rp/2P1P2P/P3q1P1/7K/8 b - - 1 29	e3e4 g5h5 h6h5 f6g5	1514	medium	attraction endgame mate mateIn2 pin sacrifice short
9D4vn	4r2k/p1Q3pp/5p2/4n3/5q2/1PN5/P1P3PP/2KR4 w - - 1 27	c1b2 e5d3 d1d3 f4c7	1515	medium	crushing discoveredAttack endgame short
Dxu7t	r3r1k1/ppp2ppp/1b1p4/3NP3/1P5q/1B5b/PB4P1/R2Q1R1K w - - 0 18	f1f4 h3g4	1515	medium	discoveredAttack discoveredCheck mate mateIn1 middlegame oneMove
qdxQ1	2k5/ppqn1pp1/2p1pnp1/1P6/3P4/P1N1BB1r/2PQ1P1b/R4R1K w - - 0 20	f3g2 h2g1 g2h3 c7h2	1515	medium	clearance discoveredAttack discoveredCheck kingsideAttack mate mateIn2 middlegame sacrifice short
Ztx2e	3Q4/1p5p/6pk/8/p5n1/2Q3r1/PP2K1q1/3R4 w - - 4 42	e2e1 g2f2	1516	medium	endgame mate mateIn1 oneMove
v1zwI	6k1/pp3p1p/2qp2p1/8/8/2NQ3P/PPB3PK/4r3 b - - 1 31	e1e8 c2a4 c6c5 a4e8	1516	medium	advantage endgame short skewer
78zPa	8/pp3Rbk/3p2Q1/3P4/3qP3/1r6/2r5/6RK b - - 0 35	h7g8 f7g7 d4g7 g6g7	1517	medium	mate mateIn2 middlegame short
cV3v7	5rk1/1p4qp/2p5/2Qb1n1B/1P3p1P/8/5RPN/6K1 w - - 5 36	f2f4 g7g2	1517	medium	master mate mateIn1 middlegame oneMove
snWWZ	r1bqkbr1/1p3p2/p2p4/3QP3/2P3pp/1P2P3/PB2B1PP/R4R1K b q - 0 18	d6e5 d5f7	1517	medium	attackingF2F7 mate mateIn1 middlegame oneMove
VE9yc	r5k1/3r1pp1/p2q1b1p/3p1P1P/6P1/1PN5/1PPQ4/2KR3R w - - 0 23	c3d5 f6g5 c1b1 g5d2	1518	medium	crushing master middlegame pin short
vcPFJ	6k1/p4Qb1/2p3p1/3pq1B1/4r3/2P4P/P5P1/5R1K b - - 0 30	g8h7 g5f6 e5f6 f1f6	1518	medium	crushing endgame pin short
xtwBG	r2q1k1r/pp2bPpp/2p1Q1b1/8/8/B1PP4/P5PP/4RR1K b - - 4 22	e7a3 e6e8 d8e8 f7e8q	1518	medium	advancedPawn discoveredCheck doubleCheck mate mateIn2 middlegame promotion short
3QLeY	r1bq1r1k/ppppn1bp/2n3P1/8/2B1Pp2/2N1Q3/PPPB1PP1/2KR2NR b - - 0 11	f4e3 h1h7	1519	medium	kingsideAttack mate mateIn1 oneMove opening
46XN3	8/pp2k1p1/1q1rprP1/2p5/1PP4p/P2PQB2/6PP/4R2K b - - 0 34	c5b4 c4c5 b6d8 c5d6	1519	medium	crushing endgame fork short
VLkQ6	2B3k1/1bq2p2/p5pB/1p1p2Qp/2p2R2/P6P/1P4PK/5r2 b - - 0 34	b7c8 g5f6 c7f4 h6f4	1519	medium	advantage endgame short
ildle	2r3k1/2q4p/1n3pp1/pP2p3/3p4/N1R5/2Q2PPP/2R3K1 b - - 0 30	c7c3 c2a2 g8g7 c1c3	1519	medium	advantage discoveredAttack endgame short
mIQ7k	8/8/8/5p2/3Qb3/1pr5/2k1K3/8 b - - 5 76	b3b2 d4d1	1519	medium	endgame mate mateIn1 oneMove
DCAGC	rn1q1rk1/4nppp/p3p3/3P4/b7/B1P2N2/4QPPP/R2R2K1 w - - 0 16	a3e7 a4d1 a1d1 d8e7	1520	medium	advantage intermezzo master middlegame short
G36NW	2kr3r/ppp2pp1/2p1bn2/q6p/4PP2/2NP3P/PPPQB1P1/1K1R3R w - - 1 15	f4f5 f6e4 d2e1 e4c3	1520	medium	advantage middlegame queensideAttack short
c8ebE	R1b3k1/1pq1r1p1/2p4p/4pp2/1P1P4/2PB4/4QPPP/6K1 b - - 1 23	e5d4 a8c8 c7c8 e2e7	1520	medium	crushing deflection endgame short
d5aCa	3k4/6R1/3KP2p/1r3P1P/p3B3/P7/4r3/8 b - - 1 54	e2e4 g7g8	1520	medium	endgame mate mateIn1 oneMove rookEndgame
y6dfC	8/kpp5/8/p7/P1Q2P1p/1P4rP/5qPK/6R1 w - - 9 37	c4c7 g3h3 h2h3 f2g3	1520	medium	attraction endgame mate mateIn2 pin sacrifice short
IbmBw	r1bqk2r/ppp2pp1/3p1n1p/4p3/1bP1PP2/2NP1B2/PP1B2PP/R2QK2R b KQkq - 0 9	e5f4 d1a4 f6d7 a4b4	1521	medium	advantage fork opening short
KhghN	8/6p1/2P2pk1/2Q4p/1P6/6PK/8/3q4 w - - 10 59	c6c7 d1h1	1521	medium	endgame mate mateIn1 oneMove queenEndgame
o6Vjh	7k/6pp/b1N5/8/5b2/P1P4P/1PR3P1/4r1K1 w - - 0 36	g1f2 e1f1	1521	medium	endgame mate mateIn1 oneMove operaMate pillsburysMate
zCQJm	4R3/1p1r2bk/1n2N2p/3p1qp1/5p2/1B2P2P/P5P1/2R3K1 b - - 0 35	f4f3 b3c2 f5c2 c1c2	1521	medium	advantage middlegame pin short
4IFzt	1r4k1/1pp2pp1/p4q1p/2P1p3/1PPnR3/3P2P1/1Q3P1P/3R3K w - - 5 30	b4b5 f6f3 h1g1 f3d1	1522	medium	crushing endgame fork short
L9qcD	r1b2rk1/ppp1qNpp/2np4/8/2B1PPn1/1QP5/PP3bPP/RNB2K1R w - - 3 12	f7d6 g8h8 d6f7 f8f7	1522	medium	advantage defensiveMove middlegame short
PSGfr	r2qkb1r/1Q3ppp/p1P1Pn2/8/2P5/4BP2/PPb2KPP/nN3BNR b kq - 0 13	a8c8 e6f7	1522	medium	advancedPawn attackingF2F7 mate mateIn1 oneMove opening
u9kgE	r1b3kq/ppp2r1n/1b1p2Q1/4p2N/4P3/3P1N1P/PPP2PP1/R4RK1 b - - 0 16	f7g7 g6e8 h7f8 h5f6	1522	medium	kingsideAttack mate mateIn2 middlegame short
FvcEx	r2q1rk1/pbp1bppp/1p1p1n2/3N4/3QPB2/3B4/PPP2PPP/R4RK1 w - - 2 11	f4g5 f6d5 g5e7 d5e7	1523	medium	advantage middlegame short
HqOGM	r3r1k1/pp3p1p/2p5/3q2pR/1P1Pn3/4RNP1/P1Q2PP1/4K3 b - - 1 21	e4f6 h5g5 d5g5 f3g5	1523	medium	crushing fork middlegame short
VJPI0	8/5p2/4pkp1/2Np3p/3P1Pn1/2P1P1P1/r1K1R1P1/8 w - - 11 37	c2d3 g4f2 e2f2 a2f2	1524	medium	crushing endgame master short xRayAttack
n3nnY	r2q1rk1/5pp1/p1n2b1p/1p1p4/5B2/P4N2/1P2RPPP/2RQ2K1 b - - 1 19	c6a5 f4c7 d8d7 c7a5	1524	medium	advantage interference middlegame short
x3GTQ	7k/1b4p1/p2P3p/1p3Q2/8/5P1P/q5PK/8 b - - 0 36	b7c6 f5c8 a2g8 c8c6	1524	medium	crushing endgame fork short
j44mW	1nkr3r/pbp1qp1n/1p5p/3pPBp1/3P4/2Q2P2/PP1N1BPP/2R1K2R b K - 4 17	d8d7 c3c7	1525	medium	mate mateIn1 middlegame oneMove pin queensideAttack
BMCuA	8/5rpk/7p/1p2Rr2/2pPqn2/2P3B1/1P4PP/4R1K1 w - - 0 34	e1e4 f4e2 e4e2 f5f1	1526	medium	clearance endgame mate mateIn2 sacrifice short
idICu	r1bqk2r/ppp1nppp/3p4/3N4/3Qn2P/5N2/PPP2PP1/R3KB1R b KQkq - 0 9	e4c5 d4g7 e7d5 g7h8	1526	medium	advantage opening short
uKWSp	2k2r2/ppp3p1/7p/3nN3/3Pq3/4P3/PP1R1PPP/R1B3K1 w - - 5 21	d2e2 d5f4 e3f4 e4e2	1526	medium	crushing master middlegame short
w6ba8	2br2k1/1p2Q1pp/q4n2/3p4/3P4/8/5PPP/2R1R1K1 b - - 1 27	a6d6 e7d6 d8d6 c1c8	1526	medium	advantage master middlegame short
H5aX8	6r1/3p4/3k3R/p1pP1p1K/PpB5/1P1P4/8/4n3 b - - 1 41	d6c7 d5d6 c7c6 c4g8	1527	medium	crushing discoveredAttack endgame short
HhbZq	r3r1k1/6bb/1pn1p3/3p2NN/2p2B1P/2P5/PP4P1/K2R3R w - - 0 28	h5g7 a8a2 a1a2 e8a8	1527	medium	attraction mate mateIn2 middlegame pillsburysMate sacrifice short
sTEDR	5r1k/p5p1/7p/6q1/1Pn1Q3/P4B1P/5PK1/3R4 w - - 4 42	g2f1 c4d2 d1d2 g5d2	1527	medium	crushing endgame fork master short
xPaBg	r1b1k2r/ppp2ppp/5n2/4p3/1bPq4/2N1B3/PPQ1BPPP/R3K2R b KQkq - 5 10	d4e4 c2a4 c8d7 a4b4	1527	medium	advantage fork master middlegame short
zs7px	r6r/Qpkb4/2p2p1p/3p2p1/1q6/P7/1PP2PPP/2KR1B1R w - - 1 23	a7a8 b4f4 c1b1 h8a8	1527	medium	crushing intermezzo middlegame short
HzaRc	2r3r1/1p1bk1q1/p3pR2/2bRQ1p1/8/2P1P1B1/PP3PP1/2K5 b - - 0 27	g7f6 d5d7 e7d7 e5f6	1528	medium	advantage deflection middlegame short
c0Nug	8/5Qpk/3pR2p/2p3r1/5P2/5qPK/7P/8 w - - 1 45	e6d6 g5h5 f7h5 f3h5	1528	medium	crushing endgame short
LpVGt	2q3k1/1p4pp/p2b3r/3p4/3Bnp2/1Q2P1PP/PP3PBK/5R2 w - - 0 23	g2e4 c8h3 h2g1 h3h2	1529	medium	fork mate mateIn2 middlegame short
lczh3	6k1/p4p2/1p1Q4/2p3p1/P1B2n2/2P2PB1/1Pq2KP1/8 w - - 1 38	f2e3 f4g2	1529	medium	endgame master mate mateIn1 oneMove
tLUG5	1rk5/p3pn1p/1p4p1/2p1P3/5BP1/7P/PPP1K3/7R b - - 2 26	c8d7 e5e6 d7e6 f4b8	1529	medium	crushing discoveredAttack endgame master short
pFKfx	4r3/pp2Pkpp/6r1/2p2p2/2B4n/2P1QP1P/2NR1K2/1q6 b - - 0 34	f7f6 d2d6	1530	medium	master mate mateIn1 middlegame oneMove
xJjcY	r7/1bkr2p1/pb5p/4R3/1p3QPP/5P2/PPP5/2K5 b - - 3 28	a8d8 e5c5	1530	medium	doubleCheck endgame epauletteMate master mate mateIn1 oneMove
li6FN	8/3kpp2/1b4p1/P2n3p/8/P5P1/5PKP/2R5 b - - 0 31	b6a5 c1c5 d5e3 f2e3	1531	medium	advantage endgame fork short
sMUoV	r3kb1r/ppp1pppp/2n5/1B1q4/6b1/2P2N2/P1PPQPPP/R1B1K2R w KQkq - 3 8	e2e5 g4f3 e5d5 f3d5	1531	medium	crushing opening short
y6xI3	6rk/pR4pp/8/4p3/4P1Q1/5P1P/r3q1P1/5RK1 w - - 0 25	f1c1 e2e3 g1h2 e3c1	1531	medium	crushing endgame fork short
NRfRw	6rk/1p3pqp/2pb4/p4Q2/P7/4PN2/3R1PrP/5R1K w - - 2 31	d2d6 g2h2 f3h2 g7g2	1532	medium	clearance mate mateIn2 middlegame sacrifice short
nPwRH	3qk2r/rp3ppp/p1pp4/P6n/2B1Pn2/2N1QP1P/1P3P2/R4RK1 w k - 4 18	e3a7 d8g5 g1h1 g5g2	1532	medium	kingsideAttack mate mateIn2 middlegame short
2IpCU	r3r1k1/ppp2ppp/5q2/7B/2Pn1P2/P1Q1Pn2/1P4PP/R1BR2K1 w - - 1 17	g2f3 d4e2 g1g2 e2c3	1533	medium	crushing fork middlegame short
8zLVx	3r2k1/1p3ppp/pN2b3/4p1P1/7P/b3BP2/1nK5/3R3R b - - 5 29	d8e8 d1a1 a3e7 c2b2	1533	medium	advantage master middlegame short
AhjmW	2r4k/2q2p1p/8/1n1pNp2/3P4/3KP2P/1Q3P2/R7 w - - 4 29	b2b5 c7c2	1533	medium	endgame master mate mateIn1 oneMove
X1ztw	Rbk5/3b4/8/3P4/P2K3p/7P/8/8 w - - 11 48	a4a5 c8b7 a8b8 b7b8	1533	medium	crushing endgame short trappedPiece
zndgH	1k1r4/2p2R2/pq2p1p1/6Pp/1p2N2P/1P2n2B/PKP2Q2/8 w - - 3 30	f2e2 b6d4 b2b1 d4e4	1533	medium	crushing fork master middlegame short
11IyF	1k3b1r/pp1r1Rp1/2q1p3/8/3P3p/1PP2Q1P/1B4P1/R5K1 b - - 3 23	f8d6 f3c6 b7c6 f7d7	1534	medium	capturingDefender crushing middlegame short
VOppt	r2qk2r/pp2npQp/8/3P4/2B5/5b2/P4PPP/R3K2R b KQkq - 0 15	h8g8 c4b5 e7c6 g7g8	1534	medium	advantage deflection middlegame short
ZxBxi	6k1/5pp1/4p2p/2Nn4/1q1P4/1P5P/r4PP1/3QR1K1 w - - 5 35	e1e2 d5c3 e2a2 c3d1	1534	medium	advantage endgame fork short
iYJLi	r2qkb1r/pp1npp2/2p2p1p/5b2/3PN3/3B1N2/PPP1QPPP/R3K2R b KQkq - 4 9	h8g8 e4d6	1534	medium	mate mateIn1 middlegame oneMove pin smotheredMate
iwus8	7k/p1pRb1pp/2p5/2P4r/2Q1Np1q/5P2/PP3PKP/8 w - - 3 27	g2f1 h4h3 f1e2 h3d7	1534	medium	crushing endgame fork short
Kw4j3	1knqr2r/1p6/p2p1p2/1p1P1P2/1P1QPBpp/6P1/1P5P/2R2NK1 b - - 1 33	d8b6 c1c8 b8c8 d4b6	1535	medium	crushing middlegame queensideAttack short
N3pci	5rk1/6p1/1q2R1np/3Q4/1Pp5/r1P5/6PP/2R4K b - - 0 37	b6d8 e6d6 g8h7 d6d8	1535	medium	crushing discoveredAttack discoveredCheck fork master middlegame short
RVMoy	r1b2rk1/qp4pp/3Np3/p2nP3/6Q1/1B6/PP3PPP/2R1R1K1 w - - 3 20	c1c8 a7f2 g1h1 f2e1	1535	medium	backRankMate fork mate mateIn2 middlegame short
ykMQs	r1bqk2r/ppp2ppp/3b1n2/4n3/2p1N3/P3P3/1PQ2PPP/R1B1KBNR b KQkq - 3 8	c8f5 e4d6 d8d6 c2f5	1535	medium	advantage discoveredAttack opening short
2wRV1	8/1p4p1/1rp5/3rpk2/1P1P2R1/4PK1P/8/1R6 b - - 0 34	e5d4 e3e4 f5e5 e4d5	1536	medium	crushing endgame fork master rookEndgame short
6JVeV	1k1r1r2/ppp1P2p/8/4n3/5Q2/2q1B3/P1P2PPP/R4RK1 b - - 0 18	f8f4 e7d8q	1536	medium	advancedPawn hangingPiece mate mateIn1 middlegame oneMove promotion queensideAttack
YQ0bi	4k3/5p2/p5p1/1p1bp1P1/8/Q2P1qN1/PP3P2/6K1 w - - 4 33	g1f1 f3d1	1536	medium	endgame mate mateIn1 oneMove
4PAaB	r4r1k/2p4p/p1p2p2/6Q1/4P3/P2q4/1P3PPP/4RRK1 w - - 0 22	e1e3 d3f1 g1f1 f6g5	1537	medium	advantage endgame short
IVRQJ	2k5/2p1rp2/8/8/1Q6/P5B1/3pqPPP/5RK1 w - - 0 43	b4b3 e2f1 g1f1 e7e1	1537	medium	attraction endgame mate mateIn2 sacrifice short
rOC6D	r1b2r1k/ppp1q1pp/2n5/3p2NQ/1b2p3/8/PBB2PPP/R4RK1 b - - 1 17	h7h6 h5h6 h8g8 h6h7	1537	medium	kingsideAttack mate mateIn2 middlegame pin short
WaN0H	r1b1k2r/pp3ppp/1q2p3/2bpn3/3n4/5P2/PP1NNBPP/2RQKB1R w Kkq - 0 12	c1c5 e5d3	1538	medium	mate mateIn1 oneMove opening smotheredMate
qOLZ4	1r3k2/4Rp1p/6p1/4bN2/4r3/8/5PPP/3R1K2 w - - 0 33	f2f3 g6f5 f3e4 f8e7	1538	medium	advantage endgame hangingPiece short
xJ1qt	3RQ3/5p1k/7p/p2q1bp1/2n5/6BP/6PK/8 b - - 3 43	d5e6 e8g8	1538	medium	endgame master mate mateIn1 oneMove
0kW5T	r1b2r1k/pp1q3p/2p2b2/3pB1p1/3PpP2/1Q4P1/PP2P1BP/4RRK1 b - f3 0 16	g5f4 f1f4 f6e5 f4f8	1539	medium	crushing kingsideAttack middlegame short
JBQuQ	6Q1/1kp4p/p1n2N2/1p6/2r5/1K6/Pp2PPPP/1Rb2B1R w - - 4 27	e2e3 c6a5 b3a3 c4a4	1539	medium	mate mateIn2 middlegame short
LINoi	r1bq2nr/pppkbNp1/2n4p/4pp1Q/7P/3P4/PPP2PP1/RNB1KB1R b KQ - 3 9	d8e8 h5f5	1540	medium	mate mateIn1 oneMove opening
RwYMo	1r4k1/1N2bpp1/2p4p/2Pp4/rP6/1R4P1/5P1P/2R3K1 w - - 8 34	b7a5 a4a5 b4a5 b8b3	1540	medium	capturingDefender crushing endgame master short
dfrPY	2R5/p2r2pk/2p4p/1pPq4/8/P1Q1B1P1/5PKP/8 w - - 5 39	g2f1 d5h1 f1e2 h1d1	1540	medium	endgame mate mateIn2 short
7QgSo	r2qkbr1/3npp1p/b2p4/1NpP4/PpB1n2B/5N2/1P2QPPP/R3K2R b KQq - 1 13	e4f6 b5d6	1541	medium	mate mateIn1 middlegame oneMove pin smotheredMate
eA2sA	rq1r2k1/5p2/p2pR1np/1p4b1/7P/2N3Q1/PP3PP1/3R2K1 b - - 0 25	g6h4 e6h6 h4g6 g3g5	1541	medium	capturingDefender crushing middlegame pin short
hWPaL	r1b2rk1/pp1pppbp/6p1/3q4/8/P3P3/1PQ1BPPP/R1B2RK1 b - - 1 13	b7b6 e2f3 d5e5 f3a8	1541	medium	advantage middlegame short skewer
EqqrB	r1bqrb1k/pp5p/3p1pp1/3QN3/4P2B/P7/1P3PPP/1R1R2K1 b - - 4 18	e8e5 d5e5 f6e5 h4d8	1542	medium	crushing middlegame short
ZCgqK	r2qkB2/ppp2p1p/3b4/5b2/2P5/2Q1P3/PPn2PPP/RN2KBNR w KQq - 1 12	e1d1 d6b4 c3d4 c2d4	1543	medium	advantage collinearMove discoveredAttack discoveredCheck middlegame short
hxYDU	8/3Q4/kp6/3K3q/2P5/8/8/8 w - - 0 76	d5d4 h5d1 d4e3 d1d7	1543	medium	crushing endgame queenEndgame short skewer
vqeml	r2qkbnr/pp1npp1p/6p1/1B1P4/4N3/5P2/PP2QP1P/R1B1K2R b KQkq - 4 11	a7a6 e4d6	1543	medium	mate mateIn1 oneMove opening pin smotheredMate
yc4wA	3r2k1/B4ppp/2b1p3/1B6/5P2/4Kn2/3r3P/RR6 w - - 0 39	b5c6 d8d3 e3e4 f7f5	1543	medium	mate mateIn2 middlegame short
CozBa	8/7p/8/5ppk/QP6/P4PqP/2r1r1P1/3R2RK w - - 9 39	a4d7 g3h3 g2h3 e2h2	1544	medium	endgame mate mateIn2 sacrifice short
F65sN	1k1n2rr/2R5/1p6/p4N1p/P7/2qBQ3/2P3bP/1R4K1 w - - 0 29	e3b6 g2b7 c7g7 g8g7	1544	medium	crushing discoveredAttack discoveredCheck master middlegame short
PQceo	8/5rpk/p3p3/2p1P2p/2Ppqr2/1Q6/P2B1KRP/4R3 w - - 0 32	f2g1 e4e1 d2e1 f4f1	1544	medium	mate mateIn2 middlegame sacrifice short
u1krM	6k1/1p3qp1/p1p4p/P7/1rNb4/3P2P1/4QP1P/4R1K1 b - - 8 34	b4b5 c4d6 f7f6 d6b5	1544	medium	crushing endgame fork master short
uophl	8/6bk/4p1p1/pp1bP2p/2pP3q/P1P2Q1P/BP4P1/5R1K w - - 5 35	f3f4 h4h3 f4h2 d5g2	1544	medium	crushing endgame kingsideAttack pin short
3poGF	rn2r1k1/pbp1q1b1/1p4Q1/4p1N1/8/2P1P3/PP1N1PP1/R3K2R b KQ - 2 16	b8d7 h1h8 g8h8 g6h7	1545	medium	attraction kingsideAttack mate mateIn2 middlegame pin sacrifice short
9tIk1	5rk1/1p1R2bp/p5p1/4N3/PP2n3/8/1B4PP/6K1 b - - 4 31	g7h6 e5g4 h6e3 g4e3	1545	medium	advantage endgame short
pCdVb	5r2/ppkbRN2/3p2p1/2pP1p2/1nP2P2/5P2/5KP1/3B4 b - - 5 28	a7a5 d1a4 b4c6 d5c6	1545	medium	crushing endgame master pin short
r3ZbJ	r1r5/4pQbk/n5Np/1p1P2p1/1P1q2P1/P1p4P/4B3/1KR4R w - - 3 29	h1d1 c3c2 c1c2 d4a1	1545	medium	advancedPawn clearance fork mate mateIn2 middlegame short
wpNU5	r7/5Pkp/6p1/p3R3/3p4/P2P2Pn/1P4K1/8 b - - 0 33	h3g5 e5e8 g5f7 e8a8	1545	medium	crushing endgame short
02Pu3	5r2/3R4/6k1/1p6/p1pB3P/3n2K1/5P2/8 b - - 3 43	f8f7 h4h5 g6h5 d7f7	1546	medium	crushing deflection endgame short
56yoS	2k5/2p4p/p3b1r1/8/2r5/P4p2/4NPPP/R1R3K1 w - - 0 27	c1c4 g6g2 g1h1 e6c4	1546	medium	crushing endgame intermezzo short
VCQZn	8/4kp2/2p5/5K2/4P1PP/1N6/p3n3/8 w - - 0 46	g4g5 e2d4 b3d4 a2a1q	1546	medium	advancedPawn crushing deflection endgame knightEndgame promotion short
VGe9K	r3r3/p1p3kp/1p3pp1/4q3/2Q4P/P1P5/5PP1/3R1RK1 b - - 3 27	e5c5 d1d7 e8e7 c4c5	1546	medium	crushing endgame short
hfiql	r2q1r2/pp2n1kp/2p1Qnp1/3p4/1P1P4/P7/1BPN1RPP/R5K1 b - - 3 18	d8d7 f2f6 d7e6 f6e6	1546	medium	crushing middlegame short
wk1fl	5k2/4n2p/p3pp2/3q4/1B6/6P1/5P1P/2Q3K1 b - - 3 30	f8f7 c1c7 e6e5 c7e7	1546	medium	crushing endgame master short
zzMSU	3r1rk1/1pp2p1p/p1n3p1/4P3/4Bn2/5qP1/PP1Q1P1P/2R1R1K1 w - - 0 22	d2d8 f4h3 g1f1 f3f2	1546	medium	kingsideAttack mate mateIn2 middlegame short
jxsFr	1r1qr1k1/5pp1/3p3p/p2Pb2n/8/P4N2/RP1Q1PPP/1BR3K1 w - - 1 26	b1c2 e5f4 d2d1 f4c1	1547	medium	crushing middlegame short skewer
5ID5i	rb4k1/1pq2pp1/p4n1p/2p5/2Pp4/1P1B1N1r/PB1PQP2/4RRK1 b - - 1 20	h3f3 e2e8 f6e8 e1e8	1548	medium	kingsideAttack mate mateIn2 middlegame pillsburysMate sacrifice short
jQYDa	r1b1kb1r/p1pp1ppp/2n5/1pq1P3/1PN5/2P1PN2/P4PP1/R2QKB1R b KQkq - 0 11	c6b4 c3b4 c5b4 c4d2	1548	medium	crushing defensiveMove middlegame short
tIGWA	8/p1pqnk2/2p3p1/2P3Pp/3ppP1P/5K2/PPQ2B2/1R6 w - - 0 39	c2e4 d7g4	1548	medium	endgame master masterVsMaster mate mateIn1 oneMove
8sFcZ	r5q1/1pp2pk1/p2p1bpB/8/4P3/1PPP4/1P4K1/R6R b - - 6 28	g7h7 h6f8 f6h4 h1h4	1549	medium	discoveredAttack endgame mate mateIn2 short
TXktH	r2q1rk1/pp3nbp/2p1P1p1/3p4/6b1/2P2NP1/PP4BP/R1BQR1K1 b - - 0 17	g4f3 e6f7 f8f7 g2f3	1549	medium	advancedPawn crushing intermezzo opening short
XldEX	r1b1kr2/1p1pb1p1/p2N1q1p/4Qp2/2B5/P7/1PP2PPP/2K1R3 b - - 5 23	e8d8 e5a5 b7b6 a5b6	1549	medium	mate mateIn2 middlegame short
5cZI7	2kr1bnr/pp1nqppp/2pp4/4p2b/3PP3/1PP2N1P/PB2BPP1/RN1QK2R w KQ - 1 10	f3e5 h5e2 d1e2 d6e5	1550	medium	advantage intermezzo opening short
BNl0H	r3r1k1/pp3pp1/1qp4p/3n1R2/3PN1Q1/6P1/PP4PP/4R1K1 w - - 5 22	f5d5 c6d5 e4f6 b6f6	1550	medium	crushing hangingPiece middlegame short
OAm4y	2B1b1k1/5pp1/4p2p/2R5/3P4/2P2QP1/5PKP/r1q5 w - - 1 32	c8b7 c1f1	1550	medium	endgame mate mateIn1 oneMove
fshzJ	4r1k1/2R2pp1/2Q5/7n/3P4/3qB1K1/5PP1/8 w - - 3 28	g3f3 d3d1	1550	medium	endgame mate mateIn1 oneMove
zXNko	1n2r3/1kp2ppp/pp1q4/3Pb3/Q7/P3P2P/1PP1B1P1/2KR4 b - - 7 23	d6d7 e2a6 b8a6 a4d7	1550	medium	crushing deflection middlegame short
BmjiQ	r1b2rk1/pp3ppp/3b1n2/4q3/N1P5/6P1/P2BBP1P/R2Q1RK1 b - - 0 17	h7h5 d2f4 e5a5 f4d6	1551	medium	crushing opening short skewer
KiXMA	r4rk1/ppp1nppp/2n5/1BN1p3/3q4/7Q/PPP3PP/R1B1K2R w KQ - 0 14	h3e3 d4b4 c2c3 b4b5	1551	medium	advantage fork middlegame short
Zx7QO	3r2k1/pQ3ppp/4p3/2N5/3b4/q6P/5PP1/3R2K1 w - - 0 30	d1d4 a3a1 g1h2 a1d4	1551	medium	advantage endgame fork short
iPtGG	R7/8/4b3/6k1/p2P4/3BK2p/r5p1/6B1 w - - 2 64	e3f3 e6d5 f3g3 d5a8	1551	medium	crushing endgame fork short
tHKfY	5rk1/2Q3p1/p7/7p/4r1Pq/2P1B2P/PP3PK1/5R2 w - - 1 29	c7g3 h4g3 g2g3 e4e3	1551	medium	advantage attraction endgame short
HLQfc	rn1qk1nr/ppp2ppp/4p1b1/8/1b1PPP2/2NB4/PP4PP/R1BQK1NR b KQkq - 2 7	d8d4 d3b5 d4d7 b5d7	1552	medium	crushing opening short
dRwzn	5rk1/1ppb1pp1/1b1p1q2/nP1Bn2p/2P1P3/2B2N1P/2QN1PP1/R5K1 w - - 3 20	c3a5 e5f3 d2f3 f6a1	1552	medium	crushing discoveredAttack kingsideAttack middlegame short
F9soy	r3k2B/2p1qp2/p1pb3n/3p3p/5Pb1/1PN1P1Q1/P1PP2PP/R3K2R w KQq - 5 13	h8d4 h6f5 g3f2 f5d4	1553	medium	advantage middlegame pin short
sGgrm	4r1k1/p4pb1/1p2p2p/1b4p1/8/1N1nP1B1/P1RK1PPP/2R5 w - - 8 31	c2c8 d3c1 c8e8 b5e8	1553	medium	advantage master middlegame short
1yAK5	r1b4r/ppk2ppp/2n2B2/1B2p3/1b2P3/2N5/PPP2PPP/2KR3R b - - 0 11	g7f6 c3d5 c7b8 b5c6	1554	medium	advantage deflection middlegame short
XrFtr	1r4k1/3n2pp/2p5/3p1p2/q2P4/3BPP2/P1Nn1RPP/R2N2K1 b - - 2 24	b8b1 f2d2 b1a1 c2a1	1554	medium	advantage hangingPiece master middlegame short
q0rUE	8/8/1r4r1/4R3/1p1p4/1P1k4/PKR5/8 b - - 4 44	b6f6 e5e2 f6f1 c2d2	1554	medium	blindSwineMate endgame mate mateIn2 quietMove rookEndgame short
3h2wy	8/7Q/3r4/1k1q1p2/1p2n2P/1N2B1p1/5PP1/1NR3K1 w - - 0 30	h7a7 d5d1 c1d1 d6d1	1555	medium	master mate mateIn2 middlegame sacrifice short
4ZuaQ	8/8/R7/7k/3p1K1P/P5P1/3rp3/8 b - - 5 51	e2e1q g3g4 h5h4 a6h6	1555	medium	endgame mate mateIn2 queenRookEndgame short
BGPWc	r1bq1rk1/1p1nbppp/p2ppn2/P5B1/3NP3/2N5/1PP1BPPP/R2Q1RK1 b - - 0 10	f6e4 g5e7 d8e7 c3e4	1555	medium	advantage intermezzo master masterVsMaster opening short
EsS1M	r5k1/pp3pp1/7p/4P3/3p1P1q/3B1n2/P1Q1KP1P/R1R3r1 b - - 4 24	h4h5 c2c8 a8c8 c1c8	1555	medium	mate mateIn2 middlegame pillsburysMate sacrifice short
TCXx2	b4Q2/p7/1pp1P3/4kPr1/6pp/2P5/P3q1PP/6RK b - - 5 33	g5f5 e6e7 f5f8 e7f8q	1555	medium	advancedPawn advantage endgame master promotion short
f2GXA	r4rk1/pppq1ppp/3b4/4n2Q/8/2P1B3/PP3PPP/2KR1B1R b - - 4 13	g7g6 h5e5 d6e5 d1d7	1555	medium	crushing master middlegame short
T4HXm	r4r1k/2p3pp/P4q2/3n1p2/5n2/3P1B2/3QNP1P/2R2KR1 b - - 2 27	a8a6 e2f4 d5f4 d2f4	1556	medium	advantage master middlegame short
Iwup9	6bk/8/7p/p1p3pP/2P5/3QP3/1P4r1/qBK2R2 b - - 2 40	a1a4 d3c3	1557	medium	endgame master mate mateIn1 oneMove
hOHVv	1r1q1rk1/ppp3pp/3pb3/n4P2/2P2P2/2PB1Q2/P5PP/R1B2RK1 b - - 0 17	e6f5 f3d5 g8h8 d3f5	1557	medium	crushing fork intermezzo middlegame short
3Sq5A	rnbqkb1r/ppp3pp/8/4p2Q/2p1R3/8/PPPP1PPP/RNB3K1 b kq - 1 8	g7g6 h5e5 e8f7 e5h8	1558	medium	advantage fork opening short
do7jR	r4rk1/1p2p3/3p3Q/p7/Pnq1P2P/1nN2P2/1P6/1K4RR b - - 4 24	g8f7 h6g6	1558	medium	dovetailMate mate mateIn1 middlegame oneMove
ilgaj	r1b2rk1/5ppp/p1pbp3/3pq1B1/8/2P3P1/PP1QBP1P/R4RK1 b - - 0 18	h7h6 g5f4 e5f6 f4d6	1558	medium	advantage middlegame short skewer
mTMDG	r1b3kr/pppqnNpp/3p2n1/4P3/1b1P4/2N2Q2/PPP3PP/R1B2RK1 b - - 5 13	b4c3 f7h6 g7h6 f3f7	1558	medium	clearance kingsideAttack mate mateIn2 opening sacrifice short
QdNwY	1r6/6b1/8/2N3pp/4Pk2/5P2/1p2K2P/1R6 b - - 1 44	g7c3 c5d3	1559	medium	endgame mate mateIn1 oneMove
Ysiig	1R6/1P1k4/3P4/8/8/4pp2/1r6/5K2 w - - 1 50	b8f8 b2b1	1559	medium	endgame mate mateIn1 oneMove rookEndgame
nvR5p	7r/p2rkp2/2p1p1p1/4N3/2q5/P7/3p1QPP/2bR2K1 b - - 1 26	c4d4 e5c6 e7e8 c6d4	1559	medium	advantage fork middlegame short
ywZku	7k/1p3ppp/p3p3/n3B3/8/4PB2/P1r2PPP/2b2RK1 b - - 3 22	a5c4 f3e4 c4e5 e4c2	1559	medium	advantage endgame short
B1EnS	rnbq3r/p1p2pkB/1p2N1p1/4P3/3b3Q/8/P4PPP/1RB2RK1 b - - 0 16	c8e6 h4h6	1560	medium	mate mateIn1 oneMove opening
NVdCU	r5k1/2p2ppp/pb3qn1/1p2p3/4P1b1/2P1BN2/PP1NQPK1/R6R w - - 4 21	e3b6 g6f4 g2f1 f4e2	1560	medium	crushing fork middlegame short
eMUGm	1Rb1r1k1/5pp1/2pQ3p/4r3/q3Pp2/2P2P1P/6PK/4R3 b - - 1 33	c8a6 d6e5 e8b8 e5b8	1560	medium	crushing master middlegame pin short
ihG6F	8/4k3/7p/2R3n1/Pp1pB1P1/1P1P2K1/2P5/6r1 w - - 3 40	g3f4 g5e6 f4e5 e6c5	1560	medium	advantage endgame fork master short
nJKZj	2krbb1r/4nB2/2q1p1pp/1p1pPP1Q/p1pP2P1/P1P5/1P5P/RNB2RK1 w - - 0 20	f7e6 c6e6 f5e6 g6h5	1560	medium	advantage middlegame short
9wlf5	1r4k1/1Q2q3/3bbp1p/3p1pp1/3P4/2PN1N2/3B1PPP/1R4K1 w - - 4 27	b7e7 b8b1 d2c1 d6e7	1561	medium	crushing hangingPiece intermezzo middlegame short
vhMKS	5r2/2q2p2/2p2n2/4P3/1p1P1Q2/5K1k/1P6/8 b - - 1 40	f8g8 f4h6 f6h5 h6h5	1561	medium	endgame fork mate mateIn2 short
xEjPb	rnbqkb1r/1p2pppp/p1p5/8/2B5/3nPQ2/PB1PKPPP/RN4NR b kq - 3 8	c8g4 c4f7 e8d7 f3g4	1561	medium	attackingF2F7 crushing opening short
5Tc9b	8/8/4pQpp/3p1p1k/p2P1P2/4P1PK/1q5P/8 b - - 3 41	g6g5 f6f7	1562	medium	endgame mate mateIn1 oneMove queenEndgame
Zb0aj	4Q3/pp4k1/2pb1q2/3p1Bp1/1P3pPr/P6P/5PK1/4R3 b - - 5 39	h4h8 e8d7 f6f7 d7d6	1562	medium	crushing deflection endgame short
tHZuQ	2k5/ppp2p2/4b3/4n3/2P2p2/1P2p3/P3Q1KN/8 w - - 0 27	h2f3 e6g4 e2b2 g4f3	1562	medium	advantage endgame short
FFBV5	6k1/2b1q1p1/p3pr2/1p3P1p/P1p1Q3/2P3PK/1PB1R1P1/8 b - - 2 32	f6f5 e4f5 e6f5 e2e7	1563	medium	crushing discoveredAttack endgame master short
tiiJ2	r7/4k3/2p1P3/r2nR2p/1p2B1p1/3N4/1PP2PPP/1K2R3 w - - 6 32	b2b3 a5a1 b1b2 a8a2	1563	medium	blindSwineMate mate mateIn2 middlegame queensideAttack short
MpPfL	2r3k1/6pp/4np2/pp6/3p4/P2N3P/1P3PP1/5RK1 b - - 1 35	e6c5 f1c1 c5d3 c1c8	1564	medium	advantage endgame short
YCUwE	r4rk1/1b3ppp/1p6/p1bq1Q2/3pN3/1P1P4/PBP3PP/4RR1K w - - 1 19	f5g4 f7f5 e4f6 f8f6	1564	medium	crushing fork master middlegame short
cWq3U	2r4r/pp1qk1p1/3b2P1/3Q1p2/3Pp2p/4P1P1/PP2BP2/2R2RK1 w - - 0 24	g3g4 d6h2 g1h2 d7d5	1564	medium	advantage discoveredAttack master middlegame short
gxHFQ	r2qk1nr/ppp2ppp/2n1p3/3p1b2/1bPP4/1QN3P1/PP2PPBP/R1B1K1NR b KQkq - 4 6	d5c4 g2c6 b7c6 b3b4	1564	medium	crushing master opening short
HgAE2	3r1rk1/pp4p1/7p/3p4/3n4/2NB1P2/PPPq2PP/R4Q1K b - - 0 19	d4c2 a1d1 d2e3 d3c2	1565	medium	advantage middlegame short
dXOeR	r3k1nr/p2bpp1p/6p1/1B1Q4/5P2/4P3/P2B1KPP/q6R b kq - 1 14	a1h1 d5a8	1565	medium	hangingPiece mate mateIn1 middlegame oneMove
daQCS	2r5/5p1k/2p1p2p/p2p1qr1/P5PK/1P6/2P1QP2/3R1R2 b - - 0 31	f5g6 f2f4 g5g4 e2g4	1565	medium	crushing endgame short
gaVEK	3Rq3/4ppkp/5bp1/p2Q4/r3N3/5PP1/4P1KP/8 b - - 1 24	a4d4 d5d4 f6d4 d8e8	1565	medium	crushing endgame master masterVsMaster short
palSR	r7/1R6/2p5/3pP3/p2Pk3/2P5/PKP2R2/6r1 w - - 0 35	b7f7 a4a3 b2b3 g1b1	1565	medium	endgame epauletteMate mate mateIn2 rookEndgame short
q8b9n	8/R2n2pp/4k3/5p2/2r2K2/4B1P1/5P1P/8 w - - 2 37	f4g5 c4g4 g5h5 d7f6	1565	medium	cornerMate endgame mate mateIn2 short
FC2tu	r2qkb1r/1b2pp2/p2p3p/2nNnNp1/1pB2PPB/8/PPP1Q2P/R3K1R1 b Qkq - 0 15	e5c4 d5f6	1566	medium	master mate mateIn1 middlegame oneMove pin
W7epc	r1bq2nr/pppk2pp/2nb4/3Q4/2B1P3/8/PPP2PPP/RNB1K2R b KQ - 4 9	g8f6 d5e6	1566	medium	mate mateIn1 oneMove opening
fJeCc	r2q1rk1/1b2bppp/p1n1pn2/3p4/Pp1P1B2/5NP1/1P1NPPBP/2RQ1RK1 b - - 3 13	c6a5 f4c7 d8e8 c7a5	1566	medium	crushing interference master middlegame short
DqVum	r4n1Q/3k1q2/4Rbp1/2B5/8/8/PPP5/2K5 w - - 1 30	h8f6 f7e6 f6g7 d7c6	1567	medium	crushing endgame master short
EOKWM	r1bqkbnr/pp3p1p/2p3p1/3NpNB1/4P3/P7/1PP2PPP/R2QK2R b KQkq - 4 12	f7f6 d5f6 g8f6 d1d8	1567	medium	advantage discoveredAttack opening short
wcvwm	1n2k3/3b2r1/rN3p2/2p1p1p1/Nb2P2p/pP1RB2P/2P2PP1/3R2K1 w - - 0 23	e3c5 b4c5 a4c5 a6b6	1567	medium	advantage capturingDefender middlegame short
WzI0k	rn2k1nr/qQ2ppbp/3p2p1/pB4B1/4P3/2P4b/PP1N1PPP/R3K2R b KQkq - 2 10	h3d7 b7c8	1568	medium	mate mateIn1 middlegame oneMove pin
XLMjh	4k2B/1p5p/2p2p2/3p4/4nP2/1q2PN2/4Q1PP/RK1R4 w - - 0 23	e2b2 e4c3 b1c1 b3d1	1568	medium	fork mate mateIn2 middlegame short
FRH1j	8/2p2p2/3b1pkp/8/5P2/1Br3PP/P6K/5R2 b - - 0 35	c3d3 b3c2 g6g7 c2d3	1569	medium	crushing endgame pin short
XaUEx	4k3/R7/1p2Nn1p/5P2/6p1/P4KP1/1P5P/4r3 w - - 0 49	f3f4 e1e4	1569	medium	endgame mate mateIn1 oneMove
oJVjX	1r4k1/2R2p1p/2R2npQ/3ppq2/8/6P1/1P2PP1P/6K1 w - - 4 24	b2b4 f6g4 c7c8 b8c8	1569	medium	advantage endgame short
77FZQ	5r2/4B1pk/4Q3/1Pp2r2/3pp2P/5qRK/P4P2/3R4 b - - 5 43	f3d1 e6g6 h7h8 g6g7	1570	medium	endgame mate mateIn2 short
F1Y99	2q1r3/1b3p1k/p1nR1Q1p/2P5/1P6/5P2/6PP/6K1 b - - 8 36	e8h8 f6f7	1570	medium	endgame epauletteMate mate mateIn1 oneMove
YlhTC	rnbqk2r/ppp2pbp/3p1pp1/8/3P4/3B1N2/PPP1QPPP/R1B1K2R b KQkq - 1 8	c8e6 d4d5 d8e7 d5e6	1570	medium	advantage opening pin short
eSzDS	8/8/8/P7/7R/1KPnk3/1P3r2/8 w - - 1 54	h4a4 d3c5 b3b4 c5a4	1570	medium	crushing endgame fork master short
fviO5	r2b1rk1/4q1p1/p1p1p3/2p1PpPQ/2p4P/3P2P1/PP6/5RK1 b - - 1 30	c4d3 g5g6 e7h4 g3h4	1570	medium	crushing endgame short
hAtfr	3R1b1k/1b3r1q/p4p2/1p2p2Q/n7/1BP1B2P/PP4P1/7K w - - 2 39	h5f7 h7h3 h1g1 h3g2	1570	medium	mate mateIn2 middlegame pin short
mtK6Y	2R1Q3/1p1r2pk/p6p/3qB1N1/4bp2/P7/6PP/6K1 b - - 15 37	h6g5 e8h5	1570	medium	endgame mate mateIn1 oneMove
KyYDs	r2qkbnr/pp3ppp/2n5/1B6/3Q4/5b2/PPP2PPP/R1B1K1NR w KQkq - 0 9	g1f3 d8a5 c1d2 a5b5	1571	medium	advantage fork opening short
NF06R	r3q1rk/1p6/p2ppp1B/2p4Q/P1BnP3/2NP4/1PP3PP/R5K1 w - - 6 24	h5h4 d4f3 g1h1 f3h4	1571	medium	crushing kingsideAttack middlegame pin short
OSaHo	2Q2bk1/4Bp1p/6p1/8/5P2/7P/6P1/q4K2 w - - 1 35	f1f2 a1a7 f2f3 a7e7	1571	medium	advantage endgame fork short
cPEyQ	7Q/pp6/2p3p1/3np1k1/3P2bP/2P3P1/PP6/2q2BK1 b - - 0 32	g5f5 h8e5	1571	medium	endgame mate mateIn1 oneMove swallowstailMate
ohRp5	5k2/1p5q/p2p4/3PbK2/2P3Q1/1P6/2B5/8 w - - 0 55	f5e6 h7f7	1571	medium	endgame mate mateIn1 oneMove
oypFj	8/3P3p/2K5/6p1/4k3/4p3/R2r2PP/8 b - - 0 53	e3e2 a2d2 e2e1q d7d8q	1571	medium	advancedPawn crushing endgame hangingPiece promotion rookEndgame short
IgP0I	8/7r/1R2p3/1p2k1PK/1P6/2Pb2PP/8/8 w - - 1 47	h5g4 d3e2	1572	medium	endgame master mate mateIn1 oneMove
LM8kC	6k1/p3pp1p/6p1/2q5/4P3/1Q3BP1/P2r1R1P/6K1 w - - 1 25	b3b8 g8g7 f3e2 d2e2	1572	medium	advantage defensiveMove endgame pin short
frBCg	r3k2r/bbqn1ppp/p7/1p2p3/1P1NP3/P1NBQR2/2P3PP/R6K w kq - 0 17	c3d5 b7d5 d4b5 a6b5	1572	medium	crushing middlegame short
uGcv3	8/k5p1/1pQ1R2p/p7/5P2/Pq2K1P1/4R2P/5r2 w - - 1 50	e3d2 f1d1	1572	medium	endgame master mate mateIn1 oneMove
cf6Ho	6k1/1p6/pP4p1/P1p2n2/5R2/3rp3/4R1KP/8 w - - 0 38	g2f3 f5d4 f4d4 c5d4	1573	medium	crushing endgame fork short
exYYw	r1bq1rk1/p5bp/1p1n2p1/2pPpp2/2P1P3/2NBB3/PP1Q1RPP/R5K1 w - - 0 15	a1f1 f5f4 e3c5 b6c5	1573	medium	advantage middlegame short trappedPiece
1RFga	rnb1k2r/1pqp1pp1/p3pn2/2b5/4P3/PNN3p1/1PPB1PBP/R2Q1RK1 w kq - 0 12	h2g3 c7g3 d2f4 g3f4	1574	medium	crushing opening pin short
Lw8zf	8/1pp1pB2/p1k2ppp/2P5/1P1K1P2/P5P1/6bP/8 b - - 1 28	g6g5 f7e8	1574	medium	bishopEndgame endgame master mate mateIn1 oneMove
cpg1I	r1b1kb1r/pp3pp1/2n1pn1p/qN2p3/Q1B5/4BN2/PP3PPP/R2R2K1 b kq - 7 13	a5a4 b5c7 e8e7 e3c5	1574	medium	fork mate mateIn2 middlegame morphysMate short
fydQE	3k3r/1R3Q1p/p1np2p1/3nq3/4P3/3B2Pb/P1P4P/4KR2 b - - 0 23	c6e7 f7f8 h8f8 f1f8	1574	medium	mate mateIn2 middlegame sacrifice short
gKSmg	2R2r1k/pp5p/5q2/8/4p1Q1/1P1b2RP/P4rPK/8 b - - 3 32	d3e2 g4g8 f8g8 g3g8	1574	medium	mate mateIn2 middlegame sacrifice short
8VqXm	3r1rk1/pp2qppp/5b2/2p2b2/1nB5/2B1PN2/PP2QPPP/3R1RK1 b - - 10 16	f5c2 d1d8 f8d8 c3b4	1575	medium	crushing middlegame short
ScGaF	r3k2r/1pp1npp1/8/nPPp1q2/4b2p/4BN1P/P2QBPP1/2R1R2K w kq - 0 23	f3d4 f5h3 h1g1 h3g2	1575	medium	kingsideAttack mate mateIn2 middlegame pin short
VeWVg	6r1/2q4k/6pp/2pP4/1p1bB2P/1P1Q4/6P1/2R3K1 w - - 2 36	g1h1 c7f4 g2g3 f4c1	1575	medium	crushing endgame short
moO6j	4r3/p1pb2kp/3b1pp1/8/4P1NN/3PBPn1/PrP3P1/R1R3K1 w - - 2 27	e3d4 g3e2 g1f2 e2d4	1575	medium	advantage fork master middlegame short
3EBGS	r4r2/1pp3k1/1b4pp/pP1Q2q1/P2P4/2P4b/5PB1/RN3RK1 b - - 2 23	f8f4 d5g5 h6g5 g2h3	1576	medium	advantage middlegame short
iMiFB	8/7Q/4p1p1/1p2q2k/8/6P1/5P2/6K1 b - - 0 37	h5g5 f2f4 e5f4 g3f4	1576	medium	crushing endgame fork queenEndgame short
lBlq6	r5k1/1bq2rp1/1p1bQnp1/p2p1p2/3P1P1R/1P1B4/PBPN2PP/R5K1 w - - 1 18	d2f3 a8e8 e6e8 f6e8	1576	medium	crushing middlegame short trappedPiece
r1kuE	4k3/R5bp/1n4p1/6N1/8/2r4P/Pq3PP1/4R1K1 b - - 1 28	e8d8 g5f7 d8c8 e1e8	1576	medium	mate mateIn2 middlegame short
w3bg0	3rr1k1/1p2bppp/pB2p3/8/Q1P1q3/1P5P/P4PP1/3R1RK1 b - - 1 22	d8d1 a4e8 e7f8 f1d1	1576	medium	crushing fork hangingPiece intermezzo master middlegame short
MkKpc	2k2r2/pp5p/2p1R2p/2bp1P2/6rq/2PQ1RN1/PP4PP/7K w - - 5 27	b2b4 h4h2 h1h2 g4h4	1577	medium	attraction kingsideAttack master mate mateIn2 middlegame pillsburysMate sacrifice short
Y2uI6	r2qkb1r/1p1bnppp/p7/n3QN2/4Pp2/2P5/PPB2PPP/RN2R1K1 b kq - 2 14	a5c6 f5d6	1577	medium	mate mateIn1 oneMove opening smotheredMate
5FIoO	r4rk1/1b2bppp/p2q4/1p1nR3/2pP4/2P2Q2/PPB2PPP/RNB3K1 w - - 4 15	c2h7 g8h7 f3h3 h7g8	1578	medium	advantage defensiveMove hangingPiece middlegame short
Fy7KU	5k2/4r1pn/3p1pR1/p3pP1P/2P1P3/P2QKN2/qr2B3/6R1 w - - 11 36	d3d6 b2e2 e3d3 a2c2	1578	medium	mate mateIn2 middlegame short
SPBhz	8/7Q/3p1pR1/3Pp3/4Pk1b/5n1P/3q1rP1/3R1B1K w - - 1 45	g6f6 h4f6 h7f5 f4e3	1578	medium	crushing hangingPiece master middlegame short
lGanL	r5k1/p1qr3p/2ppQ1pB/6P1/8/5P2/PPP4P/2K1R3 b - - 2 24	g8h8 e6e8 a8e8 e1e8	1578	medium	endgame mate mateIn2 pillsburysMate sacrifice short
uSbDf	2r2k1r/ppqp1pp1/4p3/2b1n3/N3P1p1/3B4/PPPQ1PP1/R1B2RK1 w - - 2 15	a4c5 e5f3 g2f3 c7h2	1578	medium	clearance kingsideAttack mate mateIn2 middlegame sacrifice short
zuwsV	rnbqrk2/ppp2ppp/4pn2/3P2B1/4B3/2P2N2/P1P2PPP/R2Q1RK1 w - - 1 11	d5e6 d8d1 a1d1 f6e4	1578	medium	advantage opening short
EfJV8	4r1k1/5p1p/p3p1pB/1p1nP1Q1/8/7P/Pq4P1/3R3K b - - 1 31	b2c2 d1d5 c2b1 h1h2	1579	medium	crushing defensiveMove endgame short
pYFMW	3r1r2/ppq1np2/2p4p/1P1n2pP/k2Q4/P4P2/8/2KR1B1R b - - 0 32	a4a5 d4a7	1579	medium	master masterVsMaster mate mateIn1 middlegame oneMove
vSzvZ	8/8/1pB3k1/p1b1R2P/P7/3K4/7r/8 b - - 0 66	h2h5 c6e8 g6f6 e5h5	1579	medium	crushing deflection endgame short
hUVuP	7r/1pp1k3/p6p/q2PnQ2/7R/6P1/1PPK1PP1/5B2 w - - 1 25	d2c1 a5e1	1580	medium	endgame mate mateIn1 oneMove
hpwOL	8/pppk1Q2/8/2Pp4/3P4/7K/Pq6/8 b - - 2 53	d7c6 f7e8	1580	medium	endgame mate mateIn1 oneMove queenEndgame
9Jwnp	1R2R3/4p1k1/4b2p/3rPQpP/8/8/6PK/2r5 b - - 0 45	e6f5 e8e7	1581	medium	endgame master mate mateIn1 oneMove
9bGT8	r1b2k1r/pp2b1pp/1n2B3/4q3/8/8/PP4PP/RNBQ1RK1 b - - 2 16	e7f6 d1d8	1581	medium	mate mateIn1 oneMove opening pin
Bl9RH	r3r1k1/ppp3pp/8/3P2q1/1PP5/PQ3B1b/4p1PP/2R1BRK1 w - - 0 23	f1f2 g5c1 b3c3 c1c3	1581	medium	crushing hangingPiece middlegame pin short
RZKDL	4R3/p1k2P2/7p/2q3pB/8/8/2PKp3/8 b - - 14 42	g5g4 f7f8q e2e1q d2e1	1581	medium	advancedPawn crushing endgame master promotion short
hCCRY	2brr1k1/Rp2qpp1/1Pp5/2Pp3p/3N4/3nP1PP/3Q1PB1/R5K1 b - - 6 34	d3c5 d4c6 e7f6 c6d8	1581	medium	crushing middlegame short
wTHcj	r1bq1b1r/pp4pp/4k3/3pQ3/2BP4/8/PP3PPP/n1B2K1R b - - 0 13	e6d7 c4b5	1581	medium	balestraMate mate mateIn1 middlegame oneMove
2LQzA	6B1/pk6/Np2R3/1P6/8/P4pnP/5r2/7K w - - 0 48	h1g1 f2g2	1583	medium	endgame mate mateIn1 oneMove
gHLJa	4r1k1/5p2/6N1/r7/2p2q2/bp1P4/p3R3/Q2K1BR1 b - - 0 33	f7g6 g1g6 g8f7 a1g7	1583	medium	mate mateIn2 middlegame short
5WF6y	r3Q3/pp4pk/2n4N/4p3/2Pp2b1/3n4/PP2K1PP/4R3 w - - 2 27	h6g4 d3f4 e2d2 a8e8	1584	medium	crushing endgame short
DW1BT	8/p2k1pp1/1ppP1p2/7p/1Q1R2P1/P6P/1Pb2q2/2K5 b - - 4 39	h5g4 d4d2 f2g1 c1c2	1584	medium	advantage endgame interference short
WBEEb	2r5/3Rpk2/p6p/1p4p1/1n1N4/1Pr5/2P2PPP/2K4R w - - 2 22	h1e1 b4d3 c1d2 d3e1	1584	medium	advantage endgame pin short
aExLk	1b6/1P6/8/8/8/3K1p2/5Bk1/8 w - - 4 57	d3e3 b8a7 e3d2 g2f2	1584	medium	bishopEndgame crushing deflection endgame short
ecdjj	4Q3/pp4bk/3p1r1p/2pPp3/P1Pn3N/1P3RPq/5P1P/5NK1 w - - 8 31	f3f6 d4e2 g1h1 h3f1	1584	medium	deflection kingsideAttack master mate mateIn2 middlegame short
inIeJ	3r2k1/2N2ppp/pp6/3n4/2R5/1P4P1/P4PKP/8 b - - 1 26	b6b5 c4d4 d5f4 d4f4	1584	medium	advantage endgame master short
ylC3N	7Q/pp6/2p5/2Pb4/1P4k1/6q1/4B1P1/7K b - - 4 72	g4f4 h8b8 f4e3 b8g3	1584	medium	crushing deflection endgame short skewer
3XFJi	6rk/1q3p2/4p1rp/pp1p4/3P1QR1/P1P4P/1P3P2/R6K b - - 0 26	g6g4 f4h6	1585	medium	endgame master mate mateIn1 oneMove
55Hk6	5r1k/pp1R1Nbp/6p1/1r3pP1/8/P3n3/1B5P/5R1K b - - 0 33	f8f7 d7d8 f7f8 d8f8	1585	medium	mate mateIn2 middlegame pin short
tKKK6	6k1/1p3rpp/2p1n1q1/p1P5/3r1p1Q/P6P/1P2BPPK/R4R2 w - - 5 26	a1d1 f4f3 e2f3 d4h4	1585	medium	crushing discoveredAttack middlegame short
wlslc	r5k1/1ppq1pp1/p4n1p/3p4/3P4/2PB1P2/PP2QPPP/4R1K1 w - - 0 20	e2e7 a8e8 e7e3 e8e3	1585	medium	advantage endgame short
HvrfU	8/5ppk/p4q2/5r2/1QpP3p/1P3n2/P4PPP/R4RK1 w - - 1 35	g2f3 f5g5 g1h1 f6f3	1586	medium	discoveredAttack endgame mate mateIn2 short
XNDl5	4rrk1/2pn2pp/p2bp2q/1p6/1P2Q3/7R/PB1N1PPP/5RK1 b - - 7 21	h6d2 e4h7 g8f7 h7g7	1586	medium	kingsideAttack mate mateIn2 middlegame short
YWy5X	r1b1q1k1/1ppp1rpp/p2b1p1B/8/3P2Q1/1B6/PPPN1PPP/R5K1 b - - 3 15	d6b4 g4g7	1586	medium	kingsideAttack mate mateIn1 middlegame oneMove pin
tH6jm	8/7p/8/8/4k3/1r3p2/1p3K2/4R3 b - - 1 65	b3e3 e1e3 e4d5 e3b3	1586	medium	crushing endgame master rookEndgame short
JaVtn	r4rk1/pQp2ppp/5n2/2b3Bb/2BqP3/5P2/PPP4P/RN3R1K w - - 5 14	g5f6 h5f3 f1f3 d4g1	1587	medium	kingsideAttack mate mateIn2 middlegame sacrifice short
NVWgg	5k2/p4p2/1p1qpNp1/3p2Qp/8/6PP/2r2PK1/8 b - - 2 38	d6e7 g5h6	1587	medium	endgame mate mateIn1 oneMove
Tycjc	r3k1r1/pp1n1p2/4pp2/8/1B6/PB3Nqb/1PP5/R2QR2K w q - 0 22	e1g1 h3g2 g1g2 g3g2	1587	medium	kingsideAttack mate mateIn2 middlegame short
s6YRu	8/pp4bk/1qpp2r1/8/4Q3/2NP3P/PP2Rr2/R6K w - - 0 27	a1g1 f2h2 e2h2 b6g1	1587	medium	collinearMove discoveredAttack mate mateIn2 middlegame short
tq7pY	3r2k1/5ppp/8/3Qp1q1/5b2/1PPB3b/P4PPP/R4RK1 w - - 1 28	d5f3 d8d3 f3a8 d3d8	1587	medium	advantage middlegame pin short
Tza2k	3r4/ppBnq1pk/2p2pbp/8/6P1/1P5P/P2Q1P2/3R1BK1 b - - 1 25	d8e8 d2d7 e7d7 d1d7	1588	medium	advantage master middlegame short
zlk2F	4r1k1/ppq2ppp/2pb4/3pR1B1/6Q1/2P4P/PP3PP1/R5K1 b - - 0 18	e8e5 g5f6 g7g6 f6e5	1588	medium	advantage endgame pin short
CtrkW	r1bk1b1r/pp4p1/2n2p1p/5p1Q/2P1pq2/2N5/PP3PPP/3RKB1R b K - 1 12	d8c7 c3d5 c7b8 d5f4	1589	medium	advantage fork opening short
DqWHC	6kr/1p1np2p/pr1pN1pQ/1N4P1/4P3/3P4/PP4q1/1K5R b - - 1 29	g8f7 h6g7 f7e6 b5c7	1589	medium	fork mate mateIn2 middlegame sacrifice short
FGrdy	8/8/5k2/7K/7P/3R1pr1/8/8 w - - 4 57	h5h6 f3f2 d3g3 f2f1q	1589	medium	advancedPawn crushing endgame promotion rookEndgame short
aF6oZ	8/4p2k/p1p1B3/4BP2/2P1n3/1P5r/3r1P2/4K1R1 b - - 10 38	h3b3 g1h1 b3h3 h1h3	1589	medium	endgame mate mateIn2 pillsburysMate short
g5HXB	5k2/1R2N3/p6p/5pp1/8/1P3PK1/1r5P/5b2 w - - 2 41	e7f5 b2g2 g3h3 g2g1	1589	medium	discoveredAttack discoveredCheck endgame mate mateIn2 morphysMate short
vBM5A	3r2k1/pp2qppp/2rNpn2/2n5/3R1B2/P1P3P1/2Q1PP1P/3R2K1 b - - 5 20	h7h6 d6f5 e6f5 d4d8	1589	medium	crushing discoveredAttack middlegame short
5oG3D	8/6pp/5n1k/8/5K2/P3QP2/1Pr4r/8 b - - 7 32	c2b2 f4f5 h6h5 e3g5	1590	medium	discoveredAttack discoveredCheck endgame mate mateIn2 short
7SFBc	1Q1bk2K/7R/p7/5q2/2P1p3/8/1P3P2/8 w - - 9 49	b8b7 f5f8	1590	medium	endgame mate mateIn1 oneMove
ZkzCW	1k1r3r/2p2pp1/p1Rb3p/8/Pp1q1P2/1P3Q2/6PP/5R1K b - - 5 23	a6a5 c6a6 d4a7 a6a7	1590	medium	advantage middlegame short
wJ4T3	8/1p1b4/2r1kp2/PK1p2p1/1P1B3p/2P2P1P/6P1/3R4 w - - 3 40	d4c5 c6a6	1590	medium	discoveredAttack discoveredCheck endgame master mate mateIn1 oneMove
9acGy	6k1/3P1pb1/6pp/p1p5/1pP1b3/1P4P1/P6P/3N2K1 b - - 0 29	g7d4 d1f2 d4f6 f2e4	1591	medium	advantage defensiveMove endgame short
BotZ3	r2r2k1/5pp1/p1p1p3/PpNpP1PP/1Pn4q/5Q2/5R2/4RK2 b - - 5 37	h4g5 f3f7 g8h8 c5e6	1591	medium	crushing kingsideAttack middlegame short
wnq1y	r2qk2r/1ppb1p1p/p1n3p1/3p3Q/Bb1PN3/8/PP3PPP/RNB1R1K1 b kq - 0 12	g6h5 e4f6 e8f8 c1h6	1591	medium	discoveredCheck doubleCheck mate mateIn2 middlegame short
TGSNU	3Rr1k1/2Q3pp/1p3p2/3p4/3Pq2n/4PN1P/PP3PK1/5R2 w - - 1 27	g2g3 e4f3 g3h4 g7g5	1592	medium	mate mateIn2 middlegame short
es42g	5rk1/p3ppbp/b1pp2p1/8/4NP2/3QB3/qrP1B1PP/2KR3R w - - 2 16	d3a6 b2c2	1592	medium	mate mateIn1 middlegame oneMove queensideAttack
jFdkf	5rk1/2R2ppp/p4n2/8/2p5/P1N4P/2r2PP1/R5K1 w - - 0 25	c7c4 f6d5 c3d5 c2c4	1592	medium	crushing endgame master short
fKNNi	4k3/1pp3KP/3p4/6B1/p2P4/2P5/7r/8 b - - 1 45	a4a3 g5h6 e8e7 h7h8q	1593	medium	advancedPawn advantage endgame promotion quietMove short
mTl0Z	2kr2r1/1pq1n3/p1pbb2Q/7P/3pP3/1P1P4/PBNKB3/6RR w - - 3 28	g1g8 d6f4 d2d1 f4h6	1593	medium	advantage fork middlegame short
syCRA	r1bq1kr1/pp2b3/2np3p/2pQ2p1/2NpP3/2P2N2/PP3PPP/R1B2RK1 w - - 2 13	c3d4 c6b4 d4c5 b4d5	1593	medium	advantage master opening short trappedPiece
wOe2J	1r1r2k1/p4pBp/3b4/1bp5/4p3/1P2P1Pq/P3BP1P/2RQ1RK1 w - - 1 24	e2g4 h3f1 d1f1 b5f1	1593	medium	advantage kingsideAttack master middlegame short
2Beon	7k/2p1r3/2B2pp1/1P6/3PP3/2P5/4RKp1/4n3 b - - 1 41	e7h7 e2e1 h7h1 e1g1	1594	medium	advantage collinearMove endgame hangingPiece short
EMLzO	r2q3r/p4kpp/Q2pbn2/n1p3B1/4P3/5N2/PP3PPP/RN2K2R w KQ - 0 14	e1g1 e6c4 a6a5 d8a5	1594	medium	advantage fork middlegame short trappedPiece
eXgNE	2r2rk1/pp6/3p1ppb/qb1P3p/2N1P3/3Q1P1P/PP3BP1/1K3B1R w - - 3 26	c4a5 c8c1	1595	medium	master masterVsMaster mate mateIn1 middlegame oneMove
fzfjJ	2r2r2/3R1Pp1/p2p1pkp/8/P3P2P/4P3/8/1R3K2 b - - 2 41	f8f7 h4h5 g6h5 d7f7	1595	medium	crushing deflection endgame rookEndgame short
itSGq	r2qr1k1/pp3ppp/3bbn2/1N4N1/3Q4/P7/1P3PPP/R1B2RK1 b - - 0 15	d8b6 d4b6 a7b6 b5d6	1595	medium	advantage capturingDefender middlegame short
sTvcL	5rk1/4bppp/2bp1n2/8/3BPP2/8/1qP3PP/R2QR1K1 b - - 1 22	b2b7 a1a7 b7c8 a7e7	1595	medium	advantage master middlegame short skewer
xisSX	5r1k/pb4pp/2q5/2p5/N1Q5/1P1P4/P1P3PP/R6K w - - 3 24	a1g1 c6g2 g1g2 f8f1	1595	medium	endgame mate mateIn2 pin sacrifice short
xr9h5	3q1rk1/pp2R1p1/2p5/8/2P1R3/5p2/1Q3K2/r7 b - - 1 36	a1f1 f2f1 d8d3 f1f2	1595	medium	crushing endgame hangingPiece short
2rc9q	2r1nb2/3R4/1p3k2/4qN2/1pP1Pp1Q/3P4/6PP/6K1 b - - 4 32	f6e6 d7e7 f8e7 h4e7	1596	medium	master mate mateIn2 middlegame sacrifice short
QxvPr	8/p7/p7/5p2/8/1P6/P1PK1pk1/5N2 w - - 10 42	f1e3 g2g1 e3f5 f2f1q	1596	medium	advancedPawn crushing defensiveMove endgame knightEndgame promotion short
rUex0	1rbq1rk1/p4p1p/6p1/8/3bp3/1PB5/P3BPPP/R1Q2RK1 b - - 1 17	c8f5 f1d1 d4f2 g1f2	1596	medium	crushing middlegame short
g17oL	5r2/p4ppk/1p3r2/4q3/6Q1/1P5P/P4P2/R4R1K b - - 2 29	f6f2 g4h4 h7g8 h4f2	1597	medium	advantage endgame fork short
owrCK	2rq1rk1/1p2p2p/p3bnBQ/3p4/3P2P1/2P2P2/PP6/R3K2R b KQ - 0 22	h7g6 h6g6	1597	medium	kingsideAttack master mate mateIn1 middlegame oneMove
WhuRO	3q1rk1/p1p2p1p/3b1p2/p7/2PQP3/5P2/P4KPP/1R5R w - - 2 23	b1b5 d6g3 f2g3 d8d4	1598	medium	advantage discoveredAttack endgame master short
dvs9m	2k5/Br6/2p2bp1/2P2p2/2KPpPpP/4P1P1/8/1R6 w - - 0 65	b1b7 c8b7 a7b6 f6h4	1598	medium	crushing endgame master short
zLv4l	r1b2rk1/pp2ppb1/1q4p1/5N2/6n1/2N1Bp2/PPP5/2KRQ2R b - - 3 17	f3f2 f5e7	1598	medium	kingsideAttack mate mateIn1 oneMove opening
KKPph	1rr2nk1/1b4bp/p3p1p1/q2nP1N1/2p5/2PB2N1/P2BQ1PP/1RR3K1 w - - 0 22	d3c4 a5c5 g1h1 c5c4	1599	medium	advantage master middlegame short
ZAT89	3r1b2/1p3p2/1Pb5/4pR2/P2pk1Bp/3N3P/2P3PK/8 b - - 4 31	c6a4 f5e5	1599	medium	endgame hookMate mate mateIn1 oneMove
0YFg1	r1bq1r1k/ppp1nBp1/3p3B/7Q/1b2P3/2N2N2/PP3PPP/n2K3R b - - 0 14	b4c3 h6g5	1600	medium	discoveredAttack mate mateIn1 middlegame oneMove
QjcPs	r1bqkb1r/ppp1nppp/3p4/3Pp3/4n3/2P2N2/PP2BPPP/RNBQK2R b KQkq - 1 7	e7g6 d1a4 c8d7 a4e4	1600	medium	advantage fork opening short
VkXBB	r5r1/6pk/6Np/5Q2/4p3/1P1n3P/5PPK/3q4 b - - 7 42	a8a6 g6f8 h7h8 f5h7	1600	medium	doubleCheck endgame mate mateIn2 short
gGXQZ	4q1k1/p1Q2r1p/1p4p1/2pPp3/4Pr2/5PN1/5RK1/5R2 w - - 3 37	c7d6 f4f6 d6f6 f7f6	1600	medium	advantage middlegame short trappedPiece
l3CYM	2rqr1k1/pb1Q1pp1/1pn1pb1p/8/2P5/P1N1PN2/1P2BPPP/3R1RK1 b - - 0 15	f6c3 d7b7 d8c7 b7c7	1600	medium	advantage hangingPiece middlegame short
m2tUB	3r2k1/6pp/pN2p3/1pRb4/1P1Pp1q1/P3PpP1/5P1P/1Q4K1 b - - 2 27	d5c4 b6c4 g4h3 b1f1	1600	medium	crushing endgame short
r5hmR	r4rk1/1pq4p/p3R1p1/n4p2/2P4Q/P2B4/5PPP/3R2K1 b - - 0 22	a8d8 e6e7 c7e7 h4e7	1600	medium	crushing middlegame short
1xed7	r4rk1/1bp3pp/2pQ4/p3p1B1/5PP1/8/PPq4P/2R1R1K1 b - - 0 18	c2c1 d6e6 g8h8 e1c1	1601	medium	advantage intermezzo middlegame short
rY5dt	r4rk1/1b3ppp/p4q2/2p5/5P2/3PB3/P1P3PP/R2QR1K1 w - - 0 18	e3c5 f6c6 d1d2 c6c5	1601	medium	crushing middlegame short
saP2J	q4rk1/p3pp2/1p4p1/2p4p/2Pb1Pb1/2N3K1/PP4PP/2R1Q1NR w - - 0 21	e1e7 f8e8 c3d5 e8e7	1601	medium	crushing middlegame short
uMfcs	8/Qr1p1kpp/2RBppn1/2P5/1q6/5P2/6PP/5RK1 w - - 1 31	c6b6 b4d4 g1h1 b7a7	1601	medium	crushing middlegame short
M28XP	r1q3k1/p3Q2p/n2p2pB/2pP2N1/2P5/7P/Pb3PP1/6K1 b - - 3 29	c8e8 e7h7	1602	medium	kingsideAttack mate mateIn1 middlegame oneMove
NdD9q	8/2p5/1pPp3b/1P1Pp2p/4Pp1k/7P/2N3K1/8 b - - 5 45	h6g5 c2e1 f4f3 e1f3	1602	medium	endgame mate mateIn2 quietMove short
WTYxR	r2qkb1r/pp1npppp/2p1bn2/8/P2NN3/8/1PPPQPPP/R1B1KB1R b KQkq - 4 7	e6d5 e4d6	1602	medium	mate mateIn1 oneMove opening pin smotheredMate
Mulyu	7k/1p3r1p/1p1b4/7N/6P1/5P2/2r5/1R3RK1 w - - 4 48	b1b6 d6c5 g1h1 c5b6	1603	medium	crushing endgame fork short
u7akY	4r1k1/ppp2pp1/1b2q2p/3Rn3/2PnN3/3Q2BP/PP2BPPK/8 b - - 2 23	d4e2 d5e5 e6e5 g3e5	1603	medium	crushing master middlegame short
IkzlL	2k3rr/bpp2pQ1/p3q2n/3Pp3/4P3/2N1BP1P/PP4P1/R4RK1 w - - 1 19	d5e6 a7e3 g1h1 g8g7	1604	medium	advantage hangingPiece middlegame short
e3lN4	r4rk1/4qppp/p4nn1/1p6/3p4/P1NP2BP/1PQ2PP1/R4RK1 w - - 0 20	f1e1 e7c5 c2b3 d4c3	1604	medium	crushing middlegame short
Jg6En	r2qnrk1/pbp1b2p/2pp4/4P3/3P2p1/8/PP1N1PPB/RN1QR1K1 b - - 1 15	h7h5 d1b3 d6d5 b3b7	1605	medium	advantage fork opening short
RZCeR	6r1/1p1q1p1k/p2p1b1p/n1pPp1r1/P1P1Pp2/2N2P1P/1PQ1BP1K/R6R w - - 4 25	a1g1 d7h3 h2h3 g5h5	1605	medium	attraction mate mateIn2 middlegame sacrifice short
WGQME	5k2/2q2p2/4p2P/3pP1Q1/1P1P4/1P3P2/4n1K1/8 b - - 0 51	c7c2 g5d8	1605	medium	endgame master mate mateIn1 oneMove
sOj43	4r1k1/2R1pp2/p5p1/1r2q2p/7P/3P1PP1/Q3P1K1/R7 w - - 2 34	c7c4 b5b2 c4e4 b2a2	1605	medium	advantage endgame master short
zUdHd	r1b1k2r/p4ppp/4p3/1pnpP3/4qP2/5N2/P2B2PP/R2QKB1R w KQkq - 2 14	d1e2 c5d3 e1d1 e4a4	1605	medium	mate mateIn2 opening short
Ac0IL	r1b2r2/p6k/1p2pqpp/3nN1b1/3P3P/1BPQ2p1/P1R2PP1/4R1K1 w - - 0 26	h4g5 g3f2 c2f2 f6f2	1606	medium	advancedPawn advantage fork master middlegame short
O6v3g	r4rk1/pp3ppp/2q1pn2/3pb3/N7/4P3/PP1B1PPP/2RQ1RK1 b - - 5 14	c6d6 f2f4 e5b2 a4b2	1606	medium	advantage middlegame short trappedPiece
btZ2u	rnb1k2r/1p4p1/p1p5/3P1p2/3P3q/2N1PBp1/PP4P1/R1BQ1RK1 w kq - 0 16	f1e1 h4h1	1606	medium	master mate mateIn1 middlegame oneMove
iREXI	3rr1k1/6Pp/Q7/1p3p2/4b1q1/P2B3R/2P3P1/6RK w - - 4 34	a6b5 g4h3	1606	medium	mate mateIn1 middlegame oneMove pin
sXUHx	8/6R1/3rk1p1/6Rp/4Kp2/7P/5r2/3B4 b - - 0 45	d6d1 g5g6	1606	medium	endgame mate mateIn1 oneMove rookEndgame
2WfHT	r4b1k/ppqb3p/4pNp1/4P3/2pP2P1/2P2Q2/Pn2B2P/1R4K1 b - - 4 24	b2a4 b1b7 c7b7 f3b7	1607	medium	crushing middlegame short
EN4Ra	5r2/4qpk1/1p1pbRp1/2p3Q1/4P1P1/r2B1R1P/6P1/6K1 b - - 1 29	a3d3 f6g6 f7g6 g5e7	1607	medium	crushing discoveredAttack middlegame short
nUW7o	4k3/pp3p2/3BbR2/1p2R3/3PP3/7P/PP1n1KP1/5r2 w - - 1 31	f2e3 d2c4 e3e2 f1f6	1607	medium	advantage endgame fork short
CmsWw	5r2/2Q4p/2pr1kp1/Pp3p2/1P1B1P2/1B1q3P/4n1K1/4R3 b - - 0 43	d6d4 c7e5	1608	medium	master mate mateIn1 middlegame oneMove
ylZbj	5b2/p3R3/3Q4/3p1pk1/3P2pr/2P5/PP1q1PP1/R5K1 w - - 0 27	a1e1 d2e1 e7e1 f8d6	1608	medium	advantage endgame short
0ZU29	2b2rk1/p1p1r1pp/1p1p3q/3P1p2/1PPQ1R2/P5R1/1B4PP/6K1 b - - 5 27	f8f7 f4h4 f5f4 h4h6	1609	medium	crushing master masterVsMaster middlegame pin short
1XQBY	8/4kppp/4p3/1p6/4P3/1PPr2P1/5K1P/2R5 b - - 6 32	e7d6 f2e2 d3d5 e4d5	1609	medium	crushing endgame rookEndgame short trappedPiece
A5XeW	8/pb6/1p3k2/6q1/1PPNpp2/P6Q/5P2/5K2 b - - 3 40	g5e5 h3h8 f6g6 h8e5	1609	medium	crushing deflection endgame short skewer
JTt1R	2r2k2/1r2q3/4p2R/3pB1n1/pp1P2P1/P1PB2P1/1P6/2K5 b - - 0 34	f8f7 d3g6 f7g8 h6h8	1609	medium	mate mateIn2 middlegame operaMate pillsburysMate short
VoyBe	2r2n2/1p5k/3R2pp/4Qbq1/P5p1/2P5/PK3P2/7R b - - 0 31	f8d7 d6d7 f5d7 e5g5	1609	medium	crushing master middlegame pin short
8a3a3	1r1r2k1/p4p1p/3q1np1/2ppR3/4bQ2/1BP2N2/PP3PPP/3R2K1 b - - 9 23	f6h5 e5e8 d8e8 f4d6	1610	medium	advantage deflection discoveredAttack middlegame short
AgB94	4r1k1/1p3ppp/p7/3p4/6Pq/2P1nP1P/P6K/R2Q1RN1 w - - 1 26	f1e1 h4f2 h2h1 f2g2	1610	medium	mate mateIn2 middlegame short
JyzMO	r2qkbnr/pp2pppp/8/1N1P4/Q3pn2/8/PP3PPP/R4KNR b kq - 1 11	f7f6 b5d6	1610	medium	discoveredCheck doubleCheck mate mateIn1 oneMove opening
OCulN	5rk1/6bp/4p1p1/p2pp3/Pq1P4/2R5/6PP/2RQ3K w - - 0 27	d1g4 b4c3 g4e6 g8h8	1612	medium	crushing endgame short
1uSTl	2r2rk1/2pn1q1p/1p1p4/p4Np1/1PQ1n3/P3P3/1B3PPP/R4RK1 b - - 0 20	f7c4 f5h6	1613	medium	master masterVsMaster mate mateIn1 middlegame oneMove
QXdEd	2k5/p5pp/8/2p5/1p2r3/3K4/PPP1r1PP/R6R w - - 0 25	c2c3 c5c4	1613	medium	endgame mate mateIn1 oneMove rookEndgame
nwnX7	r2q1b1r/ppp1k1pp/2np1n2/4p1N1/3PP1b1/1QP5/PP3PPP/RNB1K2R b KQ - 4 8	a8b8 b3f7	1613	medium	mate mateIn1 oneMove opening swallowstailMate
v9g4K	r1bq3r/1pp2kp1/2n1pN1p/p1b5/2B5/P7/1PPP1PPP/R1BQ1RK1 b - - 0 10	d8f6 d1h5 f7g8 h5c5	1613	medium	advantage fork master middlegame short
8ohg5	r1b3k1/p4pp1/2N4p/3p2q1/Np1P2Pb/3Br3/PPQ5/2K3RR w - - 1 20	a4c5 e3e1	1614	medium	doubleCheck mate mateIn1 middlegame oneMove
VJiNY	2k4r/p1p1b1p1/2pqp1p1/3p1rP1/6Qp/1P1PPR1P/P1PN4/R1B3K1 w - - 3 19	c1b2 f5g5 g4g5 e7g5	1614	medium	advantage middlegame pin short
gVWQ0	2kr4/pp3pbp/4b1p1/q1pn4/2BN2P1/1PP2P2/PK1Q3P/3R3R w - - 0 20	d4e6 g7c3 d2c3 a5c3	1614	medium	crushing fork master middlegame short
sOK2h	2kr4/p1p2p1p/2p1N3/q3r3/2B5/1Q6/P4P2/1R3K2 b - - 2 27	f7e6 c4e6 e5e6 b3e6	1614	medium	advantage endgame master short
3V9Mc	7r/1p3R2/r2p3p/1N2k3/p2Nn3/P6P/1P4BK/8 b - - 0 26	d6d5 f7f5	1615	medium	master mate mateIn1 middlegame oneMove
A7Qs7	4r3/ppbN1p2/2p2Bnk/4P2p/8/6RP/PP3P1K/8 b - - 4 34	g6e5 f6g7 h6h7 d7f6	1615	medium	cornerMate endgame mate mateIn2 short
rSgGi	rn5r/pbp2pkp/1p4p1/4Q3/1b1p2Pq/2N2P2/PPPK2BP/R1B1R3 b - - 3 15	f7f6 e5c7 b8d7 c7d7	1615	medium	advantage fork middlegame short
vEfsz	r4rk1/ppp1qppp/2nb4/8/3P3P/P1N1P1P1/1P1BQP2/R3K2R w KQ - 1 17	c3d5 e7e4 d5f6 g7f6	1615	medium	advantage fork master middlegame short
1JMZy	5k2/7p/p1bb4/1p1p2p1/2p5/2P2rP1/PP5P/1B1RR1K1 w - - 0 30	b1e4 d6c5 g1h1 d5e4	1616	medium	crushing endgame master short
OAA7J	3r1rk1/p4pb1/1q5p/6p1/3PR3/1P2PQP1/P5BP/3R2K1 w - - 2 28	e4g4 f7f5 g4g5 h6g5	1616	medium	advantage middlegame short trappedPiece
ZWL4V	4k3/pp3pp1/2b1p2r/4Pn2/3p1P1b/1PN5/P4Q1P/R1B3RK w - - 0 27	f2g2 f5g3 h2g3 h4g3	1616	medium	discoveredAttack discoveredCheck kingsideAttack mate mateIn2 middlegame pin sacrifice short
f7uBB	2r3kr/4Qp2/2qp1NpP/p3p2n/1p2P2P/P4P2/1PP4R/2K3R1 b - - 5 25	h5f6 g1g6 f7g6 e7g7	1616	medium	kingsideAttack mate mateIn2 middlegame sacrifice short
fZ9aA	2kr1b1r/p1p3p1/5n2/QP5p/2P3b1/P3BNP1/4pPBP/R2qK2R w KQ - 1 17	a1d1 e2d1q	1616	medium	advancedPawn mate mateIn1 middlegame oneMove promotion
rywcH	3rr3/1pR3pp/p2p1nk1/3b1NB1/P3n1PP/8/1P6/R5K1 b - - 0 24	e4g5 c7g7	1616	medium	hookMate mate mateIn1 middlegame oneMove
7LT8U	5rkB/1pq2r1p/p5p1/3p4/3Qb2P/2P5/PP3RP1/5RK1 b - - 4 30	c7g3 d4g7 f7g7 f2f8	1617	medium	deflection kingsideAttack mate mateIn2 middlegame sacrifice short
8r4VS	r3r1k1/p2q1pp1/2p4p/3p4/8/2PB1Q2/Pb3PPP/3R1RK1 b - - 0 18	b2c3 d3f5 d7d6 f3c3	1617	medium	advantage discoveredAttack middlegame short
BORTX	8/2k5/2P2p1p/pB4pP/P2bp1P1/2r5/1p1K4/4R3 b - - 3 62	d4e3 d2c3 e3c1 c3c2	1617	medium	crushing endgame hangingPiece short
lhbud	8/8/1p2r3/p2p1N1k/P1pPr3/2P2K2/1P4R1/8 b - - 0 44	e6g6 f5g3 g6g3 g2g3	1617	medium	advantage endgame fork short
ppEdE	5r2/4bpkp/1qp3p1/p3p3/2BnP3/1PNP2nP/2PQ1RP1/R5K1 w - - 2 23	c3a4 d4e2 g1h2 b6f2	1617	medium	crushing deflection discoveredAttack kingsideAttack middlegame short
yU82H	5rk1/p1p3p1/4R1Qp/3q4/1b2N3/5PP1/1P4KP/8 b - - 0 30	b4d6 e4f6 f8f6 e6f6	1617	medium	advantage endgame master pin short
9CDev	2kr4/1p3p2/pbp5/3P1Nqp/PP2Pp2/5P1P/3Q1P2/2R3K1 w - - 1 29	g1h2 d8g8 f5e7 g5e7	1618	medium	advantage endgame quietMove short
CpsWU	r1bqkb1r/ppp3pp/1n6/8/2Q5/8/PPPP1PPP/RNB1R1K1 b - - 3 11	e8d7 c4e6	1618	medium	dovetailMate mate mateIn1 oneMove opening
HY8gO	4r2r/3kP1R1/3B1P2/p2p4/2p4p/2PnP2P/Pq4P1/5RK1 b - - 0 47	h8h6 f6f7 h6h8 f7f8q	1618	medium	advancedPawn advantage middlegame promotion short
ROyOJ	q7/2Q3k1/1p1p1rp1/r4pRp/4pP1P/2P5/PK6/6R1 b - - 0 32	g7h6 g5h5 g6h5 c7g7	1618	medium	endgame mate mateIn2 sacrifice short
xxDQW	3r2k1/1p1NRpb1/p6p/6p1/1q1n4/1P1Q4/5PPP/3R2K1 w - - 1 29	d1e1 d8d7 e7e8 g7f8	1618	medium	advantage master middlegame short
04mRD	6k1/Qppb2p1/6p1/6B1/4PR2/6q1/P1P5/6K1 w - - 2 27	g1f1 d7b5 c2c4 b5c4	1619	medium	balestraMate endgame mate mateIn2 short
qJA0F	2kr2r1/ppp1Q2p/2q3bb/8/3P4/2P2N1P/P4PPB/R4RK1 w - - 1 21	f3e5 c6g2 g1g2 g6e4	1619	medium	attraction discoveredCheck doubleCheck epauletteMate kingsideAttack mate mateIn2 middlegame pillsburysMate sacrifice short
AZ5C4	6Q1/2k1p2p/5n2/5q2/2pP4/3bPNK1/1P3PPP/2B4R w - - 9 20	g8g5 f6e4 g3h4 e4g5	1620	medium	crushing fork middlegame short
HxA8j	4r3/1k6/p5p1/KpR1p3/3p4/PP3P2/3N4/8 w - - 4 39	c5d5 b7c6 d5b5 a6b5	1620	medium	crushing endgame short trappedPiece
aB4im	8/3Q4/5p1k/4b1p1/p1p1q1Pp/P1P1B2P/1P3P2/6K1 w - - 2 45	d7e8 e5h2 g1h2 e4e8	1620	medium	crushing discoveredAttack endgame master short
bcflU	r2qk2r/1p2bppp/p1n1b3/3p4/P2P4/1Q3NP1/1P3PBP/R1B2RK1 w kq - 2 14	b3b7 c6a5 b7a8 d8a8	1620	medium	crushing master opening short trappedPiece
fkY2d	6r1/pq1b1Qpk/1p3B1p/5P2/6PP/8/P6K/2R5 b - - 0 37	b7f3 f7g6 h7h8 g6h6	1620	medium	deflection endgame mate mateIn2 pin short
d29Su	4rrk1/p3qp2/2p2n1R/n4QN1/3P1p2/2PB4/PP3KP1/R1B5 w - - 1 20	h6f6 e7e1 f2f3 e1g3	1621	medium	mate mateIn2 middlegame short
eUpH2	8/p5k1/2r3p1/4p1r1/PP1pBn2/7R/5PPP/4R1K1 w - - 9 40	h3g3 f4e2 g1f1 e2g3	1621	medium	advantage endgame short
8H466	5Q2/2k5/r2p4/2pP1Q1P/2n2pP1/8/1rK4R/3R4 w - - 2 40	c2c3 a6a3 c3c4 b2b4	1622	medium	master mate mateIn2 middlegame sacrifice short
Bg2Vn	2k2b1r/ppp1pppp/2n5/5b2/8/P2r1PP1/1PK3BP/RNB3NR w - - 0 12	g2h3 c6d4	1622	medium	master mate mateIn1 middlegame oneMove
KlFza	2b4r/5Q1p/p2kpp2/8/Nr6/1P6/P4qP1/1B1R3K b - - 1 24	d6e5 f7c7	1622	medium	master mate mateIn1 middlegame oneMove
cYAYJ	1b3r1k/6pp/RP6/8/8/5P1r/1PB5/3R3K w - - 0 34	h1g2 h3h2 g2g1 h2c2	1622	medium	advantage endgame short skewer
m5tUH	7r/4R2P/4PK2/2nk4/8/8/8/8 b - - 2 60	c5e6 e7d7 d5c5 f6e6	1622	medium	crushing deflection endgame short
vlvBZ	8/7k/2Q4p/3P1pp1/6K1/3q2PP/5P2/8 w - - 0 49	g4h5 d3f3 g3g4 f3h3	1622	medium	endgame mate mateIn2 queenEndgame short
4RZIp	1rb2r2/p4k2/4p3/3p1RQ1/3q2P1/3B4/P1P3P1/4R2K b - - 0 24	e6f5 e1e7	1623	medium	killBoxMate mate mateIn1 middlegame oneMove
5cGxp	8/3b3k/p2p2r1/3P1p2/2q4P/4Q3/P5P1/3B1R1K w - - 3 32	h4h5 c4f1 e3g1 f1g1	1623	medium	crushing endgame fork hangingPiece master short
L0QH1	4r3/1p3kp1/8/pQnpP3/8/P7/1PP3q1/1K1R4 b - - 6 26	c5e6 d1f1 g2f1 b5f1	1623	medium	advantage endgame master short
vscWd	R3kb1r/4p2p/1n1rBn2/4N3/1p1PP3/1P2P2p/3BK3/2R5 b k - 1 26	b6a8 c1c8 d6d8 e6f7	1623	medium	fork mate mateIn2 middlegame short
CSIeb	5rQk/2qbbr1P/p1nppp1p/8/Np1NPP2/1P2B3/1PP5/R3K1R1 b Q - 1 24	f8g8 h7g8q	1624	medium	advancedPawn kingsideAttack mate mateIn1 middlegame oneMove promotion
RXiLP	6k1/pp3p1p/3q2p1/6Q1/P3Rn2/2P4P/1P2K1P1/3r4 w - - 11 35	g5f4 d6d3 e2f2 d1f1	1624	medium	endgame killBoxMate mate mateIn2 short
RjWaI	1rrn2k1/4p2p/p3P1p1/2qP4/P1p5/2Q4P/P5BK/1R3R2 b - - 0 27	b8b1 f1f8 g8f8 c3h8	1624	medium	attraction master mate mateIn2 middlegame sacrifice short
lPqdp	r2qk2r/p4ppp/2p1b3/2ppPP2/7b/6BP/PPP3P1/RN1Q1RK1 b kq - 0 16	e6f5 g3h4 d8h4 f1f5	1624	medium	crushing intermezzo middlegame short
xnPj5	8/1pR2p2/2b1k3/2P5/3p1KpP/8/8/8 w - - 0 46	f4g4 d4d3 c7c6 b7c6	1624	medium	crushing endgame master masterVsMaster short
ZWE22	r5k1/3R1p1p/2Q1p1p1/q7/P1P5/7P/6P1/6K1 b - - 0 38	a5a4 d7d8 g8g7 c6a8	1625	medium	advantage endgame short
ixJlV	5rk1/Q2R1r1p/3R2p1/5p2/8/1p3q1P/P4P1K/8 w - - 0 39	a2b3 f3f4 h2g2 f4d6	1625	medium	crushing endgame short
Dfkje	r2qk2r/pp1n1p2/2pQpp1p/8/3P4/3B3P/PPP2PP1/R3R1K1 b kq - 0 16	d7b6 e1e6 f7e6 d3g6	1626	medium	mate mateIn2 middlegame sacrifice short
InK45	5r2/6bk/6p1/ppQ1pnp1/6P1/P1P4P/1r4BK/5R2 b - - 0 41	b2g2 h2g2 f5h4 g2g1	1626	medium	advantage defensiveMove endgame hangingPiece short
N8xxa	r2qkbnr/pp3pp1/2pp3p/3N4/2Q1P1b1/5N2/PP3PPP/R1B1R1K1 b kq - 0 13	c6d5 e4d5 f8e7 c4g4	1626	medium	advantage discoveredAttack discoveredCheck opening short
VLeJL	3rk2r/p4pQp/2p5/8/4P2N/5PPb/PBPq3P/R4K1R w k - 3 20	f1g1 d2e3	1626	medium	master mate mateIn1 middlegame oneMove
fitk3	r3k2r/pp3p2/2b1p1N1/2nNq2p/3RP2P/6Q1/PPP3P1/2KR4 b kq - 0 21	e5g3 d5f6	1626	medium	master mate mateIn1 middlegame oneMove
z57iJ	7r/pR1b4/7k/6p1/2PqBQ2/7P/P5P1/7K w - - 0 29	b7d7 d4a1 h1h2 g5f4	1626	medium	advantage endgame short
HUamg	r3kb1r/p3pppp/b1p1q3/3p4/1PnQ1N2/P1B2P2/2P3PP/2KR1B1R b kq - 3 17	e6e3 d4e3 c4e3 f1a6	1627	medium	crushing opening short
NNX5N	2b2rk1/6r1/4Rp2/p4Qp1/2pP4/P1q4P/5PPB/4R1K1 w - - 6 33	h2d6 c3e1 e6e1 c8f5	1627	medium	crushing middlegame short
WkT8W	r1b1kb1r/1p1p2pp/p1n1pq2/2P5/2N2p2/P2B4/3B1PPP/R2Q1RK1 b kq - 1 15	f8c5 d1h5 g7g6 h5c5	1627	medium	crushing fork master opening short
6cyzc	6k1/4p3/5n1Q/5Bp1/6P1/5P1K/3q4/8 b - - 2 67	d2f4 f5e6	1628	medium	balestraMate endgame master mate mateIn1 oneMove
70BBW	4r2k/7p/8/Q5p1/8/p5qP/6P1/R6K w - - 0 38	a5a3 e8e1 a1e1 g3a3	1628	medium	advantage deflection endgame short
i7dvK	2r1r1k1/1p3pp1/p1bbpq1p/3p4/P2P2N1/2P3RP/1PQB1PP1/R5K1 b - - 4 22	f6g6 g4h6 g6h6 d2h6	1628	medium	advantage kingsideAttack middlegame pin short
Cokt6	2kr1b1r/pp1bpppp/B7/2p5/3q4/2NP1QB1/PPP3PP/R6K b - - 7 16	d7c6 f3c6	1629	medium	mate mateIn1 middlegame oneMove pin queensideAttack
Q8TyO	r3kb1r/pp2qpp1/3p4/1b1Pn2p/3p4/P5PP/1P2NPB1/R1BQK2R w KQkq - 3 15	e2d4 e5f3	1629	medium	doubleCheck mate mateIn1 oneMove opening
OdAFd	2R5/3rkp2/4p1pB/4q3/8/1P3QPP/P4P1K/b2r4 b - - 0 34	e5e1 h6f8	1630	medium	mate mateIn1 middlegame morphysMate oneMove
ZIZVK	3r3k/p1rP1pp1/1p5p/2q5/3RPP2/7Q/P5PP/3R2K1 w - - 1 28	h3e3 c7d7 d4d7 c5e3	1630	medium	crushing endgame short
iN3Ji	7r/7n/5qpk/2NQ4/4P2P/3PK3/8/7R w - - 10 44	d5g5 h7g5 h4g5 h6g5	1630	medium	crushing endgame short
rfhaW	r2qk2r/pp2bp1p/3pbp2/2p3B1/3QP3/8/PPP1BPPP/R3K2R w KQkq - 0 11	d4a4 e6d7 e2b5 f6g5	1630	medium	advantage defensiveMove middlegame short
SoblA	rn1q1rk1/pb3ppp/1p6/2bpN3/Q1p2B2/6P1/PP2PPBP/R4RK1 w - - 0 13	e5c4 b7c6 a4c2 d5c4	1631	medium	crushing middlegame short
WbzC2	r5k1/1p2rp2/4pQp1/p2p4/P1q5/3nB2B/6PP/2R4K b - - 5 33	d3c1 e3h6 c4c3 f6c3	1631	medium	crushing master middlegame short
hGd6B	r1b1k2r/pp1ppBbp/2n3p1/q7/1P1N4/P1n1B3/2P2PPP/R2QK2R b KQkq - 0 10	e8d8 d4e6	1631	medium	mate mateIn1 oneMove opening pin
rrbtn	rnbq1rk1/ppp2ppp/8/8/1R1P4/8/P1P2PPP/2BQKBNR w K - 1 9	g1f3 d8e7 f1e2 e7b4	1631	medium	advantage fork opening short
37ZDo	5r1k/6p1/5p1p/1B2p3/1p2P3/3n2P1/1PR2P1P/7K b - - 3 35	f8d8 c2d2 d3f2 d2f2	1632	medium	advantage endgame short
DP8VM	6k1/6b1/6Q1/3Np1P1/4P1K1/5P2/6q1/8 w - - 5 48	g4f5 g2h3	1632	medium	endgame master mate mateIn1 oneMove
HwHlt	8/3RPp1p/4rkp1/3K4/6P1/8/8/8 b - - 6 43	e6e7 g4g5 f6g5 d7e7	1632	medium	crushing deflection endgame master rookEndgame short
af2Wk	8/1k3qpp/8/Bp1r1p2/3PnQ2/2p1P3/5PPP/R5K1 w - - 2 34	f2f3 g7g5 f4c7 f7c7	1632	medium	crushing endgame short
0t7U3	2r4r/pp3pkp/5p2/4qb2/2B5/PQ6/5PPP/3R1RK1 w - - 10 21	c4f7 f5c2 b3a2 c2d1	1633	medium	advantage fork master middlegame short
MJrS3	1Q6/pp4pk/3Rr3/7p/4p2q/2B1N2r/PPP2P2/5RK1 w - - 0 27	d6e6 h3h1 g1g2 h4h3	1633	medium	mate mateIn2 middlegame short triangleMate
Qh4OH	r4k1r/5ppp/4bq2/3p4/p3nP2/P1N5/BP2Q1PP/R3R2K w - - 2 25	a2d5 e4c3 b2c3 e6d5	1633	medium	advantage capturingDefender intermezzo middlegame short
eGxTA	5r1k/6pp/p7/P2RBp1Q/1q2n3/1p5P/5rP1/3R2K1 b - - 1 42	b3b2 e5g7 h8g8 g7f8	1633	medium	crushing middlegame short
8nmO8	6k1/6p1/3P2Qp/7P/6PK/Pr3r2/8/8 w - - 9 51	g4g5 f3f4	1634	medium	endgame mate mateIn1 oneMove queenRookEndgame
EFPYH	rnbq1rk1/ppp2ppp/3b1n2/3p4/3P1B2/1QN1P3/PP3PPP/R3KBNR w KQ - 3 8	c3d5 f6d5 f4d6 d8d6	1634	medium	advantage opening short
HX0EM	r7/1p1bkp2/p2Npq1n/2P1n3/3pP1p1/1P4P1/P2QNP2/R3KB2 w Q - 1 21	e2d4 e5f3 d4f3 f6a1	1634	medium	advantage discoveredAttack fork master masterVsMaster middlegame short
OX7Ru	1r3rk1/1R3p1p/1Q1b3q/2p2p1n/2Pp1P2/PN1P4/6PP/2B2RK1 w - - 11 25	b7b8 f8b8 b6c6 b8b3	1634	medium	advantage middlegame short skewer
mROed	1k5r/pP3pp1/3r4/2N4p/7P/3Rn1P1/PP4B1/6K1 b - - 0 24	d6d3 c5a6	1634	medium	endgame master masterVsMaster mate mateIn1 oneMove
PSFQI	r4rkb/p6p/4p1pP/2N3P1/2P2Pq1/3PBb2/PP3QB1/4R1K1 b - - 1 27	f8f4 e3f4 h8d4 f4e3	1635	medium	crushing master middlegame short
RSFIa	7r/3BQ3/3p1p1k/3P2p1/P2bP1P1/6PK/5r2/8 w - - 2 60	e7f7 h8h7 f7g8 h7d7	1635	medium	crushing endgame master masterVsMaster short skewer
RfCm3	r2qk1nr/pp3ppp/2n1b3/1BbN4/8/8/PPP2PPP/R1BQK1NR w KQkq - 3 8	d5e3 d8a5 c2c3 a5b5	1635	medium	advantage fork opening short
Sif5i	8/4R2R/6p1/6k1/8/p5K1/3q3P/8 b - - 0 46	a3a2 h2h4 g5f6 h7f7	1635	medium	blindSwineMate endgame mate mateIn2 queenRookEndgame short
kwRPK	8/5pk1/6pp/p4p2/5P2/4pqP1/P2Q1N1P/5RK1 w - - 0 38	d2d1 e3f2 f1f2 f3d1	1635	medium	advancedPawn crushing endgame master short
npN6Q	4rrk1/p1R2p1p/2p2Qp1/8/4N3/Pq6/6PP/5RK1 w - - 1 24	e4g5 b3b6 f6f2 b6c7	1635	medium	advantage fork middlegame short
XKsUR	5n1k/4Np2/p2p4/1p4PP/1P6/P3Q1K1/8/3q4 w - - 3 55	e3f4 d1e1 g3f3 e1e7	1636	medium	crushing endgame fork master short
iNSvI	1k1R1b1r/rp4pp/pN2p3/2P1p3/1nB1n3/4B3/P1P3PP/2K4R b - - 1 17	b8c7 d8c8	1636	medium	hookMate mate mateIn1 middlegame oneMove
ojBLX	8/1p3pk1/5p1p/p7/2P2QP1/r4N2/1q6/5R1K w - - 0 40	f3h4 a3h3 h1g1 h3h4	1636	medium	crushing endgame fork short
ElWCD	1r3rk1/4bppp/p3pn2/3p2B1/2pq3P/P1N3Q1/1PP2PP1/1R2R1K1 b - - 1 20	d4g4 g3g4 f6g4 g5e7	1637	medium	crushing middlegame short
R8sIF	4rk2/pp3p2/2pqb1pp/8/1P1P1R2/P2Q2PP/2B3P1/6K1 w - - 2 28	d3g6 d6f4 g3f4 f7g6	1637	medium	crushing endgame short
x3cgg	6k1/6r1/p2p1Q2/1p1P3P/q5P1/2P1p3/PP6/1K5R w - - 0 34	h5h6 a4e4 b1c1 e4h1	1637	medium	crushing endgame fork short
xbDEA	Bn6/p2k2pp/bp6/8/8/N2p4/PP1RrPPP/5K1R w - - 1 19	d2e2 d3d2 g2g3 d2d1q	1637	medium	advancedPawn crushing endgame pin promotion short
MmniG	8/7p/8/8/1KR5/4kr1r/6RP/8 b - - 0 55	f3f2 c4c3 e3e4 g2f2	1638	medium	crushing deflection endgame rookEndgame short
TC3Vt	8/p2k1p2/3pq3/3N4/2p2BK1/2N2P2/P5R1/8 w - - 7 41	g4h5 e6h3 h5g5 h3g2	1638	medium	advantage endgame fork short
VNpuE	r2qk2r/pp2bpp1/2p1p2p/4n3/3PbPPB/5B1P/PPPQ4/2KR2R1 w kq - 0 20	h4e7 e5f3 e7d8 f3d2	1638	medium	advantage fork hangingPiece middlegame short
eWS6P	1qr3k1/4Qp1p/r3b1pb/8/p2BB3/5P2/PPP3PP/1K1R3R w - - 0 21	e7f6 e6a2 b1a2 a6f6	1638	medium	advantage discoveredAttack master middlegame short
jOeSf	4R3/2r5/2r2pp1/2p2k1p/2Rpp2P/3P2P1/4PPK1/8 b - - 1 42	e4d3 e2e4 d4e3 c4f4	1638	medium	endgame master mate mateIn2 rookEndgame short
4hNRS	5rk1/p4pbp/3q2p1/3N4/1p2r1P1/1B5Q/P6P/5R1K b - - 2 36	f7f5 d5f6 g8h8 h3h7	1639	medium	discoveredCheck doubleCheck mate mateIn2 middlegame short
GzXN1	4r1k1/2R2pb1/1p1Qp1p1/pq2n2p/1B2PN1P/PP3PP1/6K1/8 w - - 0 31	a3a4 b5b4 d6b4 a5b4	1639	medium	advantage master middlegame short
RTKIh	8/8/3p1Qpk/p6p/P1PK1P1P/1P4q1/8/8 b - - 1 49	g3b3 f6h8	1639	medium	endgame mate mateIn1 oneMove queenEndgame
XgM6Z	r3kb1r/pQ1npppp/5n2/1B6/1q4b1/2N1B3/PPP3PP/2K3NR b kq - 0 11	a8b8 b7b8	1639	medium	mate mateIn1 middlegame oneMove pin
8W2vj	rnbq2k1/ppp2rpp/3p4/8/2B2Q2/8/PB3PPP/4R1K1 b - - 1 15	d8f8 f4f7 f8f7 e1e8	1640	medium	kingsideAttack mate mateIn2 middlegame pin sacrifice short
BceuX	1k6/1pp5/p7/P1N2R2/3nr2p/3P3P/1PPK1P2/6r1 w - - 0 40	d3e4 d4f5 e4f5 g1g5	1640	medium	crushing endgame short
pfNRI	5r1k/p5n1/1p1qp2p/4R1p1/2QP3r/2P2P2/P1P3PP/2N1R2K w - - 1 34	c1e2 d6e5 d4e5 h4c4	1640	medium	advantage master middlegame short
qqOSd	6k1/p5p1/1p5p/3pP3/3P3q/7P/PP3rPB/4Q2K b - - 1 32	h4d4 h2g1 f2f1 e1f1	1640	medium	crushing endgame short
sszsy	3r3r/2pkqp2/Q7/2p1b1p1/4P3/2n5/P3BPPP/3R2K1 b - - 2 26	c3d1 e2b5 c7c6 a6c6	1640	medium	dovetailMate mate mateIn2 middlegame short
1Ck4Y	r2qkn2/pp2bp2/2p1p1p1/3pPnNr/3P1PQp/2PB3P/PP3BP1/R4RK1 w q - 8 17	g5f3 f5h6 g4h5 g6h5	1641	medium	advantage master middlegame short trappedPiece
7o581	2k4r/2pR2p1/p1P3pr/1pb1P3/6pq/2N2Q1P/PPP2PK1/7R w - - 0 22	f3g4 h4f2	1641	medium	mate mateIn1 middlegame oneMove swallowstailMate
D7Xzd	r2q1rk1/1bp1bppp/p3p3/1p1n4/3nNN2/P2B3Q/1PPB2PP/R4RK1 b - - 1 15	d5f4 e4f6 g7f6 h3h7	1641	medium	kingsideAttack mate mateIn2 middlegame sacrifice short
V2Meo	r3kb1r/pp2pppp/2q5/8/6b1/5N2/PP1P1PPP/R1BQK2R w KQkq - 0 10	f3e5 c6e4 e1f1 g4d1	1641	medium	crushing fork middlegame short
qhBRa	6k1/p5pp/3p2r1/1P1Pp3/P1Q2b2/5q1P/5P2/3R1K1R w - - 0 32	h1g1 f3d1	1641	medium	endgame hangingPiece mate mateIn1 oneMove
OIGI1	5r1k/R1R3pp/4p2N/8/3Pn3/6P1/1r3PKP/8 w - - 2 27	c7g7 f8f2 g2h3 f2h2	1642	medium	advantage endgame short
zSeOE	r5k1/4q1pp/4p3/4Q3/1p1P3P/1Pr3P1/P7/R1R3K1 w - - 1 31	d4d5 e7c5 g1g2 c3c1	1642	medium	crushing endgame short
6ysAk	r5k1/4Bpp1/3Qp2p/4P3/4q3/1n5P/5PP1/3R2K1 b - - 1 30	a8a2 d6b8 g8h7 b8b3	1643	medium	crushing endgame fork short
RpGHQ	8/7P/8/4p3/p7/2k1KP2/P7/1q6 w - - 0 46	h7h8q b1e1	1643	medium	endgame mate mateIn1 oneMove queenEndgame
WoEXS	7k/p3q1pp/1p6/2p4Q/2P1r3/8/PP1R2PP/5qK1 w - - 0 37	g1f1 e4e1 f1f2 e7e3	1643	medium	endgame mate mateIn2 short triangleMate
z0S86	2r2rk1/pp2pp1p/3p2p1/3Pn3/qP6/P3QB1P/5PP1/2R2RK1 b - - 2 20	c8c2 f3d1 c2c1 d1a4	1643	medium	crushing master middlegame short
AdTYI	b4rk1/p5pp/4p3/3qP3/8/3N4/PP2Q1PP/2R4K w - - 1 28	c1f1 d5g2 e2g2 f8f1	1644	medium	endgame mate mateIn2 pin sacrifice short
QYDg5	r1b3k1/p3Q2p/4Pr1q/3P4/6p1/1P1n1pN1/PB3P1P/R4K2 w - - 0 31	e7f6 h6h3 f1g1 h3g2	1644	medium	master mate mateIn2 middlegame short
Ryxrn	r5k1/1R4p1/p1np1n1p/8/2P1P3/P1q4P/2P3P1/3Q1R1K b - - 0 23	f6e4 d1d5 g8h8 d5e4	1644	medium	crushing fork middlegame short
TCARS	6r1/1bq2ppk/p3rbnp/1pp1pN1Q/4P3/2P3RR/PPB2PPP/5NK1 b - - 13 25	g6f4 h5h6 g7h6 h3h6	1644	medium	mate mateIn2 middlegame sacrifice short
Z2pNT	5k2/pQ4pp/5p2/2pB4/2Pp1PP1/P5KP/1P6/4qb2 w - - 1 32	g3f3 e1e3	1644	medium	endgame master mate mateIn1 oneMove
aof7H	qn3k1r/4bpp1/pB6/3ppP1p/1p2n3/1P3B2/1PP1Q1PP/R4RK1 w - - 0 19	b6c7 a8a7 g1h1 a7c7	1644	medium	advantage fork middlegame short
djWHt	6k1/8/2p1P2p/3p2p1/2pP2P1/rrPb2BP/1n1R2B1/2R3K1 b - - 0 36	b3c3 c1c3 a3c3 d2b2	1644	medium	crushing middlegame short
dlSdw	2krr3/ppp2ppp/2nb4/8/Q1P1q3/P3P2P/1P3PP1/R1BB1RK1 w - - 2 16	b2b4 e4e5 g2g3 e5a1	1644	medium	advantage master middlegame short
h0fC8	8/4R1pp/4kn2/1pB5/1Pp3R1/5P1P/2r4r/5K2 b - - 7 31	e6d5 g4d4 d5c6 d4d6	1644	medium	endgame mate mateIn2 operaMate short
wCE0o	r1b3k1/pp2rpb1/2p2np1/3pP3/8/2NPBN2/PP6/1K1R3R w - - 0 24	e5f6 e7e3 f6g7 e3f3	1644	medium	advantage hangingPiece middlegame short
67WR6	r3kbnr/pp4pp/5p2/q1p1p3/1n1p4/1P1PPb2/PBPNN2P/R2QKB1R w KQkq - 0 13	d2f3 b4d3	1645	medium	discoveredCheck doubleCheck mate mateIn1 middlegame oneMove
9fhxj	5r1k/3q2pp/2p2p2/8/3P4/4N2P/r4PP1/1Q2R1K1 b - - 3 26	a2d2 b1b4 c6c5 b4d2	1645	medium	crushing endgame fork short
JE8CM	6r1/ppp2k2/1b6/4Pn2/3n1P2/2N5/PP1B2K1/R6R w - - 2 29	g2h3 g8g3 h3h2 d4f3	1645	medium	mate mateIn2 middlegame short
1EDS3	r1r4k/7p/5pp1/1nB5/1P2Pq2/7P/p1R3P1/Q1R4K w - - 4 47	c1f1 f4f1 a1f1 a2a1q	1646	medium	advancedPawn crushing master middlegame pin promotion short
4whCA	5k2/2p1n3/4rp1Q/6p1/2P5/1q2P3/5PPP/3R2K1 b - - 0 27	f8g8 d1d8 g8f7 d8f8	1646	medium	endgame killBoxMate mate mateIn2 short
507Ww	r4r1k/1p5B/p4pQp/2bpn1p1/8/2N3qb/PPP2PP1/R3NRK1 w - - 8 22	g6h6 e5f3 g1h1 g3h2	1647	medium	kingsideAttack mate mateIn2 middlegame pin short
L9YtS	r6k/p3br1n/b1p1pp1Q/2p5/3pP2P/2PP1N2/5PR1/1qN1K1R1 b - - 3 25	b1b8 g2g7 b8g8 g7g8	1647	medium	crushing kingsideAttack middlegame short
Ue6E0	r2q1bnr/ppNbkppp/2n5/2PQp3/5B2/4P3/PPP2PPP/R3KBNR b KQ - 0 8	e5f4 d5d6	1647	medium	mate mateIn1 oneMove opening
dsei4	5r1k/p7/4K1R1/5Q1p/1q1P3P/8/P4P2/6R1 b - - 0 47	f8f5 g6h6	1647	medium	endgame master mate mateIn1 oneMove queenRookEndgame
eHXy8	8/3b2k1/3p2pp/3PP3/2Bp2P1/qP3Q1P/7r/2RK4 b - - 0 38	d6e5 d5d6 h2h1 f3h1	1647	medium	advantage endgame short
lnVFl	r1b2rk1/p2pppbp/2p2np1/4q3/8/2PBBQ2/PP3PPP/RN3RK1 b - - 5 11	a8b8 e3f4 e5c5 f4b8	1647	medium	advantage opening short skewer
vuzWn	3r2k1/q4ppp/2B1p3/p7/2pP1QP1/2Pn3P/PRK2P2/8 w - - 1 28	b2b7 a7b7 c6b7 d3f4	1647	medium	crushing endgame short
1xHtt	q1r2r1k/6pp/p2N1p2/1p1np3/8/1P6/PQP1RPPP/5RK1 w - - 5 29	d6c8 d5f4 f2f3 f4e2	1648	medium	advantage kingsideAttack middlegame short
40Li5	4rk1r/1b3pqp/p2b4/1p1pnN2/5Q2/2P3P1/PPB2PP1/2KR3R b - - 0 23	e5c4 f5d6 c4d6 f4d6	1649	medium	crushing fork middlegame short
8Lfei	6k1/p1Brbr2/2p3p1/1p3p2/2pn1Q2/4N1PB/PP3PKP/8 w - - 2 29	c7e5 g6g5 f4d4 d7d4	1649	medium	advantage middlegame short trappedPiece
N3URG	2r2rk1/1p2bppp/8/3P4/pnQ2p2/4B3/PPP3PP/N1K4R w - - 1 22	c4f4 b4d3 c1b1 d3f4	1649	medium	advantage middlegame pin short
NojPT	4k3/1R2p2p/3pN1p1/2pP2P1/2Pb1p2/4r2P/3K4/8 b - - 5 49	f4f3 b7b8 e8d7 b8d8	1649	medium	endgame hookMate mate mateIn2 short
tZhPh	1r4k1/1q3ppp/4p3/3p4/n7/4PP1P/1pQ3P1/1R1R2K1 b - - 5 31	b7b4 d1d4 b4c3 c2a4	1649	medium	advantage endgame short
2htuG	8/5R2/p3r1kb/Pp1K1R2/2p4P/3n4/1P6/8 b - - 4 37	d3f4 f5f4 h6f4 d5e6	1650	medium	advantage endgame short
bc2eE	8/8/5p2/R5PP/4Bp2/1P2bPk1/P5r1/3K4 w - - 11 55	d1e1 e3d2 e1d1 d2a5	1650	medium	advantage endgame fork short
yxyxN	Q5k1/5p2/4rP1p/3p4/2pP4/1pP1q2P/6P1/5R1K b - - 9 37	g8h7 a8f8 e6f6 f1f6	1650	medium	crushing endgame short
edAVy	k1r5/pR2q2p/2r2np1/3p1p2/3P1P2/1Q2PP2/P6P/KR6 b - - 0 26	e7d6 b7a7 a8a7 b3b7	1651	medium	attraction mate mateIn2 middlegame queensideAttack sacrifice short
9e0RR	5rk1/3q1ppp/2nB4/1p6/r2PP3/1Q3R2/P1P3PP/5RK1 b - - 0 23	d7d6 f3f7 a4c4 f7f8	1652	medium	crushing middlegame pin short
NG3SS	r7/5R2/p3p3/1p1qP1bk/2p4r/2P3QP/PP4P1/5RK1 b - - 0 35	a8g8 f7h7 h5g6 h7h4	1652	medium	crushing deflection middlegame pin short
P5npl	r4r2/ppq1k1Qp/4p1bp/PP6/2B1P1P1/8/3b3P/R4R1K b - - 2 27	e7d6 e4e5 d6c5 g7c7	1652	medium	crushing deflection middlegame short
Rlj8m	8/8/3p4/8/P2P4/3k1q2/2R1R3/5K2 w - - 4 65	e2f2 f3h1	1652	medium	endgame mate mateIn1 oneMove queenRookEndgame
gQS7d	3qr1k1/QRp2pp1/7p/2Pp4/3P4/2n1PN1P/P4PP1/6K1 w - - 1 25	b7c7 c3b5 a7b7 b5c7	1652	medium	advantage endgame fork short
rnp2a	2r5/5pkp/6p1/8/1pB2n2/1P3P2/5P1P/2R2K2 w - - 4 32	f1e1 f4d3 e1d2 d3c1	1652	medium	crushing endgame short
BXXXi	r2q1rk1/pppb2pp/2n2p2/4b3/4Q3/2NB1N2/PP3PPP/2KR3R b - - 3 14	f6f5 e4d5 g8h8 f3e5	1653	medium	crushing kingsideAttack middlegame short
cnDgf	k5r1/3BPp2/p7/8/p3b3/n5Q1/Pq4PP/3R3K b - - 0 33	g8g3 e7e8q a8a7 e8e4	1653	medium	advancedPawn advantage endgame fork promotion short
sKiHl	r7/pp3k2/2p2n1p/5Q2/3q4/2N5/PP4PP/4R2K w - - 1 23	c3e4 a8e8 e1f1 e8e4	1653	medium	advantage endgame master masterVsMaster short
RyNQs	r4rk1/6pp/2B5/p2p4/2bP4/2Q4P/q5P1/1R2R2K b - - 3 32	a8d8 b1b2 a2b2 c3b2	1654	medium	crushing middlegame short trappedPiece
QtmwA	r1b2rk1/ppb2ppp/8/2p1q3/8/1B3Q1P/PPP2PP1/R1B2RK1 w - - 0 15	f1e1 e5e1	1655	medium	hangingPiece kingsideAttack mate mateIn1 middlegame oneMove
daY8m	4rrk1/pp4bp/nqpp2p1/7n/2PP1Pb1/P1NQB1P1/1P2N1BK/R4R2 b - - 4 18	b6b2 f1b1 b2a1 b1a1	1655	medium	advantage middlegame short trappedPiece
pxDvU	6k1/5p1p/p5pB/3Q4/1p6/2b4P/P4PPK/4q3 b - - 5 35	c3e5 f2f4 e5f4 h6f4	1655	medium	crushing defensiveMove endgame short
u2MtW	r1bq1rk1/1p4b1/p1n1p1Q1/3p4/3P4/2N1PPP1/PP4P1/1BR1K2R b K - 0 18	f8f6 h1h8 g8h8 g6h7	1655	medium	attraction kingsideAttack mate mateIn2 middlegame pin sacrifice short
6Ehcz	8/4k3/1p3p1q/p1p5/P1PpP1Q1/1P1n4/5KR1/4N2r w - - 0 50	e1d3 h6e3	1657	medium	endgame master mate mateIn1 oneMove
IuMJU	6k1/1p3p2/2b2Qp1/2K1P3/2B5/q5P1/P7/8 w - - 2 48	c5b6 a3b4 b6c7 b4c4	1657	medium	crushing endgame fork master masterVsMaster short
UB9I0	3r3k/6Rp/6pP/2p1Bp2/p7/P1r5/5PK1/8 b - - 9 40	c3d3 g7g6	1657	medium	discoveredAttack discoveredCheck endgame mate mateIn1 oneMove
bonCh	6k1/5ppp/6b1/p1Nn4/3P4/2P3P1/Pr1K4/4RR2 w - - 0 26	d2d1 d5c3 d1c1 b2c2	1657	medium	endgame mate mateIn2 operaMate short vukovicMate
XfksC	1r4r1/pp5b/8/2pP3R/2P2kp1/1P4N1/P4PB1/6K1 b - - 2 38	h7b1 g3e2	1658	medium	endgame master mate mateIn1 oneMove
aTGsL	3k4/R2R4/1p1p4/6p1/2n5/8/PPP3br/2K5 b - - 1 25	d8c8 a7c7 c8b8 c7c4	1658	medium	advantage endgame fork short
Hm8bb	4nr1k/R6p/4Qp2/2Bp4/5P2/1q2P3/2r3PP/5RK1 b - - 0 26	c2c5 e6e7 b3e3 e7e3	1659	medium	crushing fork middlegame short
PjCjS	R3N1k1/5rQp/1p1p2p1/2nP2q1/2P1p3/7P/4BPP1/6K1 b - - 6 33	f7g7 e8d6 g5d8 a8d8	1659	medium	discoveredAttack discoveredCheck endgame mate mateIn2 short
bBbdF	1bb1r2k/2q2pp1/p6p/Pp6/4BP2/2PQ1R1P/1P4P1/5RK1 w - - 7 33	e4a8 c7a7 g1h1 a7a8	1659	medium	advantage fork middlegame short
uKmdL	r1b2rk1/2q2ppp/ppn5/2bn4/8/1P3P2/PBPQ2PP/1K1R1BNR w - - 0 14	d2d5 f8d8 d5d8 c6d8	1659	medium	crushing opening short
vqwwx	8/7P/2k5/p3b1r1/6P1/2P5/K5R1/8 b - - 0 42	e5c3 g2c2 g5c5 c2c3	1659	medium	crushing endgame pin short
84fUy	1QQ5/3Bb3/3p4/2p1p3/3k2Kp/7P/5Pq1/8 w - - 0 48	g4f5 g2g5 f5e6 g5f6	1660	medium	endgame epauletteMate mate mateIn2 short
RlJjB	r3r1k1/q3p3/p2p2p1/1p1Nb1N1/4P3/2P4Q/PP3RP1/7K b - - 0 30	a7f2 h3h7 g8f8 g5e6	1660	medium	cornerMate mate mateIn2 middlegame short
jWTda	r3kb1r/p1p3p1/2p1P3/3N3p/3Q2n1/5R2/PPq3PP/R1B3K1 b kq - 0 18	f8c5 d5c7 e8e7 f3f7	1660	medium	fork mate mateIn2 middlegame short
jzbcR	8/5p2/5p1p/5p2/4kP2/1pn1P1P1/3R1K1P/r4B2 b - - 2 31	a1a2 f1g2	1660	medium	endgame master mate mateIn1 oneMove
q39yW	b5k1/5r1p/p3pqp1/1p6/2pP1nQ1/2P2N2/PPB3PP/5RK1 w - - 4 30	f3e5 f4h3 g2h3 f6f1	1660	medium	discoveredAttack kingsideAttack mate mateIn2 middlegame short
I4hoX	6k1/1B3p1p/6p1/p4p2/8/2P4P/rPK3P1/8 b - - 2 34	a5a4 c2b1 a2a3 b2a3	1662	medium	crushing endgame short trappedPiece
NAC7x	4r3/p1p2pkp/2q3p1/2p1pP2/N2rPn2/1P2Q2P/P1PN3K/3R1R2 w - - 3 25	c2c3 d4d3 e3d3 f4d3	1662	medium	advantage master middlegame short
erpCI	r5k1/pb3ppp/1pNP1b2/2p5/6qP/3Q2P1/PP2rPB1/R2R2K1 b - - 2 21	b7c6 g2c6 a8d8 c6f3	1662	medium	crushing middlegame short
0xYae	2kr3r/ppp2ppp/3bb3/q7/3R4/2N1BQ2/PPP2PPP/R5K1 b - - 2 13	d6e5 d4a4 e5c3 a4a5	1663	medium	advantage middlegame short trappedPiece
3W606	3rr1k1/8/3q2p1/1p2pR1p/1P4Q1/2BPb3/6PP/5R1K w - - 0 35	g4g3 e3f4 f1f4 e5f4	1663	medium	crushing master masterVsMaster middlegame short
IPzF8	r1b1kbnr/pp1pqppp/8/2pPn3/5B2/2P5/PP3PPP/RN1QKBNR w KQkq - 3 7	c3c4 e5f3	1663	medium	doubleCheck mate mateIn1 oneMove opening
K6f9w	5rrk/8/bp2p3/3pP3/p2P1Nqp/P1P1QRP1/1P4K1/7R w - - 0 37	f4g6 g4g6 h1h4 h8g7	1663	medium	advantage defensiveMove middlegame pin short
aZ3r6	8/3K1kp1/7p/R7/P3Q3/2q5/8/8 b - - 2 65	c3a5 e4e6 f7f8 e6e8	1663	medium	endgame mate mateIn2 queenEndgame short
nb911	3r2k1/5ppp/2p1p3/p1n1P3/1p3P2/1P1R3P/3BK1P1/3R4 b - - 0 29	c5d3 d2e3 d3f4 e3f4	1663	medium	advantage endgame quietMove short
9x5Wt	2kr3r/pp1nq1p1/2p1P1p1/8/4PBpP/P7/1P2QPP1/2R2RK1 b - - 0 21	e7h4 c1c6 b7c6 e2a6	1664	medium	mate mateIn2 middlegame queensideAttack sacrifice short
UZCwf	2kr1bnr/ppp2ppp/4p3/8/2PqN3/1P3Q2/P2B1P1P/2KR1BR1 w - - 2 19	f1g2 f8a3 c1b1 d4b2	1664	medium	mate mateIn2 middlegame queensideAttack short
ZZuGR	r1b1k1nr/p2pppbp/2n3p1/1pq1P3/2N5/1P3N2/PBP2PPP/R2QKB1R w KQkq - 0 10	b2d4 c6d4 d1d4 c5d4	1664	medium	advantage opening short
dmuhw	r3Q3/1p3Rbk/2p3qp/p7/P2pN3/6Pb/1P5B/1K3R2 w - - 0 31	f1f6 a8e8 f6g6 h7g6	1664	medium	crushing middlegame pin short
fEsvA	2r4k/2p4p/1p1P2p1/p7/4p3/8/P5PP/2R4K b - - 0 34	h8g7 c1c7 g7f6 c7c8	1664	medium	crushing endgame rookEndgame short
jCA44	r1bqk2r/ppp2ppp/4pn2/8/QbBnP3/2N1B3/PP3PPP/R3K1NR b KQkq - 1 8	d8d7 a4d7 c8d7 e3d4	1664	medium	advantage opening short
mvlga	2k1Q3/p1p2ppp/1pnr1q2/8/8/2N5/PPP2PPP/R5K1 b - - 0 18	c8b7 c3e4 f6f5 e4d6	1664	medium	advantage endgame fork short
7xqXA	r2r3k/pp4p1/2p2NQp/q1b5/2B3b1/P7/R4PPP/5RK1 b - - 1 21	g7f6 g6h6	1665	medium	kingsideAttack mate mateIn1 middlegame oneMove
S5HYk	1r5k/R6p/1r6/7q/1pPpNp2/4bP2/1Q4PP/3R3K w - - 0 38	d1d4 h5h2 h1h2 b6h6	1665	medium	attraction master mate mateIn2 middlegame pillsburysMate sacrifice short
fKTlA	r1bq1N2/ppp1rQpk/2np1n1B/8/3P4/2P5/P4PPP/R4RK1 b - - 4 18	h7h8 h6g7	1665	medium	kingsideAttack mate mateIn1 middlegame oneMove
lDFOK	rnb1k2r/ppp2p2/4pq1p/4N3/3P4/2bB4/PPP2RpP/R2Q2K1 b kq - 1 14	c3d4 d3b5 c7c6 d1d4	1665	medium	advantage discoveredAttack middlegame short
4UxZi	rnb1qbr1/pp2pN1k/2ppP2B/3n2pQ/8/8/PPP2PPP/RN2K2R b KQ - 1 15	d5f4 f7g5 g8g5 h5e8	1666	medium	advantage discoveredAttack opening short
PX1zf	8/7R/p2p1Npk/1p1R1p2/1Pn5/2q2PK1/6PP/8 b - - 4 41	h6g5 f6e4	1666	medium	endgame mate mateIn1 oneMove pin
RD67F	2r2r1k/4p1bp/1p2p1p1/2q5/Ppn1B3/1Q2N2P/1P3PP1/2RR2K1 b - - 1 27	c5e5 c1c4 c8c4 b3c4	1666	medium	crushing middlegame short
UIBDg	r2qk2r/nb3pQp/p2p4/1p4P1/2p5/2P5/PPn1B1PP/R4RK1 b kq - 0 17	c2a1 g7f7	1666	medium	attackingF2F7 mate mateIn1 middlegame oneMove
d4Ibu	r1b2rk1/1p3ppp/1n6/pN6/1b5q/1B3Q1P/PP1B1PP1/R3R1K1 b - - 3 17	b4d2 f3f7 f8f7 e1e8	1666	medium	kingsideAttack mate mateIn2 middlegame pin sacrifice short
DNBm1	rnbq1rk1/4ppbp/2pp1np1/1p6/1P2P3/2NP1N2/B1P2PPP/R1BQ1RK1 b - - 0 10	c8g4 a2f7 f8f7 a1a8	1667	medium	advantage discoveredAttack middlegame short
DTIrm	r1b1r3/2pp4/pb2k2B/1p1nP1Q1/3n4/8/PPB2PPP/RN4K1 w - - 7 24	f2f4 d4f3 g1h1 f3g5	1667	medium	advantage doubleCheck middlegame short
Lpcit	8/1pk2pR1/p4R2/3PpP2/P7/1r1rK3/7P/8 w - - 0 38	e3e4 d3e3	1667	medium	endgame mate mateIn1 oneMove rookEndgame
V4bJU	1nkr4/R2r1ppp/1Ppp1q2/1p2p3/1P2P1Q1/7P/1BP2PP1/5RK1 b - - 5 22	f6g6 a7c7	1667	medium	collinearMove epauletteMate mate mateIn1 middlegame oneMove
rSoHq	5K2/5R2/6pk/7p/7P/6P1/5r2/8 b - - 1 53	f2g2 f8g8 g6g5 f7f6	1667	medium	endgame mate mateIn2 rookEndgame short
ymPGJ	8/p3bkpp/8/5b2/3P4/KP2B1RP/P1r2P2/6R1 w - - 5 29	a3a4 f5d7 a4a5 c2a2	1667	medium	endgame mate mateIn2 pillsburysMate short
QtxNb	r1bq1b1r/p1Npkpp1/1pn2n1p/6B1/4P3/6Q1/PPP2PPP/2KR1BNR b - - 5 12	h6g5 g3d6	1668	medium	master mate mateIn1 oneMove opening
cBFFo	5B2/2R5/4p1p1/1ppkP1Pp/3r4/p3K2P/8/8 b - - 1 48	a3a2 c7c5	1668	medium	endgame mate mateIn1 oneMove operaMate
oXeOt	4k3/p5Q1/1p6/4p2P/1P1p1b2/P4P1q/8/3R2K1 w - - 5 41	g7g4 f4e3	1668	medium	balestraMate endgame mate mateIn1 oneMove
LGJm3	r1b2br1/2qp1N1p/p1nNpkp1/1pp5/8/1P3Q2/P1PP1PPP/R3KB1R b KQ - 1 13	f6g7 d6e8	1669	medium	cornerMate master mate mateIn1 middlegame oneMove
YM0H6	3r3k/p5b1/1p2Q3/3p3p/2q4P/K1B5/PP3rP1/R6R b - - 1 27	b6b5 e6h6 h8g8 h6g7	1670	medium	mate mateIn2 middlegame pin short
fpdtM	r5k1/2q3p1/1ppb1B1p/3P4/6Q1/Pp4P1/5PKP/4R3 b - - 0 27	d6f8 e1e7 c7e7 f6e7	1670	medium	advantage endgame pin short
5XeAJ	1rr3k1/7p/pP2p1p1/5p2/4bP1Q/PqP1B3/1P1R2PP/2K3NR w - - 1 22	b6b7 c8c3 b2c3 b3b1	1671	medium	mate mateIn2 middlegame queensideAttack sacrifice short
oN2FK	r4rk1/6pp/8/pp2pP2/3pq3/5R1P/PPPQ2P1/R5K1 b - - 1 22	f8f5 a1e1 e4f3 g2f3	1671	medium	crushing endgame short
uuc5E	7k/pQ5p/8/3pP3/4q3/2P5/P1K2PP1/8 w - - 1 37	c2b3 e4b1 b3a4 b1b7	1671	medium	crushing endgame master queenEndgame short skewer
w1yOF	3q1rk1/1R4pp/3p4/p4b2/3p4/P2Pn1B1/P3B1PP/2Q3K1 b - - 0 23	d8a8 c1c7 a8b7 c7b7	1671	medium	crushing master middlegame short
6nN7b	3r2k1/1pq2pp1/p3b2p/n2P3Q/P1p1N3/8/B1P2PPP/3R2K1 b - - 0 22	e6c8 d5d6 c7c6 h5a5	1672	medium	crushing discoveredAttack master middlegame short
OQF3N	6k1/5pr1/b6P/p2p1B2/1pqP1RN1/4P1Q1/P4K2/8 w - - 1 38	h6g7 c4f1	1672	medium	endgame mate mateIn1 oneMove swallowstailMate
WGJeU	r1b1kr2/p2p2pp/3p4/3Bp3/1p1n2q1/2NP4/PPPQ2PP/R1B3KR w q - 0 15	d2d1 g4d1 c3d1 d4e2	1672	medium	cornerMate kingsideAttack mate mateIn2 opening short
kC1O0	5rk1/3p3p/2p1p1p1/3q4/Q2PRr2/2P2P2/2P3PP/5RK1 w - - 1 29	e4e5 d5e5 d4e5 f4a4	1672	medium	crushing endgame short
zaZ1L	r2qkb1r/4pppp/p1n5/1p5b/6n1/1B3N1P/PPPP1PK1/RNBQ1R2 b kq - 1 11	g4e5 f3e5 c6e5 d1h5	1672	medium	advantage discoveredAttack middlegame short
6c0sR	2r1k2r/pQp1np1p/3b1p2/3p1q2/3P4/2P2P2/PP3P2/RN2RK2 b k - 2 16	f5f3 b7c8	1673	medium	mate mateIn1 middlegame oneMove pin
PWzrM	2rr2k1/1R2ppbp/5np1/2q1B3/3N4/4P2P/2P2PP1/Q4RK1 w - - 3 21	f1b1 c5e5 d4c6 e5a1	1673	medium	advantage hangingPiece middlegame short
bDQhO	r2qr1kb/2pbpp1p/p1np1nPB/6N1/1p1P4/2N1P2P/PPPQ2P1/2KR1B1R b - - 0 13	b4c3 g6f7	1673	medium	advancedPawn kingsideAttack mate mateIn1 middlegame oneMove
1f1d5	r1bq1r1k/pp2n1pB/2nbp3/2ppp2Q/3P1P2/2P1P2R/PP1N2PP/R1B3K1 b - - 1 13	f8f6 h7g6 h8g8 h5h8	1674	medium	discoveredAttack discoveredCheck kingsideAttack mate mateIn2 middlegame short
2evR5	1r6/5pp1/p3P3/3R1k2/Pr3P2/7P/8/3R2K1 b - - 0 35	f5e6 d5e5 e6f6 d1d6	1674	medium	endgame mate mateIn2 rookEndgame short
K66HZ	8/2R4p/P7/1P2p1p1/8/r2k2P1/2p2PKP/8 w - - 0 47	a6a7 a3a7 c7a7 c2c1q	1674	medium	advancedPawn advantage deflection endgame promotion rookEndgame short
1zqEF	r4r1k/pbp1R2p/1p4p1/8/2Bq4/6Q1/PP3PPP/4R1K1 w - - 0 24	g3c7 d4f2 g1h1 b7g2	1675	medium	mate mateIn2 middlegame short
TBtzf	1r3rk1/4bp2/bqnp3P/2p1p3/4Pn2/N1PP1N2/BPK2P2/R5QR b - - 8 22	f4g6 g1g6 g8h8 g6g7	1675	medium	kingsideAttack mate mateIn2 middlegame pin short
hNFgE	2rk1b2/pp1n1Qp1/4pp1r/3p3N/3P3P/2B2N2/qP3PP1/2KR3R w - - 4 20	h1e1 c8c3 b2c3 f8a3	1675	medium	mate mateIn2 middlegame queensideAttack sacrifice short
wYmy1	4kB2/2p2p2/4pP2/3p4/P2bbP2/6r1/P3PRB1/2R3K1 w - - 0 25	f8c5 g3g2 g1f1 g2f2	1675	medium	advantage master middlegame pin short
1qzwb	8/4Bp1k/6p1/7p/3q2n1/6N1/Q5PP/1B4K1 w - - 2 34	g1f1 d4d1	1676	medium	endgame master mate mateIn1 oneMove
tq7IG	5r1k/7p/5N2/2q1P3/1p1pp3/3b4/PQ3PR1/K7 b - - 0 34	c5e5 f6d7 e5d6 d7f8	1676	medium	advantage endgame fork master short
KN8K2	3r2k1/3r2Bp/2b1p3/ppbq1p1N/5P1n/P3P3/2B1RRPP/1Q4K1 b - - 0 36	h4g2 h5f6 g8g7 f6d5	1677	medium	crushing fork middlegame short
pgvrp	rnr5/pp2k1bp/2p1ppp1/5q2/2BP4/2P5/PP2QPPP/R3K2R b KQ - 3 15	c8d8 g2g4 f5d5 c4d5	1677	medium	advantage middlegame pin short
rooWJ	7k/5p1P/3qpnp1/3p2p1/p1rP2P1/PrNR1P2/1P2Q3/K6R w - - 3 32	c3a4 b3d3 e2d3 c4a4	1677	medium	advantage intermezzo middlegame short
6SQRn	2k5/p1p2p2/1pQ5/4pN2/4Pn2/P2P4/KPP2P1p/3q4 b - - 3 36	h2h1q f5d6 c8d8 c6e8	1678	medium	endgame mate mateIn2 pin queensideAttack short
OjZzJ	5k2/2R2B2/pr4p1/4ppNp/1b6/4PPP1/2b2KP1/8 b - - 5 42	b4d6 g5e6	1678	medium	endgame master mate mateIn1 oneMove
P6BeP	r4rk1/5ppp/p1bNp3/1p1nP1q1/8/1B6/PP2QPPP/3RR1K1 w - - 1 19	g1h1 d5f4 f2f3 f4e2	1678	medium	advantage master middlegame short
Tg5Yn	5r2/4qPkp/6p1/3Q2b1/6N1/7P/6P1/5R1K b - - 0 40	f8f7 f1f7 e7f7 d5g5	1678	medium	crushing endgame fork short
oLYDB	5rk1/3q1pp1/1rp1p2p/p2pP2N/6R1/1P6/P3nPPP/2Q2R1K b - - 3 25	e2c1 h5f6 g8h8 f6d7	1678	medium	advantage middlegame pin short
q3XoE	r1b2rk1/1p1nq1pp/p1p2n2/2Pp1pN1/3P4/2BBPQ2/PP3PPP/R3K2R w KQ - 3 14	f3f5 d7c5 d4c5 c8f5	1678	medium	advantage discoveredAttack middlegame short
2nQMk	2r3k1/pb2Bpbp/1p4p1/2P1p3/1P1rP3/2N4P/P4PP1/2R1R1K1 b - - 0 19	d4b4 c5c6 c8c6 e7b4	1679	medium	crushing discoveredAttack middlegame short
sxvzh	8/1bk1b3/4p2p/7r/2p1N3/2P3P1/2B5/1R3RK1 w - - 2 36	e4d2 e7c5 f1f2 h5h1	1679	medium	master mate mateIn2 middlegame operaMate pin short
t8pgZ	7k/1b6/p6Q/8/1p1b4/3B3P/Pq4P1/7K b - - 0 35	h8g8 d3c4 b7d5 c4d5	1679	medium	balestraMate endgame mate mateIn2 short
uNaIv	8/p2R1R2/kpn2Br1/2p1p3/2P2rpP/1P6/P5K1/8 w - - 7 46	f6e5 f4f7 d7f7 c6e5	1679	medium	advantage endgame intermezzo short
1jP2v	2r2rk1/p2R1p1p/1pnRp1p1/8/4P3/2P2P2/P3N1PP/6K1 b - - 0 24	f8d8 d6c6 d8d7 c6c8	1680	medium	advantage endgame short
Za1Ys	3r1rk1/p4ppp/1p3n2/2q5/1N6/2P1p3/PPQ1BPPP/1R2K2R w K - 0 23	e1g1 d8d2 c2d2 e3d2	1680	medium	advancedPawn advantage middlegame short
hjjNS	6k1/pp5R/3P4/8/2P5/5np1/P1B2r2/7K w - - 4 47	d6d7 g3g2	1680	medium	advancedPawn endgame mate mateIn1 oneMove
P9C1E	R7/2rb1k1p/1p1QpppP/1P1p4/2q5/6P1/4P1BK/8 b - - 2 35	c4c5 a8f8	1682	medium	endgame killBoxMate master masterVsMaster mate mateIn1 oneMove
U0j8Q	4k1r1/3qb3/p1r1NnBQ/1p1p4/8/P1N5/1PP3PP/2K1R3 b - - 2 23	g8g6 h6g6	1682	medium	hangingPiece master mate mateIn1 middlegame oneMove
jYUR1	1rb4k/p1p3pp/1pNp1r2/3Bn3/4Pp1q/2P2P2/PP4PP/R2Q2RK w - - 11 26	c6e5 h4h2 h1h2 f6h6	1682	medium	attraction kingsideAttack mate mateIn2 middlegame sacrifice short
di52d	8/6p1/5nkp/2R1p1p1/r3P3/2Q3PP/5PB1/1q4K1 w - - 4 35	g1h2 a4a1 c3a1 b1a1	1683	medium	advantage endgame master quietMove short
fWCKW	2kr3r/ppp1npp1/2p4p/b3P3/4BP2/Pq2B1Q1/6PP/R4RK1 b - - 1 18	e7d5 e4f5 d8d7 f5d7	1683	medium	advantage middlegame queensideAttack short
iT7G4	2k5/p1p2p1p/2N2bp1/1p2p3/8/2P2P2/PPr2P1P/1R2K3 b - - 3 24	c8b7 c6b4 c2b2 b1b2	1684	medium	advantage endgame short trappedPiece
lygqk	5r1k/6Rp/1p6/p1b2N2/P1P2K2/4P2P/8/8 w - - 1 49	e3e4 f8f5 f4f5 h8g7	1684	medium	crushing endgame master short
BQkS7	8/pQ5p/1p2p1k1/P3p3/2P1P3/2KB2P1/4Rr2/2q5 w - - 3 39	e2c2 c1a3	1685	medium	endgame master mate mateIn1 oneMove
SqNfI	r3r1k1/pp1b3p/1bp5/3p3P/7P/1P1P1R2/PBP5/5R1K b - - 0 27	e8f8 f3g3 d7g4 g3g4	1686	medium	mate mateIn2 middlegame pillsburysMate short
EntLx	8/6pk/p7/5KP1/1R5p/rp6/8/8 b - - 1 44	b3b2 g5g6 h7h8 b4b8	1687	medium	endgame mate mateIn2 rookEndgame short
IhwkK	r1bqk2r/pp2bp2/2n3p1/1B6/5N1P/4p3/PP1P1PP1/R1BQK2R w KQkq - 0 14	d2e3 d8a5 c1d2 a5b5	1687	medium	advantage fork master opening short
LNurV	8/8/1b3N2/4p1p1/5kP1/5P2/4K3/8 b - - 5 58	b6a7 f6h5	1687	medium	endgame master mate mateIn1 oneMove
VBUnZ	r5k1/p6p/3p2p1/2p1b2P/1PP1p2q/P2P3b/3B4/1R1Q1RNK w - - 0 28	d2e1 h3g2 h1g2 h4h2	1687	medium	attraction discoveredCheck doubleCheck kingsideAttack mate mateIn2 middlegame sacrifice short
vbv8b	r3r2k/1ppq2pp/p4n2/4p3/3n4/1BNP1Q2/PP3PPP/3RR1K1 w - - 0 19	f3b7 e8b8 b7a8 b8a8	1687	medium	crushing middlegame short trappedPiece
2r5Zi	r2qkb1r/pp1npb2/2p2n1p/3p4/3P3N/3BP3/PPP1QPPP/RN2K2R b KQkq - 3 12	f7h5 e2h5 f6h5 d3g6	1688	medium	mate mateIn2 opening sacrifice short
SbFMr	rnbqnrk1/2p2p2/3p3P/1p6/p3P3/2Q5/PPP2PP1/2KR1B1R b - - 0 16	b5b4 h6h7	1688	medium	advancedPawn mate mateIn1 middlegame oneMove
VMKQi	2r2knr/p1q1bpp1/1p1Np1p1/4n3/P2Q4/5N2/1P3PPP/R1B2RK1 w - - 0 17	d6c8 e5f3 g2f3 c7h2	1688	medium	discoveredAttack kingsideAttack mate mateIn2 middlegame short
gad6f	8/8/N5pp/2Bknp2/KP6/2n2P2/6PP/8 w - - 10 41	a4a5 e5c4	1688	medium	endgame master mate mateIn1 oneMove
v3iHZ	3r2k1/5pbp/5np1/2p2bB1/1pPq4/1B3N1P/1P3PP1/2Q1R1K1 b - - 1 22	d4d3 e1d1 d3d1 b3d1	1688	medium	crushing middlegame short
0RL5r	r2qk1nr/ppp1pp1p/1b1p2p1/n7/2P1P1b1/1Q3N2/1P1N1PPP/R1B1KB1R w KQkq - 0 9	a1a5 b6a5 b3a4 c7c6	1689	medium	advantage defensiveMove hangingPiece master opening short
28NW5	1Q2q1k1/1R4pp/4pp2/2P1n3/p3P3/B4PP1/3r2KP/8 w - - 11 36	g2h3 d2d8 b8d8 e8d8	1689	medium	crushing endgame short
inSSU	8/2K5/1p6/kP5p/P6P/8/5bN1/8 w - - 0 58	g2f4 f2g3 c7d8 g3f4	1689	medium	crushing endgame pin short
liQuG	2r5/1Rp1rpbk/p2p2pp/8/4P3/5PBP/P5PK/2R5 w - - 1 29	g3d6 c7d6 b7e7 c8c1	1689	medium	advantage discoveredAttack endgame hangingPiece master short
rKfKb	8/3r4/8/p7/P1P2kp1/3R4/3K1P2/8 b - - 0 49	d7d3 d2d3 f4e5 d3e3	1689	medium	crushing defensiveMove endgame short
zF5Gg	4k3/2R4K/1p2PP2/p2r1B2/5P2/P2p2r1/1P6/8 b - - 0 48	d5f5 c7c8	1689	medium	endgame mate mateIn1 oneMove rookEndgame
EMPcF	r4rk1/pp3pqp/3p2p1/2pN2Q1/4P1b1/3P2N1/PP4P1/2K4R b - - 1 21	g4e6 d5f6 g7f6 g5f6	1690	medium	crushing kingsideAttack middlegame short
iQAFJ	7r/1p2qr2/p2p1k2/2pPp1R1/2P1PQ2/5P2/PP6/1K4R1 b - - 0 28	e5f4 g5f5	1690	medium	endgame mate mateIn1 oneMove queenRookEndgame
7KVTg	r1b3B1/ppp5/1q4Q1/3P1n2/6kP/6P1/P4P2/4R1K1 b - - 0 30	g4f3 g6h5	1691	medium	master mate mateIn1 middlegame oneMove
m8oWF	r1bqkbnr/ppp3pp/2n2P2/8/3p3B/2N5/PPP1PPPP/R2QKBNR b KQkq - 0 6	d4c3 f6f7 e8f7 h4d8	1691	medium	advancedPawn advantage discoveredAttack master masterVsMaster opening short
BKz2H	2k4r/ppp2p2/8/1P1P1P2/P1P1N3/5P1n/5P2/R5qK w - - 0 28	a1g1 h3f4	1692	medium	discoveredAttack discoveredCheck endgame mate mateIn1 oneMove
w8OTb	r4k2/1N1p2r1/p3pp1Q/1p5R/4PPp1/1B3n2/PPPKN3/5q2 w - - 7 29	d2c3 f1e1 c3d3 e1d2	1692	medium	fork mate mateIn2 middlegame short
rhpy8	8/2K5/2P5/3k3p/2R3p1/1r4P1/7P/8 w - - 6 50	c7d7 d5c4 c6c7 b3b7	1693	medium	crushing endgame hangingPiece master rookEndgame short
18Tug	r4r2/7R/p2pk2R/1p1Np1b1/2p1P3/P7/1PP1K1P1/8 b - - 4 33	g5h6 h7e7	1694	medium	endgame hookMate master mate mateIn1 oneMove
V40pX	r1b2rk1/1p4pp/pqn2p2/2Pp4/3p1P2/N1P1B3/P2Q2PP/R3R1K1 b - - 0 17	d4e3 d2d5 g8h8 c5b6	1694	medium	crushing middlegame short
YFBzK	r2b1r1k/pp1q2np/2pp2RQ/4pN2/2B1P3/3P1P2/PPP2P1P/7K b - - 2 21	d8f6 h6h7 h8h7 g6h6	1694	medium	attraction kingsideAttack mate mateIn2 middlegame pillsburysMate sacrifice short
nkV3n	1r3qk1/1pQR1bpp/p1p5/8/3B4/2P5/PP3PPP/6K1 w - - 5 27	c7b6 f8e8 h2h3 e8d7	1694	medium	crushing endgame short
fbSd1	5r1k/5qpp/3pr3/p1b2R2/1p3P2/1P4Q1/PB4PP/5R1K b - - 9 30	f7g8 g3g7 g8g7 f5f8	1695	medium	kingsideAttack mate mateIn2 middlegame pin sacrifice short
wMOHE	3B4/p1R3p1/2p3pk/1pN5/1P3p2/P5nP/1r4P1/6K1 w - - 1 32	d8h4 b2b1 g1f2 b1f1	1695	medium	endgame hookMate mate mateIn2 short
1lTyu	8/2n2N1k/4P1pp/3P1p2/1P1Q4/3K1P2/8/3q4 w - - 4 51	d3e3 c7d5 d4d5 d1d5	1696	medium	crushing endgame short xRayAttack
JgOIx	r7/1p2Qpk1/2pR1npp/5r2/1q4B1/7P/5PP1/4R1K1 b - - 3 31	f6g4 d6g6 g7g6 e7b4	1696	medium	advantage discoveredAttack middlegame pin short
5tcAX	3r1k2/pq4rp/5Q2/4p3/1bPp4/1P3P1P/P4P2/1R4RK b - - 0 28	g7f7 f6d8	1697	medium	hangingPiece mate mateIn1 middlegame oneMove
zu73F	2k5/2p1R1R1/1p6/pK1P3p/2P2r1P/Pr6/8/8 w - - 2 39	b5c6 f4c4	1698	medium	endgame mate mateIn1 oneMove rookEndgame
cIqza	8/p1p4p/2p1kp2/3p2p1/PP1P4/2P3P1/1B1b1K1P/8 b - - 0 30	e6f5 f2e2 d2c3 b2c3	1699	medium	advantage bishopEndgame endgame short trappedPiece
se16z	rn1qkb1r/ppp2ppp/4p3/4N3/2B1nPP1/7P/PPPP4/R1BQK2R w KQkq - 0 11	d2d3 d8h4 e1f1 h4f2	1699	medium	mate mateIn2 opening short
zBWig	K1Q5/2R3kp/5pp1/p7/4PP2/4q1P1/3r4/8 b - - 7 44	g7h6 c8h3	1700	hard	endgame master mate mateIn1 oneMove
B7WZq	rn2r1k1/5p2/p7/1pp2P2/P1pBn1R1/2P5/2P3PP/R5K1 b - - 1 21	g8h7 g4h4 h7g8 h4h8	1701	hard	mate mateIn2 middlegame operaMate short
EHJjG	6r1/2Qn3R/p3pk2/2p2p2/2P5/3q1PP1/4NK2/8 b - - 3 40	d7e5 c7e7 f6g6 e2f4	1701	hard	endgame master mate mateIn2 short
RzPM5	4r3/p1p5/2Q3k1/4p3/5q2/7r/P4P1P/4RRK1 b - - 1 25	g6f7 c6d7 f7f6 d7h3	1701	hard	crushing endgame fork short
fODDb	8/1B3b2/2p1p3/4kp2/P7/3Npn2/1PP4r/2K2R2 b - - 1 37	e5e4 b7c6 e4d4 c6f3	1701	hard	advantage deflection endgame short skewer
iBsxa	r7/1Qp1rkp1/3pbnqp/p3n3/PP5b/2P1B2P/3N2P1/R4R1K b - - 0 23	e6d5 b7d5 e7e6 d5a8	1702	hard	advantage middlegame pin short
WpNtS	r1q3r1/1pkn1R1p/1np1B3/p1p1p1B1/4Q2P/1P1P4/2P1K3/7R b - - 1 29	g8e8 e4e5	1703	hard	mate mateIn1 middlegame oneMove pin
y4bo1	r1b3k1/p3bppp/1p2p3/2p1B3/8/P1P5/1P2BPPP/3R2K1 b - - 3 18	g8f8 e2f3 c8b7 f3b7	1703	hard	crushing endgame short
JCdsm	2r3k1/1b4r1/1q2p1Q1/pPnpP3/P2P4/4P3/5RP1/2R3K1 w - - 1 30	d4c5 g7g6 c5b6 c8c1	1704	hard	crushing middlegame short
RPFRQ	r2q1r1k/1pp4p/p1n4p/3N2p1/6b1/1Q1PbN2/PP4BP/R4R1K b - - 1 20	g4e6 b3c3 h8g8 d5e3	1704	hard	advantage middlegame short
l54FK	r4n1k/1p1rqb1p/5ppP/p2p1p2/3N4/2P1PNQ1/PP1R1PP1/1R4K1 w - - 4 27	d4f5 e7e4 d2d1 e4f5	1704	hard	advantage fork master middlegame short
KZ54c	2r1kb1r/5pp1/p2p3p/3Pp3/1p2nPP1/1N2q3/PPPRB2P/2K1Q2R b k - 4 18	e4d2 e2b5 a6b5 e1e3	1705	hard	advantage discoveredAttack master middlegame short
hypCn	rnb1r1k1/5ppp/p2b4/1p2N2n/2p2B2/2P5/PPBN1PPP/R3R1K1 w - - 4 17	e5f7 e8e1 a1e1 d6f4	1705	hard	advantage kingsideAttack middlegame short
LPI9m	2R5/5ppk/5n1p/8/R7/BP2PPP1/r2r3P/6K1 w - - 4 30	a3c1 d2d1	1706	hard	endgame mate mateIn1 oneMove
puoyV	2r3k1/pbq2p1p/3r2n1/2pp2Q1/8/1P1BPN2/P4PPP/2RR2K1 w - - 3 23	f3e5 f7f6 g5g3 f6e5	1706	hard	advantage fork middlegame short
ER6e8	5k2/bp2rbpp/3q1p2/pPpn4/P1BP2PP/1QP1B3/3K1P2/4RR2 w - - 1 28	b3a3 d5e3 f2e3 f7c4	1707	hard	advantage discoveredAttack middlegame short
iYWR3	8/p3N1pk/4R2p/8/P4P2/6P1/r6r/4RK2 w - - 6 34	e7f5 h2h1	1707	hard	endgame mate mateIn1 oneMove
9vk08	bk1r3r/p2p1qb1/Bp1Ppnpp/nN3p2/3N1P2/2Q1B3/PPP4P/2KR2R1 b - - 7 19	f6d5 c3c7 d5c7 d6c7	1708	hard	advancedPawn mate mateIn2 middlegame queensideAttack sacrifice short
RqoZJ	3r4/1p3p1p/7b/p1k5/3N3P/N1P1r3/PPK5/3R4 b - - 2 33	h6g7 d4b3 c5c6 d1d8	1708	hard	advantage discoveredAttack endgame short
1viUm	2k2b1r/Qppr2pp/1n2pp2/6N1/2Pn4/3P1P2/PP3P1P/1K1R3R w - - 0 21	g5e4 d4c6 a7b6 c7b6	1709	hard	advantage middlegame short trappedPiece
KVYzT	2rr1k2/pb3p2/1p1qpn1Q/1B2N3/2Pp4/6R1/P4PPP/6K1 b - - 0 27	f8e7 e5g6 f7g6 h6g7	1709	hard	mate mateIn2 middlegame sacrifice short
PE3O7	6k1/N5p1/1p3r2/2pR4/8/P1P4p/3K4/8 w - - 0 36	d5h5 f6h6 h5h3 h6h3	1710	hard	crushing endgame short
ZT570	8/p7/8/5kp1/8/PPpr1PP1/5K2/4R3 w - - 0 34	e1e3 c3c2 e3d3 c2c1q	1710	hard	advancedPawn crushing endgame promotion rookEndgame short
h4hfS	8/1k3p2/p3b3/4b3/8/1KN5/P1P2BP1/8 w - - 2 39	b3b4 a6a5 b4a5 e5c3	1711	hard	attraction crushing deflection endgame master short
ofB14	rnbq1rk1/ppp2p1n/3p3Q/4p3/2B1P3/P1P2N2/1PP2PPP/R3K2R b KQ - 2 10	c8g4 h6g6 g8h8 g6g4	1711	hard	advantage middlegame pin short
Kdjlg	rnb2rk1/pp2ppbp/1qpp1np1/6B1/N1PPP3/5N2/PP2BPPP/R2QK2R b KQ - 7 8	b6b4 g5d2 b4a4 d1a4	1713	hard	advantage defensiveMove middlegame short trappedPiece
jJw7E	8/1pp5/p2kP3/P2p4/1PnP1N2/2PK4/8/8 w - - 1 52	f4d5 d6d5 e6e7 c4d6	1713	hard	crushing defensiveMove endgame hangingPiece knightEndgame short
EtyJa	4qnk1/1p4b1/3B2p1/rbQP2Pp/4P2P/pN6/PP2B3/1K5R w - - 0 28	b3a5 e8e4 c5c2 e4h1	1714	hard	crushing fork middlegame short
PKtHf	r2q1rk1/pp2b1pp/2npb3/3Np3/2P1P1n1/1N2B3/PP1QB1PP/R3K2R b KQ - 4 15	e6d5 d2d5 g8h8 e2g4	1714	hard	advantage middlegame short
EZxKH	4r1k1/ppq2p1p/1n3Qp1/4p1P1/8/2P4P/P3PPB1/3R2K1 w - - 1 29	d1d6 b6d7 d6d7 c7d7	1715	hard	crushing endgame master short
HJJyf	5r2/1b5k/4Q2p/p7/3P2P1/8/PP3qNP/3R3K w - - 1 35	d1g1 f2g2 g1g2 f8f1	1715	hard	clearance endgame master mate mateIn2 pin sacrifice short
51ifP	2k1r3/1pp2Npp/p1n2n2/8/2N3b1/2PQ2P1/3R2qP/R1K5 b - - 3 26	e8e2 d3d8 c6d8 d2d8	1716	hard	mate mateIn2 middlegame queensideAttack sacrifice short
goIcV	r5kr/pp2nNbp/1qnp2p1/2p5/4N1b1/3P4/PPP4P/R1B1QRK1 b - - 1 15	g7e5 f7h6 g8g7 f1f7	1716	hard	mate mateIn2 middlegame short
iV0PM	r3k1r1/2p2p2/p1p5/2PP2q1/4P1bp/4b2P/PP4PK/RN1Q1R2 w q - 0 22	d1g4 g5e5 h2h1 g8g4	1717	hard	crushing discoveredAttack middlegame short
kCm18	r1r3k1/3b1ppp/2p1pn2/3p4/q2P1P2/2QB1NP1/P4P1P/1R3RK1 b - - 1 19	a4a2 b1a1 f6e4 d3e4	1717	hard	advantage middlegame short
4gVry	2k3r1/8/2q1p3/p1P3rp/3p1Q2/P6P/1R4P1/7K b - - 3 34	g5g2 b2b8 c8d7 f4f7	1718	hard	endgame master mate mateIn2 short
AR3Ej	r1b1q1k1/1p4p1/p3p3/3n2N1/3P4/4P2Q/PP4PP/5RK1 b - - 0 21	e8g6 h3h8 g8h8 f1f8	1718	hard	attraction mate mateIn2 middlegame sacrifice short
JGRSD	5R2/pp4pk/1b2p3/1P2PbNp/P7/8/2r5/6RK b - - 21 43	h7h6 g5f7 h6h7 f8h8	1718	hard	endgame mate mateIn2 short
5Ncis	r1b2rk1/5pb1/1ppNp1p1/3qP3/2Bp1PQP/P7/1PP5/2KR4 b - - 3 22	d5c5 b2b4 c5d6 e5d6	1719	hard	advantage middlegame short trappedPiece
9X4Uu	r1b2rk1/p5p1/2nq3p/1pp1PP1P/3p2Q1/1P1P4/P1PN1KB1/R5R1 b - - 0 27	c6e5 g2d5 g8h7 g4g7	1720	hard	kingsideAttack mate mateIn2 middlegame short
Nzae0	2brrbk1/2qn1pp1/p1pp1n1p/1p6/3QP2N/PBN3BP/1PP2PP1/3RR1K1 b - - 0 18	d7c5 d4c5 d6c5 g3c7	1720	hard	crushing master middlegame short
ctEeO	r2qk3/ppp2p1r/4p1p1/3pn3/6P1/2P1PN1P/PP3P2/R2QK2R b KQq - 1 16	e5g4 d1a4 b7b5 a4g4	1720	hard	advantage fork middlegame short
lyCgp	8/p1kq1p2/1p3p2/2pPp1r1/1PP5/P4Q1r/5PP1/1R3RK1 w - - 0 29	f3f6 g5g2 g1g2 d7g4	1720	hard	attraction endgame mate mateIn2 sacrifice short
rv9vb	r1r5/2P1k3/2RbPp2/1R3p1p/P4P1P/6P1/7K/8 b - - 4 51	e7e6 b5b6 e6e7 c6d6	1720	hard	advantage endgame master quietMove short
yvPjr	5k2/5p2/1p2p1p1/p1b2q2/P3p1NQ/4B3/4rPK1/7R b - - 5 42	c5e3 h4d8 f8g7 d8h8	1720	hard	endgame mate mateIn2 short
kOwBR	r1b1k2r/p1p1bp1p/2p3p1/2qp2Q1/5P2/2N5/PP1B2PP/R3R2K w kq - 2 18	e1e7 c5e7 a1e1 c8e6	1721	hard	advantage defensiveMove middlegame short
MHHxY	rn2k2r/ppq2ppp/2p5/1P1P4/P5P1/1Q2PN2/1B1PB1Pb/RN3K1n w kq - 1 17	d5c6 c7g3 b3f7 e8f7	1722	hard	crushing middlegame short
lXROg	r1bq1rk1/ppp2ppp/1n4n1/8/1bB1P3/2N2NB1/PPP3PP/R2Q1RK1 w - - 9 11	c4f7 g8f7 d1d8 f8d8	1722	hard	advantage hangingPiece middlegame short
lukx7	4rk1r/1p3p2/3RbQpq/4P3/5nP1/2P2BP1/1P3PK1/7R w - - 1 32	g2f1 h6h1 f3h1 h8h1	1722	hard	mate mateIn2 middlegame short
mPHye	2R5/1r3pp1/4p3/1r2P3/kp1K1P2/6P1/6P1/1R6 b - - 11 40	b4b3 b1a1 a4b4 c8c4	1722	hard	endgame epauletteMate mate mateIn2 rookEndgame short
SZqK0	r2qkb1r/pppnp1p1/5n1p/3N4/3Pp3/7P/PPP2P1P/R1BQKB1R b KQkq - 0 8	f6d5 d1h5 g7g6 h5g6	1723	hard	fork mate mateIn2 opening short
U3tgc	8/5pkp/6p1/8/2B2P1P/3P1KPr/8/8 b - - 2 33	g7f6 f3g2 h3h4 g3h4	1723	hard	crushing endgame short trappedPiece
pghd1	r4rk1/pbp4p/1p4pQ/3qpB2/3B4/5P2/P1P3PP/3R1RK1 b - - 0 21	e5d4 f5e4 d5c5 e4b7	1724	hard	advantage middlegame short skewer
TLLyz	7r/8/6p1/1pb1R1kp/2b3N1/7P/P4PP1/6K1 b - - 1 29	g5f4 g2g3 f4f3 g4h2	1725	hard	endgame mate mateIn2 short
lu0PT	4rr1k/p5p1/1qB1Q3/5p2/8/2p1B3/P4KPP/RN6 w - - 2 24	e6e8 b6b2 b1d2 f8e8	1725	hard	advantage fork intermezzo middlegame short
qPhXP	5bk1/5pp1/Q6p/2p5/4rq2/1P3P1P/P4KP1/3R4 b - - 0 32	f8e7 a6a8 e7f8 a8e4	1725	hard	crushing endgame short
yXdcN	5r2/4pp1k/6pP/p2qPb1P/1prP4/5P2/3QN3/R2BK2R w KQ - 3 26	d1b3 d5f3 h1g1 f3b3	1725	hard	advantage fork middlegame short
g3ltf	rn1qkbnr/pp3ppp/8/2pp4/6b1/5N2/PPPPBPPP/RNBQR1K1 b kq - 3 6	g4f3 e2b5	1726	hard	doubleCheck epauletteMate mate mateIn1 oneMove opening
tpAWZ	r1b2rk1/p4ppp/1q6/1pbp4/2ppPPP1/6P1/PPPNQ1B1/R1B1R2K w - - 1 16	e4d5 b6h6 g2h3 h6h3	1726	hard	advantage kingsideAttack opening short
tsNDN	2r2rk1/p4p2/3pbRnQ/1p2q3/8/1P5P/P5P1/5R1K b - - 0 29	c8c2 f6g6 f7g6 f1f8	1726	hard	discoveredAttack killBoxMate mate mateIn2 middlegame short
KzBs8	r4rk1/ppR2p1p/3bpQp1/1q1p4/2R5/4B3/PP3PPP/6K1 b - - 5 23	d6c7 e3h6 b5b2 f6b2	1727	hard	crushing middlegame short
h3GwT	8/q4pk1/P2N1bpp/8/8/3p4/R5PP/3R1K2 b - - 1 36	f6d4 d6b5 a7b8 b5d4	1727	hard	crushing endgame master short
A24EP	1k1r1b2/1p6/p4P1p/q2Bp3/2P5/4K3/1PQ2P2/7R w - - 1 31	b2b3 a5c5 e3e2 d8d5	1728	hard	advantage endgame short
NH87P	3r3k/7p/3q2pb/1P6/8/1B2Q2P/3pKPP1/3R4 w - - 6 37	e3h6 d6d3	1728	hard	endgame mate mateIn1 oneMove
mHhCu	2krr3/pp3p1p/2q2n2/2b3p1/8/6B1/PP1NQPPP/2R1R1K1 w - - 6 17	e2f3 e8e1 c1e1 d8d2	1728	hard	crushing kingsideAttack middlegame short
wDEHc	r4rk1/1p3ppp/3p4/p2P4/Qb6/5P1q/PP3P1P/R1B2R1K w - - 2 18	a2a3 h3f1	1728	hard	hangingPiece kingsideAttack mate mateIn1 middlegame oneMove
hTjRk	r7/pp3k1p/2pP3P/3ppbpK/3P2P1/5q2/PP2N3/R2Q3R w - - 0 30	d1g1 f5g6 h5g5 f3f6	1729	hard	mate mateIn2 middlegame short
AJWmE	6k1/r3bp2/1r1p3p/2p1pPp1/2P1K1P1/1P6/P2R1P2/1B5R w - - 0 41	h1h6 d6d5 c4d5 b6h6	1730	hard	advantage discoveredAttack endgame short
reFgR	8/8/R2R4/1p4kp/8/1r4PK/4r3/8 b - - 3 47	e2e3 d6d5 e3e5 d5e5	1730	hard	endgame mate mateIn2 rookEndgame short
3ibjA	8/6Rp/p1p4k/1b2B3/4K1P1/P7/1P5P/4r3 w - - 1 41	e4f5 e1e5 f5e5 h6g7	1731	hard	advantage endgame short
MABjF	8/pp3rkp/2p3p1/4P1Q1/3PN3/1P6/P2n3q/2KR4 w - - 0 28	d1d2 h2h1 c1b2 h1e4	1731	hard	advantage endgame fork short
WnzeD	3r1r1k/pp4p1/2pp3p/1P2n3/P3R3/2Q3PP/5qB1/R6K b - - 2 34	e5f3 a1f1 f2g3 f1f3	1731	hard	advantage middlegame short
JWJzK	8/4Bb2/1p1p3k/p2P3p/2P4K/3Bb1P1/P7/8 b - - 2 40	e3c5 e7f8	1732	hard	bishopEndgame endgame mate mateIn1 oneMove
QHa5d	5rk1/r4p2/2nq2p1/4p1Q1/p2pP3/7P/B1P3P1/R4RK1 b - - 2 34	c6b4 f1f6 d6f6 g5f6	1732	hard	advantage middlegame short
RQfJi	5r2/2p3pk/2n2rb1/3p3p/R2P1q1P/1BP1p1N1/2P1QPP1/4KR2 w - - 0 29	e2e3 f8e8 e3e8 g6e8	1732	hard	advantage middlegame pin short
n9ian	2rr2k1/p4pp1/5n1B/4p3/8/qBp2P2/P1Q3PP/5R1K b - - 0 23	g7h6 c2g6 g8h8 g6f6	1732	hard	crushing middlegame pin short
qLPFx	r4r1k/ppp3b1/3p3p/3PpBq1/4R1P1/2PQ3P/PP3P2/R5K1 w - - 1 21	a1e1 f8f5 h3h4 g5g6	1732	hard	advantage master middlegame pin short
UnWiy	8/4k3/3R4/KNnP1p2/2P5/8/1r6/8 w - - 1 62	a5b6 b2b5 b6b5 e7d6	1734	hard	crushing endgame master short
bvRQ3	5k2/2pr4/p3p2r/P3Qb2/1P3p2/8/8/2K3Rn b - - 0 47	h6h3 e5f6 d7f7 f6d8	1735	hard	endgame mate mateIn2 short
l1IhN	r2q1r2/ppp1Rk2/3p4/5PQ1/5P2/2P5/P1P5/2K2B2 b - - 0 21	d8e7 g5g6	1735	hard	endgame mate mateIn1 oneMove
GfxEP	rn3r2/ppq2Nk1/2pNp1pp/8/2B5/8/PPP2PPP/3RR1K1 b - - 0 18	f8f7 d6e8 g7h7 e8c7	1736	hard	crushing fork master middlegame short
o1Cbe	rn2r3/2qb3k/p1p1B3/1p4p1/3P2Q1/P1P5/1P3PP1/2R1R2K b - - 0 26	d7e6 g4h5 h7g7 h5e8	1736	hard	crushing fork middlegame short
Wmmgt	r1bqkb1r/p1p2ppp/2n2n2/1p1Pp1N1/2B5/8/PPPP1PPP/RNBQK2R w KQkq - 0 6	d1f3 c6d4 c4b5 d4b5	1737	hard	advantage opening short
00oQO	5rk1/1p4pp/p7/3R1N2/4rn2/6KP/PPR2PP1/8 w - - 1 34	d5d4 f4e2 c2e2 e4e2	1738	hard	crushing endgame fork master short
ZRr0V	8/pk3B2/4Q3/bNp2p2/2P3b1/3r2K1/PP6/R4R2 w - - 12 54	g3h4 a5d8 e6e7 d8e7	1738	hard	mate mateIn2 middlegame short
f5hKS	2r3k1/pp3rb1/3p1q2/8/4p1R1/2P1P3/PP5Q/1K5R b - - 1 25	c8c3 h2h8	1739	hard	master mate mateIn1 middlegame oneMove pin
CDL9J	r2qkbnr/p6p/2p1b1p1/P1p5/2P1p1P1/4P2P/R2B1P2/3QKBNR w Kkq - 1 20	f2f4 d8h4 e1e2 e6c4	1740	hard	interference mate mateIn2 middlegame short
qgjs9	8/4N1pp/R6k/8/5PK1/3r3P/4n3/8 b - - 2 33	g7g6 e7f5	1740	hard	endgame master mate mateIn1 oneMove pin
FjPhn	5rk1/4ppb1/3p2p1/1Q2n2p/7P/2P1B3/1Pq1BPP1/R5K1 b - - 0 23	e5g4 e2d3 g4e3 d3c2	1741	hard	crushing master middlegame short trappedPiece
6XbT1	8/p7/1p2k1p1/2p5/5P2/4r1P1/PP1K2R1/8 b - - 8 43	e3f3 d2e2 f3f1 e2f1	1742	hard	crushing endgame master rookEndgame short trappedPiece
nM5EC	5rk1/p1p3pp/2p1p3/3p1rPP/3P2Q1/2P1P3/P1PK3q/4R1R1 w - - 5 21	d2d1 f5f2 e1e2 f2e2	1742	hard	crushing endgame short
qhcag	8/6p1/2B4p/3Pk3/8/1b3KPP/8/8 w - - 0 48	f3g4 b3d1 g4h4 g7g5	1742	hard	bishopEndgame endgame mate mateIn2 short
47Jxz	2r3k1/1b2npp1/4pb1p/p1P4q/2P5/P2QBN2/3R1PPP/1B4K1 b - - 2 24	b7f3 d3d8 c8d8 d2d8	1743	hard	kingsideAttack mate mateIn2 middlegame pillsburysMate sacrifice short
4fgqM	r2k4/2R2p1p/3p1Pp1/4p1P1/1p1bP2P/1b1P4/1P4B1/1KR5 w - - 18 37	g2h3 b3a2 b1c2 d8c7	1743	hard	crushing endgame interference master short
7sOLE	8/1b3p1p/p4kp1/1pB1b3/4P1P1/1P5P/P5B1/6K1 b - - 2 31	e5g3 e4e5 f6e6 g2b7	1743	hard	advantage bishopEndgame discoveredAttack endgame master short
GfKmZ	6rk/1pp2p2/p2p3p/4p3/4P3/3PB1qb/PPP1QRB1/7K w - - 0 25	e2f3 h3g2 f3g2 g3e3	1743	hard	advantage fork master middlegame short skewer
IEL5y	3r1r2/p3p1kp/1p2N1pn/8/8/PPNn2PP/5Pb1/3R1RK1 b - - 0 22	g7f7 e6d8 f8d8 g1g2	1743	hard	advantage master middlegame short
PsTw0	3Q4/6pk/7p/p2p4/4n3/4B2P/PP2q1P1/6K1 w - - 1 33	e3d4 e2d1 g1h2 d1d4	1743	hard	crushing endgame fork short
RYcfa	6k1/pNn4p/8/2P2p2/1P1R4/P2KR1P1/3r1r2/8 w - - 2 45	d3c3 c7b5 c3c4 b5d4	1743	hard	advantage endgame fork short
GKtIm	6k1/pp4p1/3p4/5QN1/7P/1PP5/q4PPK/4r3 b - - 3 29	a2b3 f5c8 e1e8 c8e8	1744	hard	endgame mate mateIn2 short
KljMC	r1bqrb1k/ppp5/2n3Q1/3nP3/8/P3PN2/1P1N1PPP/R1B2RK1 b - - 0 15	c6e5 g6h5 h8g8 f3e5	1744	hard	crushing intermezzo master opening short
NP0YR	r3rk2/4bN1Q/p3P1p1/1p3p2/1p5R/5P2/1q3P1P/4R1K1 w - - 1 30	h7g6 e7h4 g6h6 b2g7	1744	hard	crushing hangingPiece middlegame short
UsUcF	4r2k/pp6/3p1PQ1/4p2p/7P/1P4P1/P1rq1b2/1R3R1K b - - 1 32	e8g8 g6h5 d2h6 h5h6	1744	hard	mate mateIn2 middlegame short
58UsN	8/5kp1/p3pb2/1p6/3P1NQ1/nP2PPP1/5KP1/3q4 b - - 5 32	a3c2 g4e6 f7f8 f4g6	1745	hard	endgame mate mateIn2 short
Fdd4i	8/6R1/8/8/P6P/6Pk/8/1r2n2K w - - 4 47	h1g1 e1d3	1745	hard	discoveredAttack endgame mate mateIn1 oneMove
fcIIl	6rk/pp1qb3/n1p1b2B/4P2Q/3P4/8/PPP3PP/5RK1 b - - 4 23	e6g4 h6g7 h8g7 f1f7	1745	hard	attraction discoveredCheck doubleCheck killBoxMate kingsideAttack mate mateIn2 middlegame sacrifice short
J3QI7	r3r1k1/5pbp/3q2p1/p1p5/2Pp2n1/1P1Q2N1/P4PPP/2BR1RK1 b - - 1 23	e8e7 d3f3 a8e8 f3g4	1746	hard	advantage fork middlegame short
W79hL	6k1/1P1q4/4r2p/p3Q1p1/P6n/5rBK/2P2P1P/8 w - - 0 34	b7b8q e6e8 e5e6 d7e6	1746	hard	discoveredAttack discoveredCheck fork mate mateIn2 middlegame short
qSrDC	2kr4/1ppr1ppp/2n2n2/pBb1p1B1/P3P3/2P2PN1/1P2QPqP/R3KR2 b Q - 14 17	c6d4 b5d7 f6d7 c3d4	1746	hard	advantage master middlegame queensideAttack short
4U7Lw	2k4r/pp1n1pp1/2p1pnp1/8/P2P4/2PB2q1/1P4P1/R1BQR1K1 w - - 0 17	c1e3 f6g4 d1g4 g3g4	1747	hard	advantage middlegame short
k785K	r2qk2r/1p2pp1p/p1np1bpB/4P3/P1Bp2b1/5N2/1PP2PPP/R2Q1RK1 b kq - 0 11	c6e5 f3e5 d6e5 d1g4	1747	hard	advantage capturingDefender discoveredAttack middlegame short
oaLbe	2qr1rk1/1b1n2pp/p3p2B/2p1b2B/3pN3/6QP/PPP3P1/4RR1K w - - 0 26	f1f8 d8f8 e4f6 e5f6	1747	hard	advantage middlegame short
qT83i	3R4/3b4/1p1r2kp/p1p2p2/2Pp1P2/P2B4/5K1P/8 b - - 2 47	g6h5 d3f5 d6f6 f5d7	1747	hard	advantage endgame short
mDqeh	3r2k1/ppq2b2/2p4p/5Q2/2P1Rp1P/8/Pb3PP1/4R1K1 b - - 0 27	b2c3 e4e7 c7e7 e1e7	1748	hard	crushing middlegame short
8iH4S	rb1q3r/1p2nkpp/2p2p2/p7/N1Pp4/P2P4/1P1B1PPP/R3QRK1 w - - 0 18	a4c5 d8d6 f2f4 d6c5	1750	hard	advantage middlegame short
NSo8D	6Q1/1p1k3R/2b2K2/4p3/1n2P3/5P2/8/q7 b - - 1 45	d7d6 g8f8	1750	hard	endgame mate mateIn1 oneMove
toda8	r2q1r2/pb3pkp/np4p1/2pp4/2Q5/1P2P1P1/P2PNPBP/R3K2R w KQ - 0 14	c4c3 d5d4 e3d4 b7g2	1751	hard	crushing defensiveMove discoveredAttack middlegame short
6SfvO	r2q1rk1/p4ppp/1pnbp3/3p4/3PPPn1/5N2/PP1B2PP/RB2QNK1 b - - 0 15	d5e4 e1e4 g4f6 e4c6	1752	hard	advantage opening short
Kv7Sy	1Q6/1p2q1kP/p1b1pNn1/4P1P1/1P6/P4r2/1B5K/8 b - - 8 48	e7f7 b8g8 f7g8 h7g8q	1752	hard	advancedPawn mate mateIn2 middlegame promotion short
QurXT	3r2k1/4q2p/p3p1p1/1p2rp2/3PpRP1/P1P5/1PK1Q3/7R b - - 1 33	e7g5 e2h2 g5e7 d4e5	1752	hard	crushing endgame short
OYbZI	3Q4/8/p2kp1p1/1p1p4/4q1P1/P6P/1P3P2/6K1 b - - 16 44	d6c5 d8c7 c5d4 c7c3	1753	hard	endgame mate mateIn2 queenEndgame short
uBq1n	6k1/p6p/4b3/1p1pK1p1/1P2p1P1/1NPr3P/P7/7R b - - 5 29	g8f7 b3c5 d3c3 c5e6	1754	hard	crushing endgame short
MzoNU	r1b2r2/2qn2k1/p2pQ3/1ppP1p2/8/2P5/PPBN2PP/R3R1K1 w - - 2 23	c2f5 d7e5 e6e5 d6e5	1756	hard	advantage middlegame quietMove short trappedPiece
3a26l	r1br4/6R1/2p2R2/4p2k/p6P/P3q1P1/1PP1B3/7K b - - 8 40	e3e2 g7g5	1757	hard	endgame master mate mateIn1 oneMove
AVxTQ	r1bqkbnr/pp2pppp/3p4/4n3/3N1P2/8/PPP3PP/RNBQKB1R b KQkq - 0 6	e5g4 f1b5 c8d7 d1g4	1757	hard	advantage opening pin short
CQjhf	r2q3k/pp1brpp1/7p/3N4/3Q4/6P1/PP2PPKP/R4R2 w - - 0 18	d5e7 d7h3 g2h3 d8d4	1757	hard	advantage discoveredAttack master middlegame short
ivx3u	8/6p1/5p1p/B1bk1b2/B2p1P1P/6P1/3K4/8 b - - 0 40	d5e4 a4c6	1757	hard	bishopEndgame endgame mate mateIn1 oneMove
QGv6C	3r3k/4Qpp1/4b2p/4P3/2R5/1P6/K4P1P/3r4 w - - 4 32	c4b4 d8d2 a2a3 d1a1	1758	hard	endgame master mate mateIn2 short
l1bb7	3r4/2k4p/ppp2pp1/4p3/1P1rRnPP/P1NP2R1/2PK1P2/8 w - - 2 26	d2e3 d4d3 c2d3 d8d3	1758	hard	endgame hookMate mate mateIn2 sacrifice short
7mZ8Y	6k1/2r3p1/b4q1p/p3p3/PpPbP2P/6P1/R2RQP2/5BK1 w - - 1 34	d2c2 b4b3 a2b2 b3c2	1759	hard	advancedPawn crushing fork middlegame short
OIblu	8/8/1pp5/p2p2b1/P2P4/2Pk4/1P6/2NK4 b - - 9 42	d3c4 d1c2 b6b5 b2b3	1759	hard	endgame mate mateIn2 short
YkaGJ	r5k1/5p2/PQR5/3p2pp/8/4P1PK/P3q2P/8 w - - 0 31	a6a7 e2f1	1759	hard	endgame mate mateIn1 oneMove
ZiyNW	8/p7/3N2kp/1pp3p1/4R1K1/5P2/Pr6/8 w - - 0 48	d6f5 h6h5 g4g3 g6f5	1759	hard	crushing deflection endgame master masterVsMaster short
nojtG	8/8/1p6/7P/6P1/P1P1pk1K/1P4R1/5r2 w - - 0 52	g2g3 f3f4 g3e3 f4e3	1759	hard	advantage defensiveMove endgame rookEndgame short
DH61F	1r1R4/1r3k1p/2B1n1p1/2pQ1p2/2P2P2/8/1q2P2P/3R2K1 w - - 4 40	c6b7 b8d8 d5d8 e6d8	1760	hard	crushing master masterVsMaster middlegame short
MsxU8	1r2n2k/4b2P/3p1nQ1/3Pp3/1B6/PN3q2/1pP5/1K4R1 b - - 0 35	f3h5 g6g8 f6g8 h7g8q	1760	hard	advancedPawn master mate mateIn2 middlegame promotion short
cLtrk	4r3/1pp5/p2p2pk/2nPrbRP/2P2N2/1B3P2/PP3K2/6R1 w - - 1 33	h5g6 c5d3 f2g3 h6g5	1760	hard	advantage interference master middlegame short
gPTnZ	2rqR1k1/1b3p2/p4pnB/1pbP1N1N/8/3B3P/PP3PP1/6K1 b - - 2 27	d8e8 h5f6 g8h8 h6g7	1762	hard	fork mate mateIn2 middlegame short
WHfsU	rnbqkb1r/pppp1pp1/3n3p/4N3/2BP4/8/PPP1QPPP/RNB1K2R b KQkq - 0 6	d6c4 e5c6 f8e7 c6d8	1763	hard	advantage discoveredAttack discoveredCheck opening pin short
WZEPx	r1b1k1nr/pp1p3p/4p1p1/4b1B1/2B1N3/8/Pq3PPP/R2Q1RK1 b kq - 1 14	b2a1 e4d6 e5d6 d1a1	1763	hard	crushing deflection middlegame short
lrYj8	2r5/p3k3/4p2Q/3nP1P1/8/8/PPr2PK1/8 b - - 0 38	c8f8 h6h7 e7d8 h7c2	1763	hard	advantage endgame fork master short
VfzmP	6k1/ppp3pp/8/3P1N2/P3p3/q1P5/2P3PP/5RK1 b - - 0 24	e4e3 d5d6 a3d6 f5d6	1764	hard	crushing endgame short
XPD3E	5nk1/5q1p/R5n1/8/P2Q2P1/7K/8/8 w - - 5 58	d4e4 f7f1 h3g3 f1a6	1764	hard	crushing endgame fork short
XoVQm	3Q3r/2P5/8/8/8/P5k1/2K2p2/8 b - - 0 52	h8d8 c7d8q f2f1q d8d3	1764	hard	advancedPawn crushing endgame promotion short
plIHM	r4r2/p1pnqppk/1p6/3RP3/6P1/4QP2/PPP4P/2K4R b - - 0 17	c7c6 e3d3 h7g8 d5d7	1764	hard	advantage middlegame short
6WjY6	r5k1/5pp1/4p3/3pqn1p/7P/1P1P2P1/P1RQ1PBK/8 b - - 6 26	f5h4 f2f4 e5f6 g3h4	1767	hard	advantage endgame master short
Yn85o	kb6/8/p2NpB2/P2nP2R/3PK1p1/5rP1/5P1P/8 w - - 1 40	h5g5 d5c3	1767	hard	endgame mate mateIn1 oneMove
oMG6U	r2q1rk1/ppp2p1p/1n4p1/4b3/4b1N1/2P4P/PP2BPP1/R1BQR1K1 b - - 3 15	d8d1 e2d1 e5g7 e1e4	1768	hard	crushing discoveredAttack master middlegame short
0CWeX	4r3/1p3ppp/p7/2kn4/8/1N6/PP3PPP/3R2K1 b - - 1 21	c5b4 d1d4 b4b5 d4d5	1769	hard	crushing endgame fork short
KnbUB	7k/p3p1bP/2p5/3p2Q1/6R1/7P/P1R3PK/qr6 w - - 3 28	g5e7 g7e5 e7e5 a1e5	1769	hard	crushing endgame short
QVGzZ	3r2k1/5p1p/6p1/p7/4Q3/1PK2R1P/P2q4/4R3 w - - 1 49	c3c4 d2b4	1769	hard	endgame mate mateIn1 oneMove
vs9n9	1r5r/R6p/k4pp1/2R1p3/2P2n2/1P2B3/P4P1P/2K5 b - - 0 27	a6a7 c5c7 a7a6 c7a7	1769	hard	discoveredCheck doubleCheck endgame master mate mateIn2 operaMate short
L4rTT	r1b1k2r/1pppnppp/pb3q2/3P4/8/1N1B4/PPP2PPP/R1BQ1RK1 w kq - 1 11	f1e1 b6f2 g1h1 f2e1	1770	hard	advantage fork opening short
3DvU1	8/3n4/P1k5/2B5/1pP3p1/1P1K2P1/8/8 w - - 1 56	a6a7 d7c5 d3e3 c6b7	1772	hard	crushing endgame hangingPiece short
nk36V	1k1r3r/1p3ppp/p1n1p3/1pR2b2/1P1Pn3/Pq2P3/1B1QBPPP/R3N1K1 w - - 6 18	d2c2 e4c5 c2b3 c5b3	1772	hard	crushing middlegame short
pi4qG	5nk1/1p2bpp1/7p/p3p2P/P3N3/1qP1BPQ1/6P1/6K1 w - - 0 38	e3h6 b3b6 g1h2 b6h6	1773	hard	crushing endgame fork master short
reeUw	3q2k1/p4ppp/2p5/8/2B5/4bP1P/PPK5/3R3R b - - 1 26	d8f6 h1e1 h7h5 e1e3	1774	hard	crushing endgame short
KLJWu	r3k2r/1b1pnpp1/p2P1q1p/1p5n/8/1B3N2/PP2QPPP/2RR2K1 b kq - 0 17	e8g8 d6e7 f8e8 d1d7	1775	hard	advancedPawn advantage discoveredAttack middlegame short
Pnck0	r3k2r/p2N1pBp/1p2p3/2b5/8/1P2P3/P4P1P/3RK2b b kq - 0 18	h8g8 d7f6 e8e7 d1d7	1775	hard	fork mate mateIn2 middlegame pillsburysMate short
knTVM	2r5/n4k2/5p2/3P4/BP3BQ1/P6P/8/4q2K w - - 1 45	h1g2 c8g8 g4g8 f7g8	1775	hard	crushing endgame master pin short
oC2fp	2kr2r1/pp3p2/3qp2p/PP4Nb/4n3/7P/2P1BPP1/R3QRK1 b - - 0 22	h5e2 g5e4 g8g2 g1g2	1775	hard	advantage hangingPiece middlegame short
2G7LJ	2kr3r/ppp1qpp1/3b1n1p/1b1p4/3P4/1P2PN1P/PBPN1PP1/R2QK2R w KQ - 3 12	c2c3 e7e3 f2e3 d6g3	1776	hard	bodenMate mate mateIn2 middlegame sacrifice short
BuZhv	4Q3/pp2P3/7k/7p/8/2P2R1P/PP1q2K1/8 w - - 8 46	g2g3 h5h4 g3h4 d2g5	1776	hard	attraction endgame mate mateIn2 short
976se	7Q/pp2rkpp/2p2p2/2q1r3/2P5/4PR1P/P5P1/5R1K b - - 5 30	h7h6 f3f6 g7f6 f1f6	1777	hard	endgame mate mateIn2 sacrifice short
NjVnX	3rr1k1/p1b2p2/b1ppn1pp/P3pNqB/2P1P2P/2NP4/5PP1/R2Q1RK1 b - - 0 24	g5h5 g2g4 g6f5 g4h5	1777	hard	advantage middlegame short trappedPiece
XemrA	2kr1b1r/ppN2Rpp/8/4P3/5n2/8/PP4PP/2R4K b - - 1 20	f4d3 c7a6 d3c1 f7c7	1777	hard	clearance discoveredAttack discoveredCheck mate mateIn2 middlegame queensideAttack sacrifice short
3Lytq	R2r3r/3k3p/1p5q/2pQ1p2/5p2/2P5/PP3PPP/6K1 b - - 0 29	h6d6 a8a7 d7e8 d5f7	1779	hard	endgame mate mateIn2 short
KnURP	r2q1rk1/ppp1bppp/2n2n2/8/3PN1b1/P4N2/1PB2PPP/R1BQK2R b KQ - 0 11	c6d4 d1d4 d8d4 f3d4	1779	hard	advantage opening short
LMGcQ	3r3r/p1k3pp/2p1b3/1pbnP1B1/8/2P2BP1/PP3PP1/R2R2K1 b - - 5 21	c5e7 f3d5 d8d5 g5e7	1779	hard	advantage capturingDefender middlegame short
I4Qsp	5rk1/1p1q4/p1p2rp1/3pn1Q1/3R1N1P/1P6/P3B3/6K1 b - - 0 31	g8g7 f4h5 g7h8 h5f6	1780	hard	advantage middlegame pin short
sJvfa	r1bqkr2/pppnnpQN/3p2p1/8/4P3/2p5/PPP2PPP/R3KB1R b KQq - 0 11	c3b2 g7f8 d7f8 h7f6	1780	hard	mate mateIn2 opening sacrifice short
M5KKb	R7/1p2p1r1/3p2p1/p2Nb1P1/k1P1Pp2/5P2/PP6/2K5 b - - 2 33	g7h7 b2b3 a4a3 a8a5	1782	hard	deflection endgame mate mateIn2 short
j8Hwf	2kr3r/Bp1n1ppp/2p2n2/2b1p3/2Bq4/1Q3N2/PPP3PP/R4R1K b - - 4 15	d4e3 b3e3 c5e3 a7e3	1782	hard	crushing middlegame short xRayAttack
nzNAz	r7/ppq3kp/2n1p1p1/3p1r2/3P3Q/4B1P1/PP4P1/R4RK1 b - - 3 20	a8f8 e3h6 g7g8 h6f8	1782	hard	advantage middlegame short skewer
ZpcXl	5rk1/5p1p/p3p1p1/7r/5P2/P1P1Pq2/1P1Q1PRP/3R3K w - - 9 34	b2b4 h5d5 d2d5 e6d5	1783	hard	advantage endgame short
Xv5pc	rnQ2b1r/p1p1kppp/2q5/4p3/8/8/PPPP1PPP/RNB1K2R w KQ - 2 12	d2d3 b8d7 c8a8 c6a8	1784	hard	advantage middlegame quietMove short trappedPiece
oqmMe	8/8/8/5k2/5Bp1/4PPK1/3r2P1/8 b - - 0 45	g4f3 e3e4 f5g6 f4d2	1786	hard	crushing discoveredAttack endgame short
4zhYA	1r1r1k2/5pbQ/3pp1P1/p7/4P3/Pq6/1pR2P2/1K2N2R w - - 2 30	g6f7 b3a2 b1a2 b2b1q	1787	hard	advancedPawn attraction mate mateIn2 middlegame promotion queensideAttack short
M2XrY	r2r2k1/p4p2/2p2bpQ/2n2q2/2p5/2BP4/PP2BP2/1K5R b - - 2 29	c5d3 h6h8 f6h8 h1h8	1787	hard	mate mateIn2 middlegame operaMate sacrifice short
S8rsS	6r1/p2P3k/8/b3B2p/6q1/5p2/PP3P2/3R1Q1K w - - 5 40	f1d3 g8g6 d3g6 g4g6	1787	hard	crushing defensiveMove endgame short
dUcsI	3rr1k1/1p3p1n/p1p1b1p1/4N3/PPpP4/2N1P1RP/3K1P2/6R1 w - - 0 25	c3e4 e6f5 e4c5 e8e5	1787	hard	advantage discoveredAttack middlegame pin short
0XKJS	7q/pp3Q1P/2p5/2kp4/2n5/4p3/N6R/1K6 w - - 0 44	f7g8 c4a3 b1c1 h8a1	1788	hard	endgame mate mateIn2 short
LBviE	1k1r4/1pp1bpp1/p1q2n1p/4pQB1/4P3/2N4P/PPP2PP1/4R1K1 w - - 0 19	f5e5 e7d6 e5f5 h6g5	1788	hard	advantage middlegame short
m27aa	r3kb1r/pp2pppp/2n2n2/2pq4/2PP1Bb1/5N2/PP3PPP/RN1QKB1R b KQkq - 0 7	g4f3 c4d5 f3d1 d5c6	1788	hard	advantage opening short
9vxIu	5rk1/4Rpb1/1Q2P1p1/7p/1p2qP2/3r1N1P/6B1/6K1 b - - 0 26	d3f3 e6f7 f8f7 e7e4	1789	hard	advancedPawn crushing discoveredAttack master middlegame short
t32Y4	8/2bn1kpp/q3b1p1/1p2p3/1Q1pP1P1/1P1P3P/2PNBPK1/B7 w - - 1 26	a1b2 c7d6 b4d6 a6d6	1789	hard	crushing master masterVsMaster middlegame short trappedPiece
ufWyE	r1b2rk1/ppp2p1p/6p1/3N3P/8/1B5q/PP1Q1P1P/R3RK2 w - - 3 20	f1e2 c8g4 f2f3 h3f3	1789	hard	dovetailMate mate mateIn2 middlegame short
GXwn1	2r5/pr1N1k2/2pR2p1/5p1p/5P1P/1P4R1/Pb2K1P1/8 w - - 5 32	g3g6 b7d7 d6d7 f7g6	1791	hard	advantage deflection endgame short
1kw9p	r1b2rk1/pppp1np1/5nq1/6B1/2B2P2/1Q6/PP4P1/R3R1K1 b - - 0 20	g8h7 c4d3 d7d5 d3g6	1792	hard	crushing middlegame pin short
2HEdt	r1b1k2r/pp1p1pp1/4p3/7p/2Pnn3/1P2qN1P/P3P1B1/RN1Q1KR1 w kq - 0 15	d1d4 e4g3 f1e1 e3e2	1792	hard	mate mateIn2 opening short
MUjf8	8/1p1n4/2p1pk1p/1p1r2pP/4R3/1PP1N1P1/P3K3/8 b - - 4 39	d5e5 e3g4 f6f5 g4e5	1792	hard	advantage endgame fork short
RaEJr	3r1rk1/1b3ppp/p2q1n2/n3pP2/2P1P3/3B1NNP/1R2Q1P1/3R2K1 b - - 2 27	f6e4 g3e4 b7e4 e2e4	1792	hard	advantage middlegame short
zIoVE	r2q1rk1/5pp1/pp5p/2pnBQ2/P6P/2N3P1/1PPR4/6K1 b - - 1 27	d5e7 f5g4 e7g6 d2d8	1792	hard	advantage middlegame short
JY2Xd	5r1k/2pq2pp/1p6/p4r2/P1QnNn2/7P/1P3PPK/3R1R2 w - - 0 23	c4d4 f5d5 d4d5 f4d5	1794	hard	advantage middlegame short
hMvd7	3r1r2/p2n1pk1/4p1pp/2p1P2P/2P1Q3/5NP1/q4PBK/2R5 b - - 0 25	a2f2 c1c2 f2c2 e4c2	1794	hard	advantage master middlegame short trappedPiece
0iBrx	5Q2/8/6kR/8/6p1/4K3/6r1/q7 b - - 3 56	g6g5 f8f4	1797	hard	endgame killBoxMate mate mateIn1 oneMove
1nUo8	5k2/7p/6p1/1p1B4/1PnQ3P/8/6PK/1q6 b - - 7 44	b1b4 d4f6 f8e8 d5c6	1798	hard	balestraMate endgame mate mateIn2 short
4xmNc	3rR1rk/3PR3/p6p/1pp2pq1/5p2/2P5/PP1Q1PP1/6K1 w - - 2 29	e8g8 d8g8 g2g3 g5e7	1798	hard	crushing endgame pin short
x4j2M	4b3/5qpk/5p1p/2p1pP2/4P1Q1/3P2NP/3r2P1/2R3K1 w - - 2 34	c1c5 f7a7 g1h2 a7c5	1798	hard	crushing endgame pin short
1NmTP	2k2b1r/Bppr1Rpp/3pB3/8/6nq/1Q6/PP4PP/RN4K1 w - - 2 16	f7d7 h4e1	1799	hard	mate mateIn1 middlegame oneMove
CXYgm	3QR3/5pp1/B2p2kp/3P4/3BPn2/5P1q/3Q3P/7K w - - 3 38	e8g8 h3f3 h1g1 f4h3	1800	hard	mate mateIn2 middlegame short
DCc3u	r2q1r1k/ppb2ppb/n1p4p/8/3PN1Q1/P5P1/1P3PBP/R1B1R1K1 w - - 7 19	b2b4 f7f5 g4d1 f5e4	1800	hard	advantage fork middlegame short
vVLPj	r6k/3qp1rp/3p1pbQ/p2P2P1/2PB4/RP6/7R/6K1 w - - 0 32	g5f6 d7g4 h2g2 g4d4	1800	hard	crushing fork middlegame short
2WyJK	4r3/ppp3kp/6p1/8/8/P3q2P/NP1p2P1/3Q2RK b - - 0 30	e3g1 d1g1 e8e1 a2c3	1801	hard	advantage defensiveMove endgame hangingPiece short
uBN7C	r2q1rk1/1bpnbpp1/1p1p3p/p1P1p3/1P1PP3/P2B1N2/2QN1PPP/R2R2K1 b - - 0 15	e5d4 c5c6 b7c6 c2c6	1801	hard	crushing fork master middlegame short
WKCeK	5r2/1r5p/2RB4/8/N3n3/1P3q2/k1R4P/6K1 b - - 1 32	a2b3 c2b2 b3a4 c6a6	1802	hard	mate mateIn2 middlegame sacrifice short
Y8ewu	6k1/3p1pp1/2RP3p/8/6P1/1p5P/1B1K3r/8 w - - 1 39	d2c3 h2c2 c3b3 c2c6	1802	hard	crushing endgame short skewer
mIUzM	5b1r/1p1k2pp/p3p3/3q4/8/2QP2PP/PP5K/5R2 b - - 1 26	f8d6 c3g7 d6e7 g7h8	1803	hard	advantage endgame fork short
WFA9Z	3r4/1p2q1k1/1P1p3r/2nR1p2/5Np1/4P1P1/5PB1/3Q2K1 b - - 17 47	e7f7 d5c5 d6c5 d1d8	1804	hard	advantage discoveredAttack master middlegame short
XZsXB	r6r/pbk2N1p/1q1bQ3/1ppp4/3P4/2P5/PP3PPP/RN3RK1 w - - 3 19	d4c5 d6h2 g1h2 b6e6	1804	hard	crushing discoveredAttack middlegame short
fCN3D	1k3b1r/ppp1pNp1/2n3q1/8/2P4p/3rB2P/PP2QPP1/R3R1K1 b - - 0 15	d3e3 f7h8 e3e2 h8g6	1804	hard	advantage hangingPiece middlegame short
kl7af	5rk1/pQ5p/4q1p1/2p5/n3b3/2P3K1/2P1NPPP/2R1R3 w - - 7 31	e2f4 f8f4 b7b8 f4f8	1804	hard	crushing master middlegame short
vQHeP	2Q5/k7/2P3p1/1q3p2/8/5P1P/p4BPK/1q6 b - - 1 60	b5b6 c8b7	1804	hard	endgame mate mateIn1 oneMove pin
TCJs3	r1b2rk1/6pp/p1n1pp2/qp1n2N1/8/PR1BP3/2PNQ1PP/5RK1 b - - 3 17	f6g5 d3h7 g8h7 f1f8	1805	hard	crushing deflection kingsideAttack middlegame short
8pSMi	2kr3r/1pb5/2p5/p3p1Pp/3n1pqP/P2P1R1B/1P6/R1BQ3K b - - 3 25	d4f3 d1f3 g4h3 f3h3	1806	hard	advantage middlegame pin short
HfmMK	1B4k1/1b1r2b1/1pp4p/p3p1pP/4B3/PP2K3/8/5R2 b - - 1 36	d7f7 e4h7 g8h7 f1f7	1806	hard	crushing deflection endgame short
NvNgY	1Q2k2r/4bp1p/q1N1b1pB/8/3pN3/2p5/r4PPP/4R1K1 b k - 3 22	e8d7 c6e5	1806	hard	master mate mateIn1 middlegame oneMove
1y1eN	B5R1/2p4p/pp1p2p1/4b1k1/2QnnqN1/7P/P1P3K1/6R1 w - - 20 38	g4e5 f4g3 g2f1 e4d2	1808	hard	fork mate mateIn2 middlegame short
rKABC	r1q4r/pp3kp1/1n3Rp1/3Q4/1b1P1BP1/7P/PPP2P2/R5K1 b - - 2 21	f7f6 f4g5	1808	hard	mate mateIn1 middlegame oneMove
0fkwn	5r1k/2p4p/2nb1p2/4p2q/8/1Q5R/P4PPP/R5K1 b - - 7 23	h5g5 b3c2 h7h6 c2c6	1809	hard	advantage middlegame short
8sHYo	r1b2rk1/1p4b1/2n1p2p/p2p4/P5p1/1B1Q2Pq/1PP2P1N/RNB2RK1 w - - 1 21	d3g6 c6e5 g6g4 e5g4	1809	hard	crushing middlegame short trappedPiece
aEuTw	2k4r/1pp2ppp/p1pr4/8/4Pbq1/2QP1N2/PPP2PPP/R4RK1 w - - 2 17	a1d1 d6g6 g2g3 g4f3	1809	hard	advantage middlegame pin quietMove short
1IWhd	r3kb1r/pbpp1pp1/1p2pqp1/8/4P3/1PNP4/1PP2PPP/R1BQ1RK1 w kq - 4 11	c3b5 f6e5 h2h3 e5b5	1810	hard	crushing middlegame short
M3zNY	2rqr1k1/p4ppp/5n2/8/2pPP3/2Q5/P2N2PP/1R2R1K1 w - - 1 22	b1b4 f6d5 e4d5 e8e1	1810	hard	advantage kingsideAttack middlegame short
Y4tCa	1r4k1/1B3pp1/p3b2p/4P3/8/1P5P/q4PP1/3QR1K1 w - - 1 24	b7d5 b8d8 d1a1 a2a1	1810	hard	advantage endgame master short
FELin	rn1q3r/5kb1/p2p1p2/1p6/4PNQP/8/PPP3P1/R3K2R b KQ - 0 19	b8c6 g4e6 f7f8 f4g6	1813	hard	mate mateIn2 middlegame short
UIV2R	b1r3k1/6pp/p4p2/3Pp3/2p1P3/5PQ1/P1Bq2PP/1R5K w - - 1 28	c2a4 d2a2 g3e1 a2a4	1813	hard	crushing endgame fork short
53jad	8/7p/5b1k/8/2QPqP2/1N2P3/7P/5K2 w - - 9 46	c4e2 e4h1 f1f2 f6h4	1814	hard	endgame mate mateIn2 short
wcqTR	2rq1rk1/1b2bpp1/p3p2p/np1pP3/8/P1N2NP1/1P2QPP1/1BRR2K1 b - - 0 19	a5b3 e2c2 g7g6 c2b3	1814	hard	advantage master opening short
9r8Sp	2kr3r/Bp4b1/1Ppp4/Q2Bp3/2P1N2q/8/P4Pbp/R3R2K w - - 1 26	h1g2 h4h3 g2h1 h3f3	1815	hard	master mate mateIn2 middlegame short
jlXeR	r4rk1/p2R1pbp/2Q3p1/8/5pq1/P1P1B3/1P3PPP/5RK1 w - - 0 23	e3a7 f4f3 c6f3 g4d7	1815	hard	advantage deflection middlegame short
SAuaW	8/1pp1k1p1/p2b2P1/1P1bn3/P3p1P1/4PNK1/3NQP1r/R4R1r w - - 0 24	f3h2 e5f3 g3g2 h1h2	1817	hard	discoveredAttack discoveredCheck hookMate mate mateIn2 middlegame operaMate short
51e9v	r4rk1/1p2bppp/p1b1p3/q1P5/3NP3/2P1B3/P1Q2PPP/R4RK1 b - - 3 14	e7c5 d4b3 a5a4 e3c5	1818	hard	crushing discoveredAttack middlegame short
05V7Z	Bn2r1k1/p4ppp/3p4/2p3bP/3p2P1/1P1Q4/1PP1N2q/R2NK3 w Q - 0 21	d1f2 h2g1	1819	hard	master mate mateIn1 middlegame oneMove pin
BZ6BE	r5k1/1pp2rpp/1p2p3/4p2n/4P2q/P1PPBP2/1P5P/R4QRK b - - 7 18	a8f8 e3g5 h4f4 g5f4	1819	hard	crushing master middlegame short trappedPiece
fDgJl	4r1k1/R5p1/3p3p/2p3q1/2PpP3/7P/1r3PP1/Q4RK1 b - - 5 30	b2c2 a1a4 g5g6 a4c2	1819	hard	advantage endgame fork short
NDJOO	r1b4r/ppppk1p1/2n3Bp/2bNp3/4P2q/3P3n/PPPN2PK/R1B2R2 b - - 4 14	e7d6 d2c4 d6e6 g6f7	1820	hard	mate mateIn2 middlegame short
QP7Xq	6k1/p1p4p/3p2p1/n6r/3QPr2/2P2P1q/PP4N1/R4RK1 w - - 0 24	g2f4 h3h2	1820	hard	mate mateIn1 middlegame oneMove
ak1EN	3r2k1/3r1p1p/p2qpbp1/1ppPp2n/2P1P3/1P1R1NP1/PB1Q1P1P/3R2K1 w - - 0 25	d5e6 d6d3 e6d7 d3f3	1820	hard	advantage middlegame short
haLnd	r2q3r/p5b1/bp2N3/3pPnk1/1P1P4/P6R/5P2/2R1KB2 b - - 0 26	g5g4 f2f3	1820	hard	mate mateIn1 middlegame oneMove
BerWB	r3k2r/pp3pp1/2nppn2/8/3P1B1p/5N1q/PPP1BP2/R2QR1K1 w kq - 0 14	d1d3 h3g4 g1h1 g4f4	1821	hard	advantage fork middlegame short
HFF9K	5k2/1p3pp1/bR2p2p/P7/4KP2/3r3P/R4P2/8 w - - 3 30	b6b7 f7f5 e4e5 a6b7	1821	hard	crushing endgame intermezzo short
KvITP	2r5/3q1rpk/3p2Rp/p7/1P2QP2/1p2P3/3P4/3K2R1 b - - 0 32	b3b2 g6g7 h7h8 e4h7	1821	hard	discoveredCheck doubleCheck endgame mate mateIn2 short
zXFOF	8/8/8/4kr1p/5R1P/4K1P1/8/8 b - - 26 57	f5f4 g3f4 e5d5 e3d3	1821	hard	crushing defensiveMove endgame master masterVsMaster short
BCjl4	4r1k1/1R4p1/8/p2N3p/2PB3P/3KP1b1/r5P1/8 b - - 1 35	g3e5 d5e7 g8h7 d4e5	1822	hard	crushing endgame interference master short
JbdyJ	1r3r1k/1b2Q2n/p1q2p2/2p5/8/2N3R1/PP3PPP/3R2K1 b - - 1 27	f8g8 d1d7 c6d7 e7d7	1822	hard	crushing master middlegame short
Nlghf	8/pp5R/3R3p/5p1k/P7/1r4P1/7r/4K3 b - - 13 41	b3b2 d6h6 h5g4 h6h2	1822	hard	crushing endgame rookEndgame short
ArvCg	2k4r/1pp3p1/p1n1R3/1P1p1B1p/P2P4/2P5/5KP1/R6q b - - 0 22	h1a1 e6e8	1823	hard	doubleCheck endgame master mate mateIn1 oneMove
TBrgg	r7/6Rp/3n1p2/7k/p7/4B3/5PP1/6K1 b - - 0 34	d6f5 g2g4 h5h4 g4f5	1823	hard	crushing endgame fork short
ugJg8	3k4/1Q2r1p1/p4p2/1p2b3/7q/2P2B2/1P1r2PP/R3R2K w - - 7 31	b7b6 e5c7 b6c7 e7c7	1823	hard	crushing defensiveMove middlegame short
4I86D	8/6R1/1pp1k2p/4p2P/1PPbK1P1/1R6/8/4r3 w - - 1 46	e4f3 e5e4 f3g2 d4g7	1824	hard	crushing discoveredAttack endgame master short
qjvjJ	rq1r2k1/2p1bRpn/p7/1p2p1p1/1P2Q3/P1N1B2b/2P1N2P/R5K1 b - - 0 21	h7f6 e4g6 e7f8 f7f6	1824	hard	crushing middlegame pin short
wB9GJ	1n4k1/1p3pbp/q3p1p1/8/1Q1P4/4PNP1/2r2P1P/BR4K1 w - - 1 24	b4b7 c2c1 b1c1 a6b7	1824	hard	advantage deflection middlegame short
xWsYQ	8/4Q2p/3p2p1/3Ppp1k/2P1n3/5N1P/4q1PK/8 b - - 3 29	e2f2 e7h7	1824	hard	endgame master mate mateIn1 oneMove
z8hPG	6rk/ppp4p/5pq1/3p1n2/3P1QN1/P1P2P1P/P5RK/8 b - - 2 33	h7h5 g4e3 f5e3 g2g6	1825	hard	crushing discoveredAttack endgame master short
1e2bm	4k3/2p2pp1/6p1/1pb5/5PNK/1BPr4/1P6/1R6 w - - 0 47	g4e5 c5e7 h4g4 f7f5	1826	hard	endgame mate mateIn2 short
Ci5bL	r4rk1/ppp2ppp/3p4/5Nq1/4Pp2/2PP3b/PP3PB1/R2Q1RK1 w - - 3 18	d1f3 h3g4 f3g4 g5g4	1826	hard	crushing middlegame short trappedPiece
FaI52	6k1/pp6/2p4p/2nq1Q1P/8/P3P3/KP3p2/3R4 w - - 0 37	f5d5 c6d5 d1f1 c5e4	1826	hard	crushing defensiveMove endgame short
zB5VY	r2q2k1/ppp2p1p/3B4/2b1pp2/2B1P3/3b1P2/PPP2P1P/R2Q2K1 w - - 0 15	d6c7 d8g5 g1h1 d3c4	1826	hard	advantage middlegame short
Ph2CI	8/2R5/4k2p/3p4/r3n3/2B4P/P4PP1/6K1 w - - 7 36	c7c6 e6d7 c6h6 e4c3	1827	hard	advantage defensiveMove endgame short
E3pM8	1rb4r/p2kp2p/2p1p3/2p5/2Bb1P2/1P2B3/P1P3P1/1NKR4 b - - 3 21	h8d8 c2c3 d7e8 c3d4	1828	hard	advantage master middlegame pin short
hcnWm	r1q2kr1/ppp3pp/1n2Nnb1/6B1/2QP4/2N5/PPP3PP/4R1K1 b - - 3 18	f8f7 e6d8 f7f8 c4c5	1828	hard	discoveredCheck doubleCheck mate mateIn2 middlegame short
KeSHL	r2q1r1k/1pp1n1pp/pb4bQ/4B1N1/1Pp5/P1PP3P/5PP1/R4RK1 b - - 2 20	f8g8 h6h7 g6h7 g5f7	1829	hard	kingsideAttack mate mateIn2 middlegame sacrifice short smotheredMate
TztGz	r3k3/1p2pp2/8/p4Q2/P2n4/2q5/3N2P1/3RKB2 w q - 0 27	f5e4 c3g3	1829	hard	mate mateIn1 middlegame oneMove
c7Bqd	3r2k1/n5p1/1bp4p/p3p3/P3Pq2/8/1BPQ1PPP/2KR3R w - - 3 23	b2e5 f4e5 d2d8 b6d8	1829	hard	crushing hangingPiece middlegame short
wxlT1	r2q1rk1/ppp2pB1/3bbn2/3p4/3P4/2Nn1N1P/PPPQ1PP1/R4RK1 b - - 0 12	d6f4 g7f6 f4d2 f6d8	1829	hard	advantage middlegame short
Pj63p	N4b1r/pb1kpppp/1pnp4/1B6/8/B1Q5/q1P2PPP/5RK1 b - - 5 16	b7a8 b5c4 a2c4 c3c4	1830	hard	advantage middlegame short trappedPiece
wklnB	r4rk1/ppp2ppp/2pbbq2/4Nn2/3PNB2/2P5/PP2QPPP/R3R1K1 b - - 6 13	f6h4 f4g5 h4e4 e2e4	1830	hard	crushing middlegame short trappedPiece
Dk7SE	8/1p3pk1/p3b1p1/8/2PR1P1q/1P6/P2RB1KP/8 w - - 5 38	e2f3 e6h3 g2g1 h4e1	1831	hard	endgame mate mateIn2 short
gcVSH	1n3rk1/p4ppp/8/2bp4/8/1Q5P/PP1PqRP1/RNB3K1 w - - 0 16	b3f3 e2e1 g1h2 c5f2	1831	hard	crushing fork middlegame pin short
lD89N	8/2r1qpkp/p1r1p1p1/Pp1p4/1P1P4/2P1R3/3Q1PPP/2R2K2 b - - 6 32	e7b4 c3b4 c6c1 e3e1	1831	hard	crushing endgame short
rpxj2	6k1/1p1bnppp/3r4/3P3Q/1qB1P3/1P6/6PN/r4RK1 b - - 2 27	a1a3 h5f7 g8h8 f7e7	1831	hard	crushing fork middlegame short
3hs3p	1r1r2k1/p1qn1Rpp/3N4/2P5/3Q4/P6P/6P1/5RK1 b - - 0 27	c7c5 f7g7 g8h8 d6f7	1832	hard	master mate mateIn2 middlegame short
FXN0y	r7/8/1P6/3p1p1p/7P/2k5/PR3PK1/8 w - - 1 36	b6b7 a8g8 g2f3 c3b2	1832	hard	crushing endgame master rookEndgame short
QAIoJ	4r3/3b1pk1/p2p1p2/2pP2P1/1p2B1nQ/3P4/qPP3K1/7R b - - 3 34	f6g5 h4g5 g7f8 h1h8	1832	hard	mate mateIn2 middlegame short
XmNPj	8/1q1r1k1p/4Q1p1/5p2/1p6/3P2PK/1P3r1P/4R3 b - - 5 32	f7f8 e6f6 d7f7 f6h8	1832	hard	endgame mate mateIn2 short
92FOI	6nr/3k3p/4p3/8/1b1B4/3b1B2/PPrN1PP1/R3K2R w KQ - 2 31	f3e2 c2d2 e2d3 d2d3	1833	hard	advantage discoveredAttack discoveredCheck middlegame short
HjtHy	3rr3/2N3kp/2b3p1/1p2pp2/5n2/3B1P2/PPP3PP/4RR1K b - - 2 27	f4d3 c7e8 c6e8 c2d3	1833	hard	advantage intermezzo middlegame short
rPtkr	rq1r1k2/5p1Q/p1n2b2/1p1p4/8/1NP1B3/1P4P1/1K2RB2 b - - 0 27	b8g3 e3h6 f6g7 h7h8	1833	hard	mate mateIn2 middlegame pin short
0cVmV	r2qk2r/1pp2ppp/p1np4/8/2B1PBbb/2NP1N2/PPP5/R2QK1R1 w Qkq - 2 14	e1e2 c6d4 e2e3 g4f3	1834	hard	advantage middlegame pin short
Ah1Nb	r2q1rk1/ppp2ppp/5n2/8/3B4/1P1B1b2/P1P2PPK/RN1Q1R2 w - - 0 12	d4f6 d8d6 h2g1 f3d1	1834	hard	advantage fork middlegame short
EUL3m	r4rk1/p1Qp2p1/1pb4q/5p2/8/3N4/PPP2PPP/R3R1K1 w - - 1 20	d3e5 f8c8 c7c8 a8c8	1834	hard	advantage middlegame short trappedPiece
Nnjjd	3r3k/R5p1/4Q3/5pqp/1R2p3/4P2P/4rPP1/7K w - - 1 39	b4b7 e2f2 e6e8 d8e8	1834	hard	crushing endgame short
llIZf	5r2/1pp3kp/p1n3p1/5q2/2Qn4/3PR3/PPP2PPP/5RK1 w - - 0 23	c2c3 b7b5 c4d4 c6d4	1834	hard	advantage middlegame short trappedPiece
su9lx	5bnr/1Q2kpp1/p2p3p/8/2r1P3/2P1Bq2/PP3P1P/R4RK1 b - - 3 16	e7f6 e4e5 f6g6 b7f3	1834	hard	crushing discoveredAttack middlegame short
cmbi7	8/p1r3pp/R7/2p1k2b/8/4KP1B/8/8 b - - 6 32	h5g6 f3f4 e5d5 h3e6	1835	hard	endgame mate mateIn2 morphysMate short
B2qJ6	2k4r/ppp2pp1/5q2/2b4p/5Bn1/3P1QPP/PP4K1/R4R2 w - - 3 20	h3g4 f6b2 f4d2 b2d2	1836	hard	advantage middlegame short
xaSAa	8/8/8/3K4/p1n1P3/3k4/8/1N6 b - - 6 54	c4d2 b1d2 a4a3 d2b3	1836	hard	crushing defensiveMove endgame knightEndgame short
e58am	2k3rr/1pp1B3/n4p2/3p1bpp/Q2P1q2/2P2N2/P4PPP/R3R1K1 w - - 4 20	e7f6 f5d7 a4b3 f4f6	1837	hard	advantage discoveredAttack middlegame short
qAOnk	r1bq1b1r/ppp1pkpp/5n2/3Pp3/2B5/2N2N2/PPP2PnP/R2Q1K1R b - - 1 12	c8h3 f3g5 f7e8 g5h3	1837	hard	advantage fork opening short
BCOAB	rnb2bnr/ppp1q1p1/1k5p/4p3/P1Q1Pp2/1B1P3P/2PB1PP1/R3K2R b KQ - 0 16	c7c5 d2a5 b6a5 c4b5	1839	hard	attraction mate mateIn2 middlegame sacrifice short
UNYyh	r2q1rk1/pb1nbppN/4p3/1p1n4/2pPN3/2P5/PPB1QPPP/R1B2RK1 b - - 0 13	g8h7 e4f6 h7h8 e2h5	1839	hard	discoveredCheck doubleCheck mate mateIn2 middlegame short
aqfvj	r2q1rk1/2pbbppp/3p1n2/np1Np3/4P3/1B1P1N1P/1PP2PP1/R1BQ1RK1 b - - 3 12	a5b3 a1a8 d8a8 d5e7	1841	hard	crushing middlegame short
q9GR3	6k1/5pp1/p3p3/4P1QP/1qb5/5B2/5PK1/8 b - - 0 40	c4d3 g5d8 b4f8 d8d3	1841	hard	advantage endgame fork master short
ubY3y	5r1k/6qp/p2p2p1/1p1Pp1Q1/8/P1P4P/1P4P1/5RK1 w - - 4 28	g5g4 g7a7 g1h2 f8f1	1841	hard	crushing deflection endgame short
SAW04	6k1/6p1/7p/p2P4/2P1p2P/3qQKP1/P7/8 w - - 0 41	f3f4 g7g5 f4f5 d3e3	1842	hard	crushing deflection endgame master queenEndgame short
IlVqs	3r2k1/3q1pp1/1Q3b1p/7R/6P1/4B2P/r4P2/4R1K1 w - - 2 30	e3h6 f6d4 b6d8 d7d8	1844	hard	crushing middlegame short
K7nF6	3r1r1k/pb3ppp/1p2pn1N/8/1P2R2Q/q2B2PP/2P2P2/1R4K1 b - - 5 30	f6e4 h6f7 h8g8 f7d8	1844	hard	advantage kingsideAttack middlegame short
ahWSw	3rrb1k/p6b/1p4Np/2pqp2p/3n1p2/3P2QP/1P1R1PP1/2BBR1K1 b - - 1 26	h8g7 g6f4 g7h8 f4d5	1844	hard	advantage discoveredAttack discoveredCheck middlegame short
be4Ms	6k1/1p1r2p1/p3Rnqp/8/2PQ4/1P5P/PB4P1/6K1 w - - 0 33	d4d7 g6b1 g1h2 f6d7	1845	hard	crushing endgame fork intermezzo master short
yh0bK	r2qkbnr/pp1b1ppp/2n5/1BppN3/3P4/8/PPP2PPP/RNBQK2R w KQkq - 4 7	d1f3 c6e5 b5d7 e5d7	1846	hard	advantage opening short
PBiCL	r6k/1p3Qb1/1qp1nB1p/8/1P6/8/P4PPP/1R4K1 b - - 0 26	a8a2 f6g7 e6g7 f7a2	1847	hard	advantage master middlegame short
iU54h	1r2qrk1/4p1bp/4b1p1/2Q1p1N1/7P/1p4P1/5PB1/3RR1K1 b - - 1 25	e6g4 c5c4 g8h8 c4g4	1847	hard	advantage fork master masterVsMaster middlegame short
z9LUo	7r/Qb1qbpk1/3p2p1/1p2p3/2n1P1N1/2P2N2/1PB2PPP/3R2K1 w - - 8 27	b2b3 h8a8 a7b7 d7b7	1848	hard	advantage master middlegame short trappedPiece
rVwU3	3r3k/R5p1/p4p1p/1p1r1q2/8/P1Bp4/1PbQ1PPP/4R1K1 b - - 7 31	d8d6 d2h6 g7h6 e1e8	1849	hard	kingsideAttack mate mateIn2 middlegame sacrifice short
S6Tkh	rn2rk2/ppqb4/4p2p/2p1P2Q/1nP2R2/8/PP3PPP/RB4K1 b - - 1 18	f8e7 h5h4	1851	hard	mate mateIn1 middlegame oneMove
nWR26	4Q3/8/8/2P3k1/6p1/7P/6P1/2q3K1 w - - 6 63	g1h2 g4g3 h2g3 c1f4	1851	hard	attraction endgame mate mateIn2 queenEndgame short
rJ6WP	r3k2B/4pp2/p7/1p5p/4q3/2P1b2Q/P5PP/R2K1R2 w q - 0 25	h3f3 e4d3 d1e1 d3d2	1851	hard	mate mateIn2 middlegame short
Gvl2n	8/1B6/P3R3/k7/1p6/2b5/2P1K3/4r3 w - - 21 52	e2f2 e1e6 a6a7 c3d4	1852	hard	crushing endgame hangingPiece master short
RfdSh	r2q1rk1/pp1b1pp1/4p1n1/1N1pP1p1/5P2/P2B3R/1PP4Q/2KR4 b - - 1 22	d7b5 h3h8 g6h8 h2h7	1852	hard	clearance kingsideAttack mate mateIn2 middlegame sacrifice short
LuV7l	r4rk1/ppp1b1pp/1q2b3/2n5/1P6/2N1QN2/P3PPPP/3RKB1R w K - 1 16	b4c5 e7c5 d1b1 c5e3	1854	hard	advantage middlegame short
a8ZYT	r1b3k1/p4pp1/2p2n1p/nqb5/8/2N5/PPBQ1PPP/R4RK1 b - - 0 18	b5b2 c2h7 g8h7 d2b2	1854	hard	advantage discoveredAttack middlegame short
aJneN	r4r1k/p4p1p/1p2p3/2p5/1nP5/1B5N/PP1Q1PqP/2K3R1 b - - 2 22	g2h3 d2g5 h3f1 g1f1	1854	hard	crushing middlegame short
3rG0l	r1bq1r1k/1p2ppbp/p2p1R1B/2p1n1N1/2B1p2Q/2NP4/PPP3PP/R5K1 b - - 0 13	g7f6 h6g7 f6g7 h4h7	1855	hard	discoveredAttack kingsideAttack mate mateIn2 middlegame sacrifice short
V8Haf	q7/p3kp2/1pb2p1p/2p1pP1N/4P3/2PQ3P/PP4r1/3R3K b - - 1 28	c6e4 d3d6 e7e8 h5f6	1855	hard	deflection endgame mate mateIn2 short
jhrzY	r4k2/pp3p2/7p/1PPp1q2/P7/4PpQP/8/6RK b - - 3 32	f3f2 g3d6 f8e8 g1g8	1856	hard	endgame mate mateIn2 short
1C45y	r3kb1r/pp3pp1/2n1pnp1/2qp4/5BPP/2P1PP2/PP1NQ3/R3KB1R b KQkq - 0 13	f8d6 d2b3 c5b6 f4d6	1858	hard	crushing middlegame short
7MlAA	7r/1p6/p2b4/8/1P1n3p/1BN5/1kP5/5R1K b - - 3 35	d6b4 c3a4 b2a3 f1a1	1858	hard	endgame mate mateIn2 short
a1fDI	4r1k1/pp6/2p2n2/3p1N2/3P1qPp/PP3P2/1BP2KP1/R4Q2 w - - 3 29	a1e1 f6g4 f2g1 f4h2	1858	hard	mate mateIn2 middlegame pin short
f2KWo	2kr4/pp3p2/2p3pp/2bqR3/3r1P2/8/PPQ3PP/2R3K1 w - - 0 22	e5d5 d4d1	1859	hard	collinearMove discoveredCheck doubleCheck endgame mate mateIn1 oneMove pillsburysMate
7iwKj	r1b3rk/p1q2p2/4p1pp/3pN3/2pQ1P2/2P3PP/P1B5/2K4R b - - 1 28	c8b7 e5g6 h8h7 g6f8	1860	hard	discoveredCheck doubleCheck kingsideAttack mate mateIn2 middlegame short
87Ms8	7r/8/2p2RP1/2P1nPk1/7p/p7/P3B3/1K6 w - - 1 36	g6g7 h8b8 b1c2 g5f6	1860	hard	crushing endgame short
J8i3m	6r1/pppk1p1r/1b1p1Bb1/4p3/2B1PP2/2PP4/PP4K1/R4R2 w - - 1 21	g2f3 g6h5	1860	hard	mate mateIn1 middlegame oneMove
Uzz29	4r1k1/2p3pp/2b1N3/1p6/2pP4/p7/P1Q2PrP/1RB2K2 w - - 2 28	e6f4 g2g1 f1g1 e8e1	1860	hard	attraction mate mateIn2 middlegame sacrifice short
ey6K3	3r2k1/3b1pp1/1q5p/pp1Q4/3P1P2/6P1/PP4BP/4R1K1 w - - 1 26	e1d1 d7g4 d5c6 b6c6	1860	hard	crushing endgame short
5GltG	r4rk1/pppb1N2/1bn2Qp1/2P4p/q1BP4/BR2P3/P4PPP/5RK1 b - - 2 21	a4c4 f6g6	1861	hard	kingsideAttack mate mateIn1 middlegame oneMove
6AT6c	4rr2/ppq2pk1/5b2/2ppNQp1/8/1P1P3R/1PP4P/4R1K1 b - - 1 26	f6e5 f5g5	1861	hard	mate mateIn1 middlegame oneMove
M8wTq	1R6/6p1/6pk/4K1p1/r7/7P/1P6/8 b - - 1 40	g5g4 b8h8 h6g5 h3h4	1861	hard	endgame mate mateIn2 rookEndgame short
czLiG	5r1k/1p2b1pp/p1b3r1/8/P5Bq/4B2P/1PQ2PP1/R4RK1 w - - 7 29	g2g3 g6g4 c2c6 b7c6	1861	hard	advantage middlegame pin short
nsTxm	8/2r5/3k1p2/1p5P/p5P1/3p2K1/PP3P2/2R5 w - - 0 37	c1c7 d3d2 c7c3 d2d1q	1862	hard	advancedPawn advantage endgame promotion rookEndgame short
8pRCL	6k1/2p1bqpp/6r1/3r4/4Q3/1PP5/P4PPP/R1B2RK1 w - - 7 27	f1e1 g6e6 e4e6 f7e6	1864	hard	advantage middlegame short
jaCZg	r2k1b1r/ppp3pp/8/5b2/1n1p1q2/1K1B4/PP2R1PP/RNBQ4 b - - 1 15	f5e6 e2e6 f4f7 d3c4	1864	hard	crushing defensiveMove hangingPiece middlegame short
qOjdp	6k1/7p/2K3p1/1N6/2n4P/3R2P1/1r6/8 w - - 3 37	b5d6 c4e5 c6d5 e5d3	1864	hard	crushing endgame fork master short
Eh1eL	8/PK6/8/1Bppk3/2P5/r7/8/8 b - - 0 66	d5c4 b5a6 a3f3 a7a8q	1866	hard	advancedPawn crushing endgame promotion short
MKtXW	r2qrkQ1/pb5B/2p1p3/1p2P1b1/8/P1n1P3/1P3PP1/R3K2R b KQ - 3 21	f8e7 g8g7	1866	hard	epauletteMate mate mateIn1 middlegame oneMove
pxRyQ	2b1rnk1/r5pn/p3p3/1p1q4/3P3Q/BP5R/P1P3PP/5RK1 b - - 2 25	d5g5 f1f8 h7f8 h4g5	1866	hard	crushing deflection kingsideAttack middlegame short
XHuKN	r4r2/p3Rp1k/2p1bP1p/5pB1/1p6/4Q3/q5PP/5R1K b - - 0 28	h6g5 e3g5 a2g2 g5g2	1867	hard	crushing middlegame short
bOGCv	8/3b4/3pp1pp/1P6/3k1bP1/5P2/5K2/1R6 b - - 0 60	d7c8 b1b4 d4c5 b4f4	1867	hard	advantage endgame short skewer
kb8A3	4r2k/6pp/p5r1/1p1qp1Q1/3p4/P2P4/1PP1R1PP/4R1K1 w - - 1 27	e2e5 e8e5 e1e5 g6g5	1867	hard	crushing endgame short
onl2L	r1b3kr/1pq1n2p/2p1p1pQ/p3p3/4N3/B1P5/P4PPP/R3K2R b KQ - 3 17	e7f5 h6f8	1867	hard	mate mateIn1 middlegame oneMove
rNb4P	2kr3r/pp3pp1/5n1p/3p4/1qnN1QPP/2NR1P2/PPP5/1K5R w - - 6 21	d4b3 c4a3 b2a3 b4f4	1868	hard	advantage discoveredAttack middlegame short
mBOxX	r5k1/p1p3pp/2p4r/2bp4/3N4/2P2PPb/PP1N1KPq/R2Q2R1 b - - 4 20	a8f8 d2f1 h2g1 f2g1	1869	hard	crushing master middlegame short trappedPiece
sEv1v	r1b2Q2/ppk4p/2p1p3/8/2P1r3/2Bqn3/PP2N1PP/2R1KBR1 w - - 3 22	e2g3 e3c2 e1f2 d3e3	1869	hard	discoveredCheck doubleCheck mate mateIn2 middlegame short
2i1xb	8/k3q1b1/rr2b2p/3pNp2/2pP1Pp1/1p2N1P1/1P2R1P1/2R1Q1K1 b - - 7 40	e7b4 e5c6 b6c6 e1b4	1870	hard	crushing deflection master middlegame short
x9tPI	8/8/1k6/1p6/1PnPB3/2B2pr1/P3p3/2R4K w - - 0 42	h1h2 f3f2 h2g3 f2f1q	1872	hard	advancedPawn crushing endgame promotion short
5zaBw	r3k2r/1p1b1ppp/p1nPp3/3p4/3PnB2/q4N2/P3BPPP/1R1Q1RK1 b kq - 3 14	e4d6 b1b3 a3a5 f4d6	1873	hard	crushing middlegame short
6q1wr	8/p5b1/1p6/2p1kp2/5N1K/4N2P/P7/8 w - - 4 47	h4g5 g7f6 g5g6 e5f4	1873	hard	crushing deflection endgame master short
IlffZ	rnq5/pp2pkbQ/2ppp3/6P1/3PP3/2N2r2/PPP2P2/R3K2R b KQ - 0 17	c8g8 h7h5 f7f8 h5f3	1873	hard	advantage fork middlegame short
FUIBi	5k1r/ppq2rp1/1b1N1p2/2pQ3p/3p4/3P4/PP1B3P/4R2K b - - 11 32	f7e7 d5f7 e7f7 e1e8	1874	hard	mate mateIn2 middlegame sacrifice short
3Ggpx	r1bqnrk1/2p2pp1/pb1p4/np1PP1N1/8/3Q4/PP3PPP/RNB2RK1 b - - 3 15	f7f5 d3h3 d8g5 c1g5	1876	hard	advantage middlegame short
4kSUE	5rk1/pbR3pp/1p2p1q1/3p4/1P6/PN3r2/3Q3P/2R2B1K w - - 0 31	f1g2 f3f2 c1g1 f2d2	1876	hard	advantage middlegame short
Klvaa	r3r1k1/pp3p1p/2b3pB/4p3/3q3P/2nB2Q1/P1P2PP1/3RR1K1 w - - 2 19	d3g6 c3e2 e1e2 d4d1	1876	hard	advantage deflection kingsideAttack middlegame short
bmLtm	7k/2pQ2n1/5Npp/3P4/1P6/PKR1p3/7b/1q6 w - - 6 45	b3c4 b1f1 c4b3 f1f6	1876	hard	advantage endgame fork master short
wDOPA	2k5/P4p1p/1P4pb/2K5/8/3r1P2/3p1P1P/3R4 b - - 0 40	d3c3 c5b4 c3c1 a7a8q	1877	hard	advancedPawn crushing defensiveMove endgame promotion short
1Yy2n	r5k1/p1p1qppp/1p6/4N3/2QPn3/P1P4P/5PP1/3R2K1 b - - 5 23	c7c5 c4d5 a8e8 d5e4	1878	hard	crushing endgame fork short
6z3ms	3q2k1/4rpp1/p7/1p1BP1p1/1P1P1n2/P4Q2/2r2PPP/R2R2K1 w - - 3 25	d5b3 c2c3 f3g4 c3b3	1878	hard	advantage interference middlegame short
77Bei	1rr3k1/8/5pP1/1p1PpP1p/p2bP2q/3P1KR1/P2N2P1/1R2Q3 w - - 2 40	g3h3 h4g4	1879	hard	mate mateIn1 middlegame oneMove
7MFrM	3R4/5p1p/1p2bQp1/p1r5/4k2P/6PB/P4P1K/2q5 b - - 10 31	e6h3 d8d4	1879	hard	endgame mate mateIn1 oneMove
alx1g	1rb3k1/pp2n1b1/2npq3/2p1p1PB/4P2N/2PP3P/PP5K/R1B2Q2 b - - 0 21	c8d7 h5g4 e6f7 f1f7	1879	hard	advantage kingsideAttack master middlegame short
oXpYg	3r2k1/pQ3pp1/1b1P3p/5q2/1P6/P1r4P/5PPB/3RR1K1 w - - 3 31	d6d7 b6f2 g1h1 f2e1	1879	hard	crushing fork middlegame short
xkczv	r2r2k1/p4p1p/5bp1/1p2q3/8/1QPB3P/1K4P1/3RR3 b - - 3 25	e5d5 e1e8 d8e8 b3d5	1879	hard	advantage deflection middlegame short
Six54	2r1r2k/5Qpp/p1b1p3/1pB1q3/8/P1R5/1P4P1/K4R2 b - - 1 30	c6g2 c5d4 e5d4 c3c8	1880	hard	crushing discoveredAttack middlegame short
330hj	6k1/5p2/5Q1p/3P2p1/6q1/P5P1/1P1R1PK1/4r3 w - - 2 36	d2d4 g4h5 d4h4 g5h4	1881	hard	crushing endgame quietMove short
7MZZr	N1b2b1r/pp2kp1p/2q5/4Pp2/2pQ4/8/PPP3PP/3R3K b - - 3 21	f8h6 d4h4 f7f6 h4h6	1881	hard	advantage interference middlegame short
YoWqW	q5k1/5pp1/2p1r2p/1pPp4/1P1b2Q1/3B4/6PP/5R1K b - - 1 25	e6f6 g4d4 f6f1 d3f1	1882	hard	advantage endgame hangingPiece master short
xlI0r	2r1r1k1/4ppbp/p2pbnp1/qp6/3BPP2/P1N1Q3/1PP1B1PP/R4R1K b - - 3 16	e6c4 d4b6 c4e2 b6a5	1884	hard	crushing master masterVsMaster middlegame short trappedPiece
E0nic	2k5/2p5/7R/3PK3/p3P3/rr5R/7P/8 w - - 0 41	h3b3 a4b3 h6h8 c8b7	1885	hard	advantage endgame rookEndgame short
HDOkA	8/3qp1k1/p2p2pp/2p5/1nPbP1nP/1PN3PB/PB1Q2K1/8 b - - 3 30	b4c2 h3g4 d7g4 d2c2	1885	hard	crushing master masterVsMaster middlegame short
V3f8p	8/6k1/3nK3/6P1/8/5P2/8/8 b - - 2 48	g7g6 e6d6 g6g5 d6e5	1885	hard	crushing defensiveMove endgame short
mYRWP	r4rk1/ppp3p1/4p1Np/3p1p2/3PnPPq/2P2Q2/PP2RP1P/R6K b - - 1 18	f5g4 f3e4 d5e4 g6h4	1885	hard	advantage middlegame short
DyBPj	4r2k/Qp4pp/2p3q1/3b4/8/4N2P/2P3P1/5R1K b - - 2 36	e8e3 f1f8 d5g8 a7e3	1886	hard	advantage endgame intermezzo short
eNbt0	4r3/5p2/p1b1q1p1/1pb2k2/2P5/2Q2R2/PP1B1PPP/6K1 b - - 5 32	c6f3 c3f3 f5e5 f3f4	1886	hard	endgame mate mateIn2 short
rCEfI	3r4/R5pk/4Qb1p/4p3/1P2q3/4B3/5P2/5K2 w - - 0 35	e6f6 e4h1 f1e2 h1d1	1886	hard	endgame mate mateIn2 short
zpper	2k2r2/1pp3r1/p7/5p1R/1P2p3/8/qP4PP/3R1QK1 b - - 1 30	a2b2 f1f5 c8b8 f5f8	1886	hard	advantage endgame short
xL2im	2kbQ3/pp5p/2p3p1/5b2/P4P2/6K1/1P1P2PP/R1Bq4 w - - 5 32	e8e3 d8h4 g3h4 d1g4	1887	hard	attraction endgame mate mateIn2 sacrifice short
Fx4cF	1r1qk2r/5ppp/2b1p3/1pbn2N1/2p1QP2/1P2P1P1/P2P1KBP/RNR5 w k - 1 21	b3c4 d5b4 e4c6 b4c6	1888	hard	advantage middlegame short
JYDsC	r2q1r2/3b1k2/p3pp1Q/1p2p3/4P3/P2BR3/1PP2PPP/5RK1 w - - 2 23	f2f4 f8h8 h6h8 d8h8	1888	hard	advantage middlegame short trappedPiece
QM4d8	8/p2Rnk2/6p1/6Pp/4R3/1p5P/q4P2/6K1 b - - 0 54	b3b2 d7e7 f7f8 e7e8	1888	hard	crushing endgame short
dXY0M	2kr1b1r/pppqppp1/2n2n2/3P4/2P4p/5NPb/PP3P1P/RNBQR1KB w - - 0 12	d5c6 d7d1 c6b7 c8b8	1888	hard	advantage opening short
HeGA9	3q1nk1/r4rp1/3p3p/3BpQ1P/p7/1p6/PPP2PR1/2K3R1 b - - 1 31	b3a2 g2g7 g8h8 g7g8	1889	hard	kingsideAttack master mate mateIn2 middlegame pin short
N3oY7	rnbq3r/pp3kpp/5n2/8/8/1Qb2N2/PB3PPP/R4RK1 b - - 1 12	c8e6 f3g5 f7g6 g5e6	1890	hard	crushing deflection middlegame short
zXPYG	r2qk2r/1b1nnpb1/pp1p2pp/2p2P2/4N1P1/2PBBN1P/PPQ2R1K/5R2 b kq - 0 18	d7e5 f5f6 e5g4 h3g4	1890	hard	crushing fork middlegame short
LvSCT	r1bq3r/p1pp1kpn/2p4p/2b1P2Q/8/8/PPP2PPP/RNB2RK1 b - - 1 10	g7g6 e5e6 d7e6 h5c5	1891	hard	advantage discoveredAttack opening short
spStp	rn1q2r1/pp1b3k/4p2p/2ppP2Q/3P3P/2P2R2/P1PK1PP1/R5N1 b - - 5 16	g8g7 f3f6 d8f6 e5f6	1892	hard	crushing middlegame short
6xbkb	rn1q1b1r/ppp3pp/3p1k2/4pb1Q/2PP2P1/8/PP3P1P/RN2KBNR b KQ - 0 8	f5g6 h5h4 f6f7 h4d8	1893	hard	crushing middlegame short skewer
el1qD	4rrk1/p1p2p2/1p4b1/2b1p3/7Q/8/PPq2P2/K5RR b - - 1 26	f7f6 h4h7	1893	hard	mate mateIn1 middlegame oneMove pin
jCOR3	1k6/8/R7/p2BK3/4p1p1/2P2bP1/r4P2/8 b - - 0 48	a2f2 e5d6 e4e3 a6a8	1893	hard	endgame mate mateIn2 operaMate short
MR5zt	r7/1pqr1p1k/4pR1p/1pp1P2Q/1b6/7P/2P2PPK/8 b - - 4 35	h7g8 f6h6 c7e5 h5e5	1895	hard	crushing endgame short
QnC0y	rn1qk2r/pp1bppbp/3p2pn/1BpPP3/5P2/2N2N2/PPP3PP/R1BQK2R w KQkq - 5 9	e5d6 g7c3 b2c3 d7b5	1895	hard	advantage master opening short
QwXnL	6rk/pp5r/2p2PQP/8/3P4/2P5/1P6/1K6 w - - 1 40	g6g7 g8g7 h6g7 h8g8	1895	hard	crushing endgame short
efJCM	r2r2k1/pp2Rp1p/4b1pB/6N1/2n5/8/P4PPP/4R1K1 b - - 5 20	d8e8 e1e6 e8e7 e6e7	1895	hard	advantage master middlegame short
S1iDV	5b1r/7p/p1Qr1k1q/3Pp3/P1P1Pp2/1P4pB/6P1/R4RK1 w - - 3 37	c6e8 f8g7 e8h8 g7h8	1896	hard	advantage middlegame quietMove short trappedPiece
r2d2R	8/2R2p1k/p3r2p/1pB2np1/3b4/P2N4/1P3PPP/5K2 b - - 7 28	h7g6 g2g4 f5h4 c5d4	1896	hard	crushing endgame master masterVsMaster short
xzQg1	2k4r/1pp2p2/p1p3p1/4p3/4P1qb/2PPBNNr/PP2QPK1/6R1 w - - 11 23	f3h4 h3g3 f2g3 g4e2	1896	hard	crushing middlegame short
7lLC8	4r1k1/3b1pp1/8/3P4/5q2/P2Q1P2/5BR1/6K1 w - - 6 39	d3d4 e8e1 f2e1 f4d4	1897	hard	crushing deflection endgame short
ePqv5	r5k1/1p3p1p/p1p3p1/4b2P/3Pp2q/BP2P3/P4P1N/R2QR1K1 w - - 1 22	h2f3 h4g4 g1f1 e4f3	1897	hard	advantage kingsideAttack middlegame short
zEkM1	4r2k/pp4pp/8/8/3P4/3q4/P5QP/R3KR2 w - - 1 31	e1f2 d3e3	1897	hard	dovetailMate endgame master mate mateIn1 oneMove
kzJd5	8/7p/1p2k1pP/2KNPpP1/5P2/8/4n3/8 w - - 0 64	c5c6 e2d4 c6c7 e6d5	1898	hard	crushing deflection endgame knightEndgame short
0h2lf	3r2k1/pp3ppp/5n2/8/2Pq4/1P3B2/P2r1PPP/R1Q2RK1 w - - 1 21	c1d2 d4d2 a1d1 d2a5	1899	hard	crushing hangingPiece middlegame short
T45FW	8/1p3k1p/p4Pp1/1PPp2P1/4p3/4r2P/1R4K1/8 b - - 0 50	e3c3 c5c6 c3c6 b5c6	1899	hard	crushing endgame rookEndgame short
PV55W	4r1k1/5ppp/1pp5/R2n3q/PQ6/5NB1/1P3PPP/6K1 w - - 0 27	b4e4 f7f5 e4c4 b6a5	1901	hard	advantage master middlegame short
1cjAY	2r1brk1/1p3p2/4p2P/3pQ3/p7/P1PB4/1q3P2/3RR1K1 b - - 0 28	b2c3 h6h7	1902	hard	advancedPawn master mate mateIn1 middlegame oneMove
P2Ger	6rk/ppp2Qpp/8/8/4P3/6P1/Pr5q/K3R2R b - - 1 29	h2f2 h1h7 h8h7 f7h5	1902	hard	attraction endgame mate mateIn2 sacrifice short
PtCON	r7/1p6/p4r2/2pPqpkp/P1P1pRpP/1P4R1/5QP1/7K b - - 0 43	g5h4 g3g4	1902	hard	discoveredCheck doubleCheck endgame mate mateIn1 oneMove
3F50d	r1q4k/6pp/p2p4/1pp1b3/8/2PP1Q2/PP3P1P/R1B3K1 w - - 0 23	c1f4 c8f8 f3a8 f8a8	1903	hard	advantage endgame short
D0RZ2	1kr5/2q1b3/Q4p1p/1p3P2/3p4/3P3B/1PP5/1K1R4 w - - 1 35	h3g2 c7c2 b1a2 c2g2	1903	hard	crushing endgame fork short
VdhRh	r3r3/pp4kp/2pb2p1/3p4/N2P2n1/1B3R2/PPP2PPP/R1B2K2 w - - 1 18	h2h3 g4h2 f1g1 e8e1	1903	hard	fork mate mateIn2 middlegame short
N4Gkb	2Q5/pp2rkp1/2p2b1p/3p1N2/2b5/2N4P/PqP2PP1/1R4K1 b - - 1 26	b2c3 f5d6 f7g6 c8f5	1904	hard	mate mateIn2 middlegame short
aGAxd	8/3Pk1p1/pr2Pbp1/1p3p1p/3p4/1PpP4/P1R2P1K/4R3 b - - 3 31	b6e6 d7d8q e7d8 e1e6	1904	hard	advancedPawn crushing deflection endgame promotion short
iTlGV	r3r1k1/p1q5/3bpnQ1/8/1p1P1P2/2p1PN1R/P1P4P/B6K b - - 0 28	g8f8 g6f6 c7f7 h3h8	1904	hard	hangingPiece killBoxMate mate mateIn2 middlegame short
Tdl85	4r1k1/b5pp/b1p1p1nq/p3P3/NpPP2QP/3B2P1/PB3RK1/8 w - - 3 29	g2h3 g6e5 d4e5 a7f2	1905	hard	crushing master middlegame short
cecG0	r4n1k/p5Rp/n4P2/3q1P2/1pp5/2P1rN2/PP5P/5RQK b - - 1 26	e3f3 g7h7 f8h7 g1g7	1905	hard	clearance kingsideAttack mate mateIn2 middlegame sacrifice short
nhZgs	1r1qk2r/1p1bnppp/p1np4/3Np1N1/4P3/1Q6/PPP2PPP/R3KB1R b KQk - 5 11	c6d4 d5f6 g7f6 b3f7	1905	hard	attackingF2F7 discoveredAttack mate mateIn2 opening sacrifice short
8pPXQ	4r3/7p/4r2k/4PQp1/6PP/8/7K/8 b - - 0 42	e6e5 f5f6	1906	hard	endgame mate mateIn1 oneMove queenRookEndgame
ByZbb	5rk1/p1q3p1/6R1/8/1p1p1rQ1/8/P2B2PP/7K w - - 0 32	d2f4 c7c1 f4c1 f8f1	1906	hard	backRankMate endgame mate mateIn2 sacrifice short
fc9nG	7k/pp4p1/2p4p/7P/P2P2PQ/2P5/1PR2R1K/4r2q w - - 5 35	h2g3 e1e3 f2f3 e3f3	1906	hard	endgame killBoxMate mate mateIn2 short
wQ0E3	8/4R3/3R4/p1p3pp/2P3b1/P3k1P1/4rr2/6K1 b - - 1 59	e3f3 d6d3 e2e3 d3e3	1906	hard	endgame mate mateIn2 short
5XBgX	7k/pp3B1p/6pb/2P5/8/2P1pqP1/PP2Rn1P/3Q2K1 w - - 1 34	d1f1 f3h1	1907	hard	endgame master mate mateIn1 oneMove
YIZCr	r3r1k1/pp1n1pp1/2p1bq1p/8/2P2BN1/1P2NPQP/2P3P1/3R2K1 b - - 5 23	e6g4 e3g4 f6g6 d1d7	1907	hard	advantage capturingDefender middlegame short
wI0m1	r1b1k2B/ppppqp1p/8/1Pb5/3nn3/3B4/P1PP1PPP/RN1QK1NR w KQq - 0 10	d1g4 e4f6 g4e2 d4e2	1907	hard	advantage discoveredAttack discoveredCheck middlegame short
xfBXV	r1b2kr1/pp1n4/4p2Q/4P1P1/5qP1/2pR4/2P5/3K4 b - - 3 31	f8f7 g5g6 g8g6 h6f4	1907	hard	advantage discoveredAttack middlegame short
BTzRY	3r4/k6p/Bp2pn2/2b2P2/8/2N1PbB1/P1Q3qP/4KR2 w - - 1 39	c2a4 g2d2	1908	hard	mate mateIn1 middlegame oneMove
TSuOz	5r2/4k3/pp2b2p/2p4P/P1PbB1P1/1P3P2/2K5/4R3 b - - 0 29	f8f4 e4f5 e7f6 e1e6	1908	hard	crushing discoveredAttack endgame short
fJZwa	r6k/pp3Qpn/2bb4/4p3/8/6R1/PP3PPK/R1Bq4 b - - 5 23	a8g8 c1h6 d1h5 f7h5	1908	hard	crushing middlegame short
Kb7hz	8/8/7p/4k1p1/2p2pP1/4r2P/1P1R2K1/3B4 w - - 10 60	d2e2 f4f3 g2f2 f3e2	1909	hard	advancedPawn crushing endgame fork master short
W86h9	r7/2pR4/2p1pkp1/5q1p/2pQ4/p1P3P1/P6P/6K1 b - - 1 35	f6g5 h2h4 g5h6 d4g7	1909	hard	endgame mate mateIn2 short
epI9j	6k1/2p3q1/3pQbP1/2pPp3/p3P3/Pr1r1NK1/1P3P2/7R b - - 8 36	g8f8 h1h8 g7h8 e6f7	1909	hard	mate mateIn2 middlegame sacrifice short
5aaql	rn5R/p1pqk1p1/1p2p3/3p2PB/3Pr3/2P2b2/PPQ2P2/R4K2 b - - 5 21	d7b5 c3c4 d5c4 h5f3	1910	hard	advantage defensiveMove middlegame short
r8Re0	5nk1/p3q1p1/1pp2rp1/3r3p/2B1P2P/8/PP1NQP2/1K4R1 b - - 0 26	g8h7 e4d5 e7e2 c4e2	1910	hard	advantage master middlegame short
0Q9QR	r2q1k1r/p1p1bppp/2B1pn2/3p1b2/5P2/1P2P3/P1PP2PP/RNBQK2R w KQ - 1 9	c6a8 f5g4 d1g4 f6g4	1911	hard	advantage middlegame short trappedPiece
6ij3k	3r2k1/p1Qb1np1/3Pp3/4P2p/2P1NP1q/7P/Pr4B1/4RRK1 w - - 2 25	e4g5 h4g3 e1e2 b2e2	1911	hard	advantage master middlegame short
DIeZ7	5rk1/n5p1/1p4Qp/pPp1qp2/P7/2PP2NP/6P1/R5K1 w - - 1 26	a1f1 f8f6 g6h5 e5g3	1911	hard	advantage endgame short
Ff2Dd	b2r4/5ppk/p2N3p/4P1q1/2pQ4/2P4P/P2R2PK/8 w - - 3 35	d6f7 g5d2 d4d2 d8d2	1911	hard	crushing endgame short xRayAttack
ciw90	2r3k1/1QPqpp1p/6p1/3R4/8/8/rP3PPP/2R3K1 b - - 0 28	d7c7 b7c8 c7c8 c1c8	1911	hard	crushing endgame short xRayAttack
vlJOC	1r2k3/4pp2/b1Pp1b2/8/Nq2PQP1/1P3P2/P1BK4/3R4 w - - 3 28	d2e3 f6d4 d1d4 b4e1	1911	hard	mate mateIn2 middlegame sacrifice short
2nhME	8/7p/3PR3/p1p1K1k1/2B5/1PP2q1P/8/8 w - - 3 51	e6e7 f3f5	1912	hard	endgame master mate mateIn1 oneMove
YUBuB	4Q3/6k1/p1n5/1pp2bK1/3p4/P6q/1PP5/6R1 b - - 6 43	h3e3 e8e3 d4e3 g5f5	1912	hard	advantage discoveredAttack endgame short
kgLjm	r3kbnr/pp1n1ppp/4p3/1BpqPb2/3P4/5N2/PP3PPP/RNBQ1RK1 b kq - 3 8	a7a6 b1c3 a6b5 c3d5	1912	hard	crushing opening short trappedPiece
cKrux	6k1/1p1rqrpp/p3B3/2p5/Pn2p1P1/1Q2P2P/1P4P1/5RK1 b - - 1 25	e7f8 e6d7 c5c4 b3c4	1913	hard	crushing middlegame pin short
ejgt0	1q4k1/p4p1p/br2p1p1/2pp4/R1P1P3/2PB2P1/P4P1P/3Q1K2 w - - 0 23	c4d5 b6b1 a4a6 b1d1	1913	hard	crushing endgame pin short
yOeRp	r2r4/1bqn1Qpk/4p3/2Pn4/p1NPP3/1p5P/1B4P1/R4RK1 b - - 0 28	d7f6 f1f6 c7f7 f6f7	1913	hard	advantage middlegame pin short
25zuV	8/4k3/4p3/3pK3/p2P3P/P2r4/5P1R/8 w - - 9 52	h4h5 d3f3 h5h6 f3f5	1914	hard	endgame mate mateIn2 rookEndgame short
knM9d	2b5/3p2Bk/2p1p1pP/2P1Qpq1/6p1/8/5PP1/6K1 b - - 5 44	c8a6 g7f8 g5h6 f8h6	1914	hard	crushing endgame quietMove short
kvB0E	4k1r1/4b3/8/2pRPK2/Pp3Pn1/1P6/2R5/8 w - - 11 48	f5e6 g4e3 f4f5 e3c2	1914	hard	crushing endgame fork short
r5OXf	3k1b1r/pp3ppp/2q2n2/4p3/8/1QN3P1/PPP1PP1P/2KR4 b - - 1 17	d8c7 c3b5 c6b5 b3b5	1914	hard	crushing middlegame short
b3g0R	8/1p2r1pk/p1p4p/P2n1p2/1BQP4/P5RP/5PPK/1q6 b - - 3 34	f5f4 g3b3 b1e4 b4e7	1915	hard	advantage endgame short
hkqtW	3r4/R4pkp/b2p2p1/3P2N1/2p5/1P6/P5PP/7K b - - 0 29	c4c3 g5e6 g7f6 e6d8	1915	hard	crushing endgame fork pin short
K4l51	r1bn3r/ppppkpBp/1q3R2/4p3/2B1P2Q/3P3N/P1P3PP/2bK4 b - - 0 16	b6b1 f6e6	1916	hard	discoveredCheck doubleCheck epauletteMate mate mateIn1 middlegame oneMove operaMate pillsburysMate
6qV3q	r7/pp4pk/3R1r1p/5p2/2P4R/1P4QP/6PK/2q5 b - - 0 28	f5f4 g3d3 h7h8 d6f6	1917	hard	crushing endgame short
qdNkJ	3R3r/p7/1kp5/4b2p/1P4n1/P2Q3P/3NnrP1/5R1K w - - 0 34	d8h8 f2f1 d2f1 g4f2	1917	hard	mate mateIn2 middlegame short
sp1H1	r5k1/1p3r1p/5ppB/2Rppb2/8/1N2P2P/PQ2BqPK/8 w - - 0 24	c5d5 f5e4 e2f3 f2b2	1917	hard	crushing middlegame short
2lAW9	4k2r/1p3pp1/1qb1p3/4P3/p2p1Pn1/P2P1N1P/1PrnBBP1/1R2Q1RK w k - 7 24	f3d2 h8h3	1918	hard	kingsideAttack mate mateIn1 middlegame oneMove pin
H5rH5	5R2/6pk/6p1/4N1Pn/7r/8/5PK1/8 b - - 1 51	h4f4 e5f7 f4f7 f8f7	1919	hard	crushing endgame master quietMove short
LDVsd	8/1p1bNrpk/p2n3p/3Q4/2q5/P3P3/6PP/5RK1 w - - 2 31	f1f7 c4d5 e7d5 d6f7	1919	hard	advantage endgame intermezzo short
f2V75	r1b1k1nr/bpp2Qpp/p2P2n1/P5q1/8/1BP5/1P3PPP/RN4K1 b - - 1 18	e8d8 d6c7	1919	hard	advancedPawn mate mateIn1 middlegame oneMove
gpTnj	6k1/5p2/3rq2p/4N1p1/3n4/2Q3P1/5PP1/4R1K1 w - - 19 43	e5d3 d4e2 e1e2 e6e2	1919	hard	crushing endgame fork short
i25pD	r5k1/1bp4R/3p3q/1p1PpQNp/6nP/6B1/PP2K1P1/8 b - - 3 35	h6f6 h7h8 f6h8 f5f7	1919	hard	kingsideAttack mate mateIn2 middlegame sacrifice short
olOc1	2r2rk1/pp3p1p/3p2p1/6q1/1P1Q4/4P1Pb/P4P1P/1RB1R1K1 w - - 3 20	d4d6 g5f5 d6f4 f5b1	1919	hard	crushing middlegame short
qAUAZ	rnbr2k1/pp2ppbp/3P1np1/q5B1/4P3/2N2N2/PPPQ1PPP/R3KB1R w KQ - 1 9	d6e7 d8d2 g5f6 c8d7	1919	hard	advantage defensiveMove master masterVsMaster opening short
zZ82Y	8/8/4n3/5k1P/5P2/6PK/8/8 b - - 0 55	e6g7 h5h6 f5g6 h6g7	1919	hard	advancedPawn crushing endgame knightEndgame short
7z8Ap	1R1R4/2r2p2/1p2pkp1/4n2p/1PP2K1P/8/6P1/8 w - - 4 40	d8d4 e5c6 b8b6 c6d4	1923	hard	crushing endgame fork short
OaXSc	r1bq1rk1/pp1nnpb1/2p5/6N1/P1BP1p2/2P5/1P4PP/R1BQ1RK1 b - - 0 14	e7g6 d1h5 d7f6 h5g6	1923	hard	crushing opening pin short
4b9u0	3Q4/6Rp/4p3/2Np4/3P1p1n/4r2k/1PPK4/8 w - - 7 48	d8g5 h4f3 d2c1 e3e1	1925	hard	endgame fork mate mateIn2 short
Onwod	qr5k/6b1/2p4r/2Q1Pp2/3P1P1P/n1N5/2P2BP1/2KR3R w - - 2 29	c1d2 g7f8 c5f8 b8f8	1925	hard	crushing middlegame short trappedPiece
n6kol	r4b1r/2p3pp/p3b3/N4p2/PkN1n3/R3B3/1PP2PPP/5RK1 b - - 4 18	e6c4 a5c6	1925	hard	mate mateIn1 middlegame oneMove
CNnPe	5r1k/p5pp/2Q2n2/q3N3/2P5/1P5P/P4PP1/4R1K1 w - - 1 30	c6d6 a5e1 g1h2 f8e8	1926	hard	advantage endgame hangingPiece short
YDf1z	8/7p/4p1pP/3nN3/6Pk/1R1Bp3/4R3/1K3q2 w - - 12 44	b1b2 f1f6 b2b1 f6e5	1926	hard	advantage endgame master pin short
cX5GR	2kq3r/p5R1/b1BBp2p/P3Pp2/2pP4/2P1P3/6P1/1r3NK1 b - - 8 32	b1c1 g7a7 d8d6 e5d6	1926	hard	crushing middlegame short
0nnEG	8/pp6/4kNp1/4p1P1/3p3r/3R1K2/PP6/8 w - - 0 47	f6e4 h4f4 f3g2 f4e4	1927	hard	crushing deflection endgame master short
Om4hJ	8/7p/1p1nB1pQ/pP1Pq3/P2p3k/8/4p1P1/6K1 b - - 1 45	h4g3 h6h2	1928	hard	endgame master mate mateIn1 oneMove
wLhmr	r4rk1/p3p1bp/1q2p1p1/4P3/3pR3/8/PP3PPP/R1BQ2K1 w - - 1 20	d1d4 a8d8 c1e3 d8d4	1929	hard	advantage master middlegame short
xDc2C	3b1knQ/r1r5/p2pb3/1p2p3/4P3/1NN2P2/PPP5/2KR4 w - - 2 28	c3d5 c7h7 h8h7 a7h7	1930	hard	advantage middlegame short trappedPiece
2kPny	2r1kQ2/pR1bqp1N/4p1p1/3pP3/8/2R5/6PP/7K b - - 0 26	e7f8 h7f6 e8e7 b7d7	1931	hard	endgame hookMate mate mateIn2 short
rSDKu	5r1k/6qp/4Q3/R1P2p2/P7/7P/5P1K/8 w - - 1 44	a5b5 f8g8 e6g8 g7g8	1931	hard	advantage endgame quietMove short
dzahp	r2q1rk1/3b1pb1/2p4P/3pP2P/1p1P4/4B3/Bp1Q2P1/1K1R3R w - - 0 25	h6g7 d7f5 b1b2 a8a2	1933	hard	crushing middlegame queensideAttack short
e2GYx	r5kr/ppp2p1N/6pQ/4p1N1/4P1b1/b1Pp3P/P2B1qP1/RK5R w - - 1 20	h3g4 f2b6	1933	hard	mate mateIn1 middlegame oneMove
hXCJS	2r5/2k5/8/Q2p4/3P4/8/1r3P2/6K1 b - - 3 44	c7c6 a5c3 c6d7 c3b2	1933	hard	crushing endgame fork master queenRookEndgame short
CpjpE	6k1/p4Rpp/4B3/8/P2r2P1/1P6/4b1KP/2r5 b - - 2 29	e2g4 f7f5 g8h8 f5f8	1934	hard	backRankMate discoveredAttack discoveredCheck endgame mate mateIn2 short
SEij4	r5k1/4Rp1p/6p1/3P4/3b4/5BP1/r1R2P1P/6K1 w - - 0 30	c2c7 a2f2 c7c8 a8c8	1936	hard	crushing endgame short
sCyZJ	r3kb1r/1p3pp1/p2p3p/4pN2/P3P1n1/2N4n/1PP2qB1/R1BQ2RK w kq - 4 18	g1f1 f2g1 f1g1 h3f2	1936	hard	kingsideAttack mate mateIn2 middlegame sacrifice short
90Vvx	4r2k/p5pp/2P5/8/P6P/1R1B1n2/2P2r2/3K1R2 w - - 3 26	d3e2 f2f1 e2f1 e8e1	1937	hard	endgame mate mateIn2 short
hWVHt	r2q1rk1/pb3ppp/1pnbp3/2ppN3/3Pn3/2PBP1B1/PP1N1PPP/R2QK2R b KQ - 5 11	e4g3 d3h7 g8h8 h2g3	1937	hard	crushing intermezzo opening short
GcVTS	8/5ppk/6rp/3R1Q2/2q5/6P1/6KP/8 w - - 1 42	f5f7 g6f6 f7f6 g7f6	1938	hard	advantage endgame short
UFQDb	8/pp6/2p2R1p/4Q1rk/6P1/8/PPq4P/7K b - - 0 34	h5g4 e5g3 g4h5 g3h3	1938	hard	endgame mate mateIn2 short
qnmFE	rn1q1b1r/1pR1n1kB/p1b2p2/3p2pp/3P1B1N/4P3/PPQ2PPP/5RK1 b - - 3 19	g5f4 c2g6	1938	hard	mate mateIn1 middlegame oneMove pin
yrSZ5	6k1/6p1/1q3nP1/3pp3/8/Pp1P1B2/1Pr5/1K1Q3R w - - 4 33	h1g1 b6d4 d1c2 b3c2	1938	hard	advancedPawn crushing endgame short
zuqJa	r5r1/p6p/4b1n1/NBB1k3/1P2p3/2P5/P1n2RPP/6K1 b - - 11 32	c2a3 a5c6 e5d5 f2d2	1938	hard	mate mateIn2 middlegame pillsburysMate short
DGeVP	rn2r1k1/ppp2ppp/8/3p4/3b2bq/1B3Q2/PPP2NPP/RNB2RK1 w - - 1 12	f3d5 h4f2 g1h1 f2f1	1939	hard	deflection kingsideAttack mate mateIn2 opening short
IkscK	3r1rk1/pp3ppp/4pP2/2p2N2/5P2/3q3Q/PP4RP/n1B3K1 b - - 0 20	d3h3 f5e7 g8h8 f6g7	1939	hard	advancedPawn kingsideAttack mate mateIn2 middlegame pin short
4ZxWk	2R5/5Q2/n2P4/2P1p2p/1r1k1p2/3B1P1q/7P/1R5K w - - 9 44	f7f5 b4b1 d3b1 h3f1	1940	hard	mate mateIn2 middlegame short
5MY9i	1k2r3/ppp3Q1/8/7p/5b2/2Pb3B/PP1NqP1P/R1KR4 w - - 3 24	g7d4 e2d2 d1d2 e8e1	1940	hard	clearance mate mateIn2 middlegame pillsburysMate pin queensideAttack sacrifice short
Ouqb5	2krr3/pp3ppp/2n1b3/1PQ5/2P1q1P1/5N2/P3BPP1/R3K2R w KQ - 1 20	b5c6 e4e2 e1e2 e6c4	1941	hard	attraction doubleCheck mate mateIn2 middlegame sacrifice short
nn0Xa	3nrr2/pp2kpQ1/1qb1p1Bp/8/5P2/8/PPP3PP/3RRK2 b - - 2 23	f8g8 e1e6 e7e6 g7e5	1941	hard	attraction mate mateIn2 middlegame pin sacrifice short
Ehl67	2r1r3/3Rbk2/p3Rpp1/5P1p/1pP3PP/1P3P2/1P4K1/8 b - - 0 29	c8d8 e6e7 e8e7 d7d8	1942	hard	advantage deflection endgame short
QAYqe	1rq1rk2/8/b3p1Q1/2p1P1P1/p1P2PP1/Pp3N2/6K1/b6R b - - 0 33	b8b7 g6f6 b7f7 h1h8	1942	hard	killBoxMate mate mateIn2 middlegame short
iB8rT	4r1k1/pp3ppp/8/5P2/PPr2P2/3p4/1R2NK1P/4R3 w - - 0 32	e2g3 c4f4 f2g2 e8e1	1942	hard	crushing deflection endgame short
3OFwC	3r2k1/p1p2ppp/7r/2Q5/1P2P3/P4Pq1/6P1/R1R3K1 w - - 5 26	c5c7 d8d1 c1d1 g3c7	1943	hard	crushing deflection endgame short
OZq34	4r1k1/p3q1p1/1p2Pn1p/6Q1/3B4/1P4P1/P5KP/4R3 w - - 0 30	d4f6 e7b7 g2g1 h6g5	1943	hard	advantage endgame master short
TySEd	r4b1r/pp1qk1pp/2n4n/5b2/3pN3/1B6/PPP1Q2P/RNB2RK1 b - - 0 14	a8e8 c1g5	1943	hard	mate mateIn1 middlegame oneMove
aMInR	r2q1k1r/pp3ppp/3b4/1B6/4R1b1/2P2n2/PP3PPP/R1BQ2K1 w - - 0 14	g2f3 d6h2 g1h2 d8d1	1943	hard	crushing discoveredAttack kingsideAttack middlegame short
1Ulxy	7r/6rP/p5pR/PB3pp1/1P6/2p1kPP1/6K1/3R4 b - - 0 49	a6b5 h6h1 c3c2 h1e1	1944	hard	endgame mate mateIn2 quietMove rookEndgame short
caMsD	8/1bp2prk/p3pQ1p/2P1P3/3P4/6P1/P2N1RKP/3q4 w - - 13 34	g2h3 d1g4	1944	hard	endgame mate mateIn1 oneMove
howhW	3rr3/p1Q5/kp2p3/2Rp2q1/1P6/P7/5PPP/6K1 b - - 0 30	g5e7 c5a5 b6a5 c7c6	1945	hard	endgame epauletteMate mate mateIn2 sacrifice short
t34qb	2rr4/5pk1/p3p1p1/4P1N1/5Q1P/Pp4P1/1P2q3/KR6 b - - 0 36	c8c7 f4f6 g7h6 f6d8	1945	hard	crushing endgame fork short
CJUZI	r4rk1/p1p3pp/2p1bq2/3pNp1Q/3Pn3/3B4/PPP2PPP/2R2RK1 w - - 3 15	e5c6 e6f7 h5f5 f6c6	1946	hard	advantage discoveredAttack middlegame short
IDz2W	7k/pp3prB/1b1p1Q2/8/8/8/PP4r1/4R2K b - - 0 30	h8h7 f6h4 h7g6 h1g2	1946	hard	crushing endgame interference short
h8Qo7	8/p1q4k/2prp1p1/4Q2p/3P3P/5RP1/P7/6K1 b - - 4 34	c7d7 f3f8 d7g7 e5d6	1946	hard	crushing endgame quietMove short
MkbxT	8/pp3p2/3k4/6P1/6RP/3n4/PP3rp1/1K2R3 w - - 1 37	e1d1 f2f1 b1c2 f1d1	1947	hard	crushing endgame master pin short
OSPb8	8/1p1r1pk1/p5p1/3p1n2/3PKR1P/8/PP6/6R1 w - - 0 33	e4e5 f7f6 e5e6 d7d6	1948	hard	endgame hookMate mate mateIn2 short
kbhdO	8/4q1k1/pp4p1/3PpbP1/PPP1Nr2/2Q2BK1/8/5R2 w - - 1 36	c3e3 f5e4 f3g4 f4f1	1949	hard	advantage master middlegame short
Cty4N	r4rk1/1p3ppp/p7/B2Q1pb1/P4P2/4P3/1qP3PP/R4RK1 b - - 0 18	g5f6 a1a2 b2a2 d5a2	1951	hard	advantage middlegame short trappedPiece
K0SfN	2k3R1/1pp1r3/p1n1Np2/8/4N3/1P2n3/PKP5/8 b - - 1 28	c8d7 e6c5	1951	hard	endgame master mate mateIn1 oneMove
N4cN6	r3r1k1/2q2ppp/p4N2/1p3N2/2pP1n2/P6P/1PP1Q1P1/2B1R1K1 b - - 6 25	g7f6 e2e8 a8e8 e1e8	1951	hard	kingsideAttack mate mateIn2 middlegame short
0JyS1	r4rk1/p5pp/1p1b1p2/2pP4/P1P1P3/5P1q/2Q2P1P/R1B2R1K w - - 3 20	f3f4 h3f1	1952	hard	hangingPiece kingsideAttack mate mateIn1 middlegame oneMove
yt50J	4r1k1/5ppp/P2p1q2/3P3b/4r3/R2Q1NPP/2p2PK1/R7 w - - 0 30	d3c2 h5f3 a3f3 f6a1	1952	hard	crushing middlegame short
5p5gq	2r2rk1/p4ppp/4p3/3pP3/1Qn2P2/1N5P/PPP2qP1/R1BK3R w - - 5 19	b4e1 c4b2 c1b2 f2c2	1953	hard	mate mateIn2 middlegame short
Hlzv3	1r4k1/p2bpp1p/1r1p2p1/Q1pN1P2/3bP3/3B4/P1P3PP/1R3RK1 w - - 1 20	f1f2 b6b1 d3f1 d7b5	1953	hard	advantage hangingPiece middlegame pin short
Tzh3W	6k1/ppp4p/3p2p1/3P1q2/1PPQ1Pn1/6PB/P3r2P/5RK1 w - - 0 28	d4d1 f5e4 d1e2 e4e2	1953	hard	advantage endgame short
VyVpH	3r2nr/ppk1ppb1/8/nQ1P1qp1/7p/1BP2P2/PP1N1P1P/R3K2R b KQ - 1 15	a5b3 d5d6 d8d6 b5f5	1953	hard	advantage discoveredAttack middlegame short
tPJmN	5rk1/rpq3pp/p2b1p2/3p4/2PQ2b1/PP3N2/1B3PPP/R3R1K1 w - - 0 19	d4a7 d6c5 a7c5 c7c5	1953	hard	advantage middlegame short trappedPiece
vr9fK	6rk/ppp1r1bp/3p4/3P1q2/1PP1NP2/4QR2/P5PP/4R1K1 w - - 3 28	h2h3 g8e8 e3d3 e7e4	1954	hard	advantage middlegame quietMove short
yAGcs	r1b1r1k1/1p3p1p/p1p1pBpQ/4P2n/2P2P2/2qB1R2/P5PP/3R2K1 b - - 11 21	h5f6 d3g6 f7g6 f3c3	1954	hard	crushing discoveredAttack master middlegame short
V2Xp4	r1b2rk1/pp4bp/3p1np1/q2np3/1P2p1P1/P1N1B2P/4NPB1/R2Q1RK1 b - - 0 15	d5e3 d1b3 a5d5 c3d5	1956	hard	advantage master middlegame short
nwttI	8/8/2k5/2p5/1P2pPP1/2RrP3/6K1/8 w - - 1 41	c3d3 e4d3 g2f2 c5b4	1956	hard	crushing endgame short
MaXpw	k4r2/8/P1R1p3/1p1p2p1/3Pq1P1/1R2N2p/3Q3P/5rK1 w - - 1 39	e3f1 e4h1 g1h1 f8f1	1957	hard	attraction deflection endgame mate mateIn2 sacrifice short
lz2Jm	r4rk1/pQp3p1/5q1p/5p2/2bb4/6N1/PP3PPP/1RB1R1K1 b - - 1 18	c4d3 b7b3 f6f7 b3d3	1957	hard	advantage fork middlegame short
JUA5T	8/8/8/2k2pp1/1n2p1P1/1P2K3/2N5/8 w - - 1 57	c2b4 f5f4 e3e4 c5b4	1958	hard	crushing endgame intermezzo knightEndgame short
KY4vw	3Q4/5pk1/8/1p2p1p1/4PbP1/P7/KP2q3/1B6 w - - 8 43	d8d7 f4c1 b1c2 e2c2	1958	hard	crushing endgame master short
yPMgk	2r4k/p3pp1p/3P4/4Pp2/2q2P2/8/P2Q1P1P/5RK1 w - - 1 26	d6d7 c8g8 g1h1 c4f1	1958	hard	deflection endgame mate mateIn2 short
fUrX9	4rr2/p4Nkp/2p3p1/8/5Q2/3q3P/6P1/5R1K b - - 0 25	e8e7 f4f6 g7g8 f7h6	1959	hard	endgame fork mate mateIn2 short
fnMIk	8/2R4p/4P1nk/p2p2p1/P5Q1/1r2q1PP/6BK/8 b - - 3 38	d5d4 g4h5 h6h5 c7h7	1959	hard	attraction deflection endgame master masterVsMaster mate mateIn2 sacrifice short
pYeaD	1r4k1/4q1pp/2p5/p3PQ2/2Pp3r/1P1P4/P6P/R3R1K1 w - - 4 28	e1e4 b8f8 f5f8 g8f8	1959	hard	crushing endgame short trappedPiece
5AdAB	r4rk1/1p2QNbp/1p1p2p1/q7/8/1B6/PP3PPP/R5K1 b - - 0 18	a8e8 f7d6 g8h8 d6e8	1960	hard	crushing discoveredAttack discoveredCheck kingsideAttack middlegame short
KrRHB	5rk1/p4p1p/3q1p1Q/2p5/3P4/2P2bP1/PP3P1P/n4BK1 b - - 0 26	c5d4 f1d3 f6f5 h6d6	1960	hard	crushing endgame short
wOYsc	3qkb2/3N1pp1/1N6/1Q6/6p1/2P5/PP5r/2Kb4 b - - 0 23	d1e2 d7f6 e8e7 b5e5	1960	hard	discoveredCheck doubleCheck mate mateIn2 middlegame short
oUt8P	r2q1r1k/1bppbp1p/p1n3pB/1pnBPN2/6Q1/8/PPP2PPP/RN3RK1 b - - 5 15	c6e5 h6g7 h8g8 g7e5	1962	hard	crushing fork opening pin short
NFc9z	1r3rk1/5ppp/1q2pn2/3p4/3P4/3Q4/1P3PPP/R2R1NK1 b - - 0 21	b6b2 d1b1 b2a1 b1a1	1963	hard	advantage middlegame short trappedPiece
PHvaj	5r2/7R/3k1P2/3p2p1/8/3PK3/r5PP/5R2 w - - 1 30	f1f2 d5d4 e3d4 a2f2	1963	hard	advantage deflection endgame master rookEndgame short
pbwl8	5rk1/5ppp/p2p1q2/2pB1PPQ/5R2/P2n4/1r5P/4R2K b - - 0 27	f6c3 h5f7 f8f7 e1e8	1963	hard	kingsideAttack mate mateIn2 middlegame pin sacrifice short
j2fxa	8/1P6/1r6/R2b1k1p/5P1P/8/5K2/8 b - - 5 61	f5e6 a5a6 b6a6 b7b8q	1964	hard	advancedPawn advantage deflection endgame pin promotion short
jWi4p	r1bn1r1k/1pp1q1p1/pb1p3p/3BppNQ/1P2P3/2PP4/P4PPP/R1B2R1K b - - 1 16	c7c6 h5g6 e7g5 c1g5	1965	hard	crushing middlegame short
jg0ms	4r1k1/pr4pp/3B4/2Pb3q/3Qp3/P4p2/5PPP/R3R1K1 b - - 1 31	h5g4 d4d5 g8h8 d6g3	1966	hard	advantage defensiveMove fork hangingPiece middlegame short
zBRcf	1rq2rk1/2pb1pbp/3p2p1/p2Q2B1/4P3/2P5/PP1N1PPP/R4RK1 w - - 4 19	b2b3 b8b5 d5d3 b5g5	1966	hard	crushing middlegame short skewer
p8sTm	r4rnk/4qp1p/p1n3b1/1pNpp3/6P1/2PB1N2/PP3P1Q/R3K2R b KQ - 4 24	e7c5 h2h7 g6h7 h1h7	1967	hard	kingsideAttack mate mateIn2 middlegame operaMate sacrifice short
PAZ7a	6k1/1r3ppp/8/2Bp4/p2P4/2nbP3/P4PPP/3BR1K1 w - - 4 26	a2a3 b7b1 c5b4 c3d1	1968	hard	advantage endgame short
Ky0bo	8/2b5/6k1/p1p1N3/PpPpK2p/1P1P3P/8/8 b - - 35 60	c7e5 e4e5 g6g5 e5e4	1969	hard	crushing endgame short
idfuR	r4r1k/1p2q1p1/4PnBp/p2p4/2p2P2/P4R1P/1PQ3PK/4R3 w - - 3 32	g6f7 f8f7 c2f2 f7f8	1969	hard	crushing defensiveMove master masterVsMaster middlegame short
js2Cm	1r1q2k1/5p1p/Q3p1p1/2p5/2N5/1B6/PKP3PP/8 w - - 0 29	c4d6 b8b6 a6c8 b6d6	1969	hard	crushing endgame interference short
r406c	8/8/1p2KP2/k3P3/3b4/8/3R4/5r2 b - - 2 57	d4e5 d2d5 a5b4 d5e5	1969	hard	crushing endgame fork short
QSdh5	4r1k1/p1pqrpp1/2b4p/2p5/2Q1p3/3PRN2/PPPB2PP/5R1K w - - 0 22	d3e4 c6b5 c4c5 b5f1	1970	hard	advantage middlegame short skewer
yPyhf	1R6/p1P2pk1/3Bp1p1/P3P3/4n3/3pbN1P/P1r5/4K3 w - - 4 36	c7c8q c2e2 e1d1 e4f2	1970	hard	mate mateIn2 middlegame short
pJXY0	r5r1/7k/p3b1R1/1pp4p/1q5P/3QPP2/2P1K3/6R1 b - - 4 29	b4c4 g6g7 h7h8 g7h7	1971	hard	collinearMove doubleCheck mate mateIn2 middlegame short
LUYj7	rn2kbnr/ppp2ppp/3p1q2/6B1/2BpP1b1/2P2N2/PP3PPP/RN1QK2R b KQkq - 2 6	g4f3 d1a4 b8d7 g5f6	1972	hard	crushing opening pin short
fBW9h	2k5/p7/2pP4/1p3pN1/5P1q/7p/PPP1BRbK/R7 w - - 6 37	a1d1 h4f2 d6d7 c8b7	1972	hard	crushing defensiveMove endgame hangingPiece short
g7lzU	6k1/5pb1/4p1p1/4P2p/2QP3P/6P1/2p3K1/3q1R2 w - - 3 36	c4c3 g7h6 f1d1 c2d1q	1972	hard	advancedPawn crushing endgame master promotion quietMove short
1CE4i	2r3k1/4qp2/p3p2p/1pN1N1p1/3Pbn2/6Q1/PP3PPP/4R1K1 w - - 0 24	c5e4 f4e2 g1h1 e2g3	1973	hard	advantage kingsideAttack master middlegame short
Dvf8b	5b1k/8/3pQ3/P2Pp3/4Pprq/2Nr4/1PR3P1/5RK1 w - - 4 33	a5a6 d3h3 e6f6 h4f6	1973	hard	crushing master middlegame pin short
bx3TS	5r1k/pp3R1p/4Qp1q/6p1/8/2P2PR1/P1P2KP1/7r b - - 5 30	h1d1 g3h3 f8f7 h3h6	1973	hard	crushing endgame master short
Jxh0x	5k1r/Qp3ppp/4p3/2r5/8/BP2P3/P3K1qP/R6R w - - 0 25	e2d3 g2c2 d3d4 e6e5	1976	hard	mate mateIn2 middlegame short
mTIFh	4Q3/pkp5/1pNp4/1q1P4/4P1p1/K1P4r/PP6/8 b - - 8 39	b5a6 a3b4 a6a5 c6a5	1976	hard	crushing defensiveMove endgame short
x19UN	rnbqr1k1/pp1p1pbp/5pp1/2p5/2B1P3/1P6/PBPP1PPP/R2QK1NR w KQ - 2 8	d2d3 d7d5 c4d5 d8d5	1976	hard	advantage master opening pin short
JvBrQ	r4r1k/pp5p/8/2pP2p1/PbQ2PRq/2N2K1P/1P3P2/7R b - - 0 23	f8f4 c4f4 g5f4 g4h4	1978	hard	crushing master middlegame short
iRkbm	6k1/7p/p1q2p2/2Pp1Qp1/P2Pr3/3R3P/6P1/6K1 w - - 0 39	a4a5 e4f4 f5f4 g5f4	1978	hard	crushing endgame short trappedPiece
qrgx5	rn2k2r/pbq2ppp/3bp3/1pp1N3/3P1P2/2N5/PPQ1PPBP/R3K2R w KQkq - 0 13	c3b5 c7a5 b5c3 b7g2	1978	hard	advantage fork middlegame short
sUv5y	1k1r4/2p1p1b1/p7/1p3PP1/2qn2QB/P1N1P3/1PP5/2K3R1 w - - 0 28	g1d1 d4b3 c2b3 c4g4	1978	hard	advantage discoveredAttack middlegame short
s0dBO	rn1q1b1r/1p2p1pp/1n4k1/p3pbN1/P2P4/6Q1/1P3PPP/RNB1K2R b KQ - 3 13	d8d4 g5f3 g6f7 f3d4	1979	hard	advantage discoveredAttack discoveredCheck middlegame short
OzfG7	1R6/6p1/p2pQ1kp/2p1b3/P3P3/7P/5qP1/3r2NK b - - 6 29	e5f6 e6g4 g6h7 g4d1	1980	hard	crushing endgame fork master short
VpP90	r1b1n2k/pp3Qb1/2p2n2/3p1PN1/P2Pp1R1/4q2P/6BK/R7 b - - 3 31	g7h6 f7h7 f6h7 g5f7	1981	hard	kingsideAttack mate mateIn2 middlegame sacrifice short
bppze	7k/pR4pp/3r4/4pQ2/5bPq/P2B1R1P/2r5/6K1 b - - 1 31	h4e1 d3f1 d6d8 f5c2	1981	hard	advantage discoveredAttack middlegame short
DnISt	r2b1rk1/5ppp/1q6/p1p1PNNn/Pp3B2/1P1Q4/5PPP/3R2K1 b - - 2 21	h5f4 f5e7 d8e7 d3h7	1984	hard	discoveredAttack kingsideAttack mate mateIn2 middlegame sacrifice short
PEFvk	4r1k1/p2Q2p1/1p1Brpp1/8/1PP4R/q3P3/5PPK/8 b - - 1 33	g6g5 d6f8 e8f8 d7e6	1985	hard	advantage deflection endgame master short
St3pq	r1r2b2/3b3p/p3Qnp1/6k1/Pp1P1P1R/1P6/6PP/6K1 b - - 0 35	g5h4 e6f6 g6g5 f6g5	1985	hard	endgame hangingPiece mate mateIn2 short
Zpg9c	rn4k1/3p2p1/pb2pr1p/1p1P4/1P6/P2Q1q2/1BB2P1P/R3R1K1 w - - 0 21	b2f6 b6f2 g1f1 f2e3	1985	hard	discoveredAttack discoveredCheck fork mate mateIn2 middlegame short
Js1YW	5rk1/1R4p1/4p1p1/P2n1p2/P2P4/2q1p1PP/5P2/3Q1RK1 w - - 0 25	b7b3 e3e2 d1e2 c3b3	1986	hard	advancedPawn advantage deflection endgame short
CJ9By	r1r3k1/6p1/4p2p/p1BpQ3/q5P1/1R2P2P/2P2P2/6K1 b - - 0 29	c8c5 b3b7 a4a1 e5a1	1987	hard	crushing endgame short
ExtGK	r4rk1/1p2bppp/p1q1p3/4P3/P3bB2/5B2/1P3QPP/2R2R1K b - - 9 19	c6a4 b2b3 a4b3 f3e4	1988	hard	advantage deflection middlegame short
lmMEF	5rnk/pb3pp1/4p2p/4N1q1/Pp1P1n2/4Q3/1P3PPP/RBR3K1 w - - 3 24	g2g3 f4e2 e3e2 g5c1	1988	hard	advantage deflection discoveredAttack middlegame short skewer
Yagyr	r4bk1/pp6/2p4p/3q1P2/3pR3/5Q2/PPP4P/7K b - - 0 25	a8e8 f3g2 g8h8 e4e8	1989	hard	advantage endgame pin short
i0u3D	6rk/6qp/4r3/8/2pbN3/5Q1P/1P2R1P1/5R1K w - - 0 38	e4c3 e6f6 f3f6 d4f6	1989	hard	crushing middlegame short
qbeyf	rk6/pb3p2/6p1/n1p4p/B6q/2NPB1b1/PPP1Q2P/R4RK1 w - - 0 30	h2g3 h4g3 e2g2 g3g2	1989	hard	kingsideAttack mate mateIn2 middlegame short
afnbc	r1bq1k1r/pppp2pp/6n1/b2Q2B1/3pP3/2P5/P4PPP/RN3RK1 b - - 5 13	c7c6 d5f5 f8g8 g5d8	1990	hard	advantage master opening short
kzYkV	5rk1/pp3pp1/1b1R1n1p/8/4p2q/2Q1P3/PP3P1P/6RK b - - 1 25	b6c7 c3f6 h4f6 d6f6	1990	hard	advantage master middlegame pin short
lJzsN	rq1b1r2/1p3p2/p3Rkp1/2p4p/P1Bp1pQN/3P3P/1PP3P1/6K1 b - - 1 28	f7e6 g4g6 f6e5 g6e6	1990	hard	mate mateIn2 middlegame short swallowstailMate
wv5uI	r4rk1/5ppp/p6B/2bp1R2/6Q1/P7/1q4PP/4R2K b - - 3 20	f8e8 f5e5 b2e5 e1e5	1990	hard	advantage middlegame pin short
XMTXS	r3r1k1/ppp1qppp/2b3n1/8/2B1N1Pb/4BPN1/PP2Q1KP/2R1R3 w - - 11 24	e3c5 g6f4 g2f1 f4e2	1991	hard	advantage fork middlegame short
xeBLq	r1bq3r/pp3ppp/2n2n2/1N1p4/Nk6/P5PB/1PP1QP1P/R3K2R b KQ - 0 15	b4a4 b5c3 a4a5 e2b5	1992	hard	mate mateIn2 middlegame short
IG1cN	7k/2p3pp/pb6/4P2q/1P2Q1n1/3P1rP1/P4PKP/2R2R2 w - - 0 28	g2f3 g4f6 f3g2 f6e4	1993	hard	advantage discoveredAttack discoveredCheck endgame master short
AZfVz	8/k1r3pp/pq3p2/3Rp3/Q2p3P/1P6/P1P2PP1/2K5 w - - 1 37	a4a3 b6c6 c2c4 c6d5	1994	hard	crushing endgame pin short
hHmV5	6RQ/5p2/2p1r1k1/3p2p1/3P4/4qPP1/6K1/8 b - - 3 52	g6f5 g3g4 f5f4 h8h2	1994	hard	endgame mate mateIn2 short
rGZOF	r1b5/pp4p1/2pB1b1p/3B1p2/3P1P2/2P1RNk1/6P1/6K1 b - - 0 30	c6d5 f3h2 g3h4 e3h3	1995	hard	discoveredAttack discoveredCheck endgame mate mateIn2 short vukovicMate
9Z1Uh	8/1p2bp1k/2p4P/p3Kb2/P1P1Np2/1P3P2/2B5/8 b - - 7 40	h7g6 h6h7 g6h7 e5f5	1996	hard	advancedPawn crushing deflection endgame short
VrnmM	r2r2k1/1b4pp/p3Rq2/1p3n2/3p2Q1/1BP5/PP3P1P/6K1 b - - 0 23	d4c3 e6e8	1997	hard	doubleCheck mate mateIn1 middlegame oneMove
nPPYa	6R1/1q1k1p2/2nPp3/5r2/1p5Q/5r2/2R4K/8 b - - 3 41	b4b3 g8d8 c6d8 h4e7	1997	hard	epauletteMate mate mateIn2 middlegame sacrifice short
DBeDG	2kr2nr/pp1n1Bbp/2p3p1/1N3p2/2Qq1B2/8/PPP2PPP/R4RK1 b - - 1 14	d4c4 b5a7	1998	hard	mate mateIn1 middlegame oneMove queensideAttack
WAlqI	1r1q3k/p1p1rBb1/2p3Qp/3p2p1/8/5PB1/PPP1b1PP/4RRK1 w - - 1 20	f1f2 e2d3 c2d3 e7e1	1998	hard	advantage discoveredAttack kingsideAttack middlegame short
bQEXv	3rrk2/p4ppp/6bq/1Ppn4/5Q2/1B3P2/PP5P/R1BK2R1 w - - 0 26	f4h6 d5c3	1998	hard	discoveredCheck doubleCheck mate mateIn1 middlegame oneMove pillsburysMate
169Bc	5r1k/ppp2p1p/7N/8/4P1R1/3rn1P1/PP6/5RK1 w - - 8 27	f1f7 d3d1 g1f2 e3g4	1999	hard	crushing endgame pin short
BriCn	8/8/4rpk1/R3P1pp/P7/4PKP1/2r3P1/3R4 w - - 0 34	e5f6 g5g4 f3f4 c2f2	1999	hard	endgame mate mateIn2 rookEndgame short
mTQdc	2rq1rk1/3nbppp/b1p1pn2/1p1pN1B1/3P4/P1N1P3/1PQ2PPP/1BR1K2R b K - 5 15	b5b4 e5d7 d8d7 g5f6	1999	hard	crushing opening short
v5Be3	r4r2/q1p2kb1/1p1p4/1PnPp1pp/PK2Pp2/1P3P1P/2Q1B1PN/2R4R w - - 3 35	c2c3 a7a4 b3a4 a8a4	1999	hard	hookMate mate mateIn2 middlegame sacrifice short
T3lc9	3r4/1k2q3/2pp1p2/1p2b1p1/4P1Br/2PR3P/1PK2Q2/R7 b - - 1 39	d8a8 g4c8 b7c7 a1a8	2000	hard	crushing deflection middlegame short
yXGYQ	rn1q2k1/pp1b1p1p/3p2p1/2p4r/5B2/1QPB4/PPP2PPP/R4RK1 w - - 4 14	f4d6 d7e6 b3b7 d8d6	2000	hard	advantage discoveredAttack middlegame short
1lI0u	rnb1kb1r/1p1n1ppp/p3p3/3pP3/1q6/P1N1BN2/1PPQ1PPP/R3KB1R b KQkq - 0 10	b4b2 a1a2 b2a2 c3a2	2001	hard	advantage opening short trappedPiece
MUVj5	5rk1/3R1R1p/p5p1/4r3/6Pb/1B5P/P5K1/8 b - - 0 43	e5e2 f7f2 g8h8 f2e2	2001	hard	crushing discoveredAttack discoveredCheck endgame short
PVywK	r3r1k1/1pq2pbp/p1n1b1p1/2QpPp2/5P2/P1PP1NP1/1P1B2BP/1R3RK1 w - - 1 23	f3d4 g7f8 d4e6 f8c5	2001	hard	advantage middlegame short trappedPiece
B2YPh	2r2r1k/Q2R2p1/7p/p4p2/qp6/3RP1P1/5P1P/6K1 w - - 0 32	d7g7 a4a1 g1g2 a1g7	2002	hard	advantage endgame short
ENGmz	6Q1/pp3p1B/5p1k/4q3/8/1P1p2PP/P2r4/R6K w - - 4 31	g8h8 e5a1	2002	hard	endgame hangingPiece mate mateIn1 oneMove
NKYTO	8/6pk/1R1p2qp/2pPp2n/4Pp2/1Q1B1N1P/3B1PP1/r5K1 w - - 17 32	g1h2 g6g3 f2g3 f4g3	2002	hard	mate mateIn2 middlegame sacrifice short
ZyfT6	8/pp1Q3p/2p2prk/2R5/4qP2/1P6/1PP5/1K6 b - - 3 31	b7b6 c5h5 h6h5 d7h3	2002	hard	attraction endgame mate mateIn2 sacrifice short
qcVt6	rnbq1rk1/pppp1ppp/8/8/2B1n3/1Q6/PB3PPP/2KR2NR b - - 1 10	e4f2 b3g3 d8f6 b2f6	2002	hard	crushing opening pin short
xZ3RC	8/8/2qp1pk1/p3rNp1/4n1P1/P1r4P/6P1/R2Q1R1K w - - 3 37	a1c1 e4f2 f1f2 c3c1	2002	hard	crushing middlegame pin short
6eLZS	5r1k/1q3p1p/p3pP2/1p6/P1p5/6Q1/1P4PP/3R2K1 b - - 2 25	f8g8 g3g8 h8g8 d1d8	2003	hard	attraction endgame master mate mateIn2 sacrifice short
rDvrw	2k5/1pp5/2q1p1rp/B1P2p1b/2B5/1P6/P1P2PPN/R3R1K1 w - - 1 24	f2f3 c6c5 g1h1 c5a5	2004	hard	advantage fork middlegame short
2PDY4	6k1/pp4pp/2p1p3/8/2NPpPb1/1P4q1/P1PQ4/4R2K w - - 2 29	e1e3 g4f3 e3f3 e4f3	2006	hard	crushing endgame master short
NnQlt	1r2r1k1/pb5p/6p1/4bp2/3p1P2/P2B2qP/1PQ3P1/1RB2RK1 b - - 0 24	b8c8 c2b3 g8f8 b3b7	2006	hard	advantage fork middlegame short
OEXny	q6k/1p2bRpp/1B1p4/4p1P1/1p4BP/1Pn5/2P5/K4Q2 w - - 9 31	a1b2 a8a3	2006	hard	mate mateIn1 middlegame oneMove
bwG1z	5r1k/1p4bp/1B4p1/p4p2/4P3/6N1/PKRr2PP/7R w - - 0 29	b2b3 a5a4 b3a4 d2c2	2006	hard	crushing deflection middlegame short
eczZc	r2qk2r/ppp2pp1/7p/1Q2p3/4n3/4P3/PPP3PP/RN3RK1 b kq - 1 13	d8d7 b5b7 e8g8 b7e4	2006	hard	crushing fork middlegame short
PEQbq	2r1r1k1/pp2bp1p/4p1p1/q2pP1BQ/3P4/P5R1/1PP3PP/2R3K1 b - - 3 19	g6h5 g5e7 g8h8 e7f6	2007	hard	discoveredAttack discoveredCheck kingsideAttack mate mateIn2 middlegame morphysMate short
kZ3zr	6k1/pp3pp1/2n5/1B1N2bp/8/1Q1P1p2/PPP2PbK/R1B1r3 w - - 1 22	b5c6 e1h1 h2g3 h1h3	2007	hard	mate mateIn2 middlegame operaMate pillsburysMate short
nSpzm	rn2k2r/pp4p1/2pb4/3pP2p/2PP1pb1/1QN1q3/PP1NB2P/R1B3KR w kq - 6 18	g1g2 g4h3	2007	hard	master mate mateIn1 middlegame oneMove
5Hwx5	2rq1rk1/p4ppp/4p3/8/1Rp2P2/Q5P1/4N2P/5RK1 w - - 0 26	a3a7 d8d2 b4b5 d2e2	2008	hard	advantage fork master middlegame short
deENx	1r1k4/5pp1/2pQpnp1/1rNn4/1q1P4/pP5P/P1B2PP1/KR2R3 b - - 16 29	d8e8 e1e6 f7e6 c2g6	2008	hard	deflection mate mateIn2 middlegame sacrifice short
5M6tC	2q2r1k/5pbp/3pb3/1prBp3/8/2PQN1P1/1P3P1P/R4RK1 w - - 4 22	a1a8 c5d5 d3d5 c8a8	2009	hard	advantage master middlegame short
8MXKy	8/6pk/1p4p1/p1p3P1/2Pp4/1P1PnQPq/PB3K2/8 w - - 0 31	b2c1 h3f1	2009	hard	endgame master mate mateIn1 oneMove
8puH5	4R3/p1p2pkp/bp3p2/3q4/1P6/P3N3/2Q2PPP/4rBK1 w - - 7 26	c2f5 e1f1 e3f1 d5f5	2009	hard	crushing deflection kingsideAttack middlegame short
e4oqM	2k5/pppr3p/4B3/4pQ2/4p1K1/BP4P1/P4b2/7q b - - 7 40	h7h5 g4g5 h1f3 e6d7	2009	hard	advantage endgame master pin short
BrOC6	r3k3/2p2p1p/p1N5/1p1BP3/4n2q/2P1P2b/PP4K1/RN1Q1R2 w q - 1 19	g2f3 h4g4	2010	hard	mate mateIn1 middlegame oneMove
FLWD1	1r1r4/p4kp1/1p1q1p1p/2p1nQ2/8/2PP2P1/P1P3BP/4RRK1 b - - 3 26	g7g6 f5e5 d6e5 e1e5	2010	hard	advantage middlegame pin short
c0PJi	3rk3/pR3pr1/7p/3PQ3/4P3/7b/q6P/5R1K b - - 1 29	e8f8 f1f7 g7f7 e5h8	2010	hard	mate mateIn2 middlegame sacrifice short
kdgYC	r3Rnk1/pp4pQ/1q3b2/3p4/6b1/3B4/PP3PPP/R5K1 b - - 0 21	g8f7 d3g6 f8g6 h7g8	2010	hard	mate mateIn2 middlegame sacrifice short triangleMate
S9hyS	8/7p/3b1kp1/2NPp3/1pK5/1P4P1/7P/8 w - - 1 38	c4b4 e5e4 b4c4 d6c5	2011	hard	crushing endgame master pin quietMove short
U3dsS	3q1rk1/1p3pp1/p2Nb3/2r1p1b1/8/3Q1P1P/PPP3P1/1K1R1B1R w - - 0 19	d6e4 c5d5 d3d5 e6d5	2011	hard	advantage master middlegame short
x9JYH	8/7p/p4Qp1/3p2B1/qp2r1P1/7P/1P2k1K1/8 b - - 6 48	a4c2 f6f1	2012	hard	endgame master mate mateIn1 oneMove
RyMMo	8/5pk1/1R2p3/4P3/2pP2rp/2P5/4KP2/8 w - - 0 39	e2f3 g4g1 b6b1 g1b1	2013	hard	crushing endgame master quietMove rookEndgame short
3sWB6	2kr3r/P1pq1pp1/1pbp3p/1B6/P7/2P5/1B1N1nPP/R2Qb1K1 b - - 3 20	f2d1 b5a6 c6b7 a7a8q	2014	hard	advancedPawn mate mateIn2 middlegame pin promotion queensideAttack short
6IFQy	r1bqr1kb/pppnp2p/3p2pB/8/2PP2n1/2N2N2/PP1QPPP1/2KR1B1R b - - 1 11	g4f2 d2e3 d7f6 e3f2	2014	hard	crushing opening short
9gqpa	rn2k1nr/pbpp1ppp/1p2p3/8/2PPP3/2PB1N1P/P3KPq1/R1BQ3R b kq - 0 9	f7f5 f3h4 g2h1 d1h1	2014	hard	crushing middlegame short trappedPiece
OjZyd	k2r2r1/3nbp2/q3p3/p2pP1pN/PnbP4/4BN2/1R4PP/1BRQ2K1 w - - 4 26	f3d2 c4e2 d1e1 e2h5	2014	hard	crushing interference master middlegame short
teCpv	5k2/3Q4/p3P3/1pqb1p1R/5P2/2B4P/PP4K1/8 w - - 0 41	g2g3 c5e3 g3h4 e3f4	2014	hard	deflection endgame epauletteMate mate mateIn2 short
2Q40D	rn2k2r/3b1p1p/3p3B/1p1PpN2/2p1P3/2P5/P1B2qPP/R2Q3K b kq - 0 20	a8a6 h6e3 f2e3 f5e3	2015	hard	crushing middlegame short trappedPiece
EPG0V	k4b2/ppB1p1p1/2p5/P1np1Q2/3K3P/4r3/1PPq4/R4R2 w - - 4 30	d4c5 e3c3 b2c3 d2c3	2015	hard	mate mateIn2 middlegame sacrifice short
IDlmr	6k1/p3Qpp1/bp2p2p/4P3/8/7P/PP2r1PK/8 b - - 3 28	e2b2 e7a3 b2d2 a3a6	2015	hard	advantage endgame fork short
LGXp6	3r4/k1q2p1p/1p2p1p1/pR2P3/P1n1B2P/2P2P2/3r1P2/1R3Q1K b - - 0 31	c4e5 b5b6 c7b6 b1b6	2015	hard	advantage master middlegame short
dskcC	rn2rk2/5p1p/p1b1N1pP/4Q3/q7/8/1PP1BPP1/2KR3R b - - 0 23	e8e6 e5h8 f8e7 h8d8	2015	hard	mate mateIn2 middlegame short
mRQWx	8/4r3/kp1q3p/RRbB1pr1/2Ppp3/5P2/6PP/1Q3K2 b - - 0 39	b6a5 b5a5 a6a5 b1b5	2015	hard	attraction mate mateIn2 middlegame sacrifice short
zz3j5	8/8/pp6/2pP4/1PP1k3/P7/6Kp/8 b - - 1 52	e4e5 b4c5 h2h1q g2h1	2015	hard	crushing endgame pawnEndgame short
3QF3p	1rbr2k1/p2pqpp1/2p2b1p/5R2/4P3/P1N3Q1/1PP1B1PP/3R2K1 b - - 9 19	d7d5 f5f6 e7f6 g3b8	2016	hard	advantage middlegame pin short
Og0zX	2r3k1/5p2/1pq2n1p/3p1QpP/p2P2P1/P3R3/1P1N1PK1/8 b - - 0 33	g8g7 e3c3 c6c3 b2c3	2016	hard	crushing endgame master short
Yho65	1r1q4/R2nN1pk/R3pr2/3p2QP/2pPp3/2P1P3/1P4P1/6K1 w - - 1 37	a6d6 d8e7 g5g3 b8d8	2016	hard	advantage defensiveMove hangingPiece middlegame short
ofLV0	R4bk1/5p2/4q1pp/8/2p5/2Q4P/5P2/6K1 b - - 4 38	e6d5 c3a3 d5a8 a3a8	2016	hard	advantage endgame master pin short
3QKFY	5rk1/1p3rpp/p1p5/N1Pp2b1/1P1Pp1b1/3n4/R2B1PPP/3N1RK1 b - - 13 30	f7f2 d1f2 f8f2 f1f2	2017	hard	advantage master middlegame short
3GrU5	5r1k/p2Q4/bpn4p/4q3/3N4/8/PP4PP/3R2K1 w - - 0 27	d7c6 e5d4 d1d4 f8f1	2018	hard	endgame mate mateIn2 operaMate sacrifice short
P2hLg	4k2r/2p2pp1/2qp1n1p/4p3/1bB1P3/1Q1P4/1P1N1PPP/r1B2RK1 b k - 1 17	b4d2 c4b5 e8g8 b5c6	2018	hard	crushing middlegame pin short
cEzNl	rn1qkb1r/pb1n1ppp/1p2p3/2p1P3/2BP4/2N1BP2/PP4PP/R2QK1NR w KQkq - 0 9	d4d5 d8h4 e3f2 h4c4	2018	hard	crushing fork opening short
dt0kW	1rr5/3p1pkp/1p4p1/1K1n1p2/PP1N4/2P2PP1/7P/R3R3 w - - 3 25	c3c4 d5c7	2018	hard	endgame master mate mateIn1 oneMove
AnZFu	2r5/2PR4/2R4p/1r2bppk/1P3p2/5P1P/6P1/7K b - - 0 38	b5b4 d7h7 e5g7 h7g7	2019	hard	crushing endgame master masterVsMaster short
4QlZG	1k1r4/ppp2pp1/2nb1qbp/8/6Q1/2P1PN2/PP3PPP/2KR1B1R w - - 3 15	f1b5 f6c3 b2c3 d6a3	2020	hard	mate mateIn2 middlegame queensideAttack sacrifice short
CYDvu	6k1/8/PK6/5p2/2b1pPpp/4B3/2P4P/8 b - - 0 38	c4a6 b6a6 h4h3 e3f2	2020	hard	bishopEndgame crushing defensiveMove endgame hangingPiece short
F2MfU	b5k1/P1p3Bp/4p1p1/5pQ1/2q2P2/8/2r3PP/4R2K b - - 1 31	a8g2 g5g2 c2g2 a7a8q	2020	hard	advancedPawn crushing endgame promotion short
TZZQt	k5r1/pp5p/8/2P1R3/q6n/2P3K1/3Q1PP1/5R2 w - - 1 37	g3h2 h4f3 g2f3 a4h4	2020	hard	clearance endgame mate mateIn2 sacrifice short
LaHcN	7k/5b1p/p6R/2p2NK1/3p2P1/1P5P/1PP5/4q3 b - - 10 47	e1e3 f5e3 d4e3 h6a6	2021	hard	crushing endgame master short
MZm4G	4rrk1/3nppb1/3p3p/pq1b1Np1/NpB1nPP1/PP5P/2P4B/R2Q1R1K w - - 0 21	c4b5 e4f2 h1g1 f2h3	2021	hard	doubleCheck kingsideAttack mate mateIn2 middlegame short
dFjiL	r2qk1nr/ppp1bpp1/3p3p/4N3/2B1P1b1/3P4/PPP3PP/RNBQ1RK1 b kq - 0 8	g4d1 c4f7 e8f8 e5g6	2021	hard	attackingF2F7 mate mateIn2 opening short
7GpbF	r4rk1/1b3p1p/pq4pQ/n3R3/Pp1p4/8/BP3PPP/R1B3K1 b - - 1 20	b4b3 e5h5 g6h5 h6b6	2023	hard	advantage master masterVsMaster middlegame short
CGfMm	6k1/pp4p1/4R1r1/5q1p/2Q2P1P/2P3P1/PP1r2K1/4R3 w - - 1 31	g2f3 g6g3 f3g3 f5g4	2023	hard	attraction endgame mate mateIn2 sacrifice short
fz0HG	7k/2r1q1p1/2p3Qp/2RnP3/P2PRp2/5P1P/P5PK/1r6 b - - 2 39	d5e3 e4e3 f4e3 g6b1	2023	hard	crushing discoveredAttack middlegame short
qkxEq	r3kb1r/pp1n1ppp/4p3/1N1n1b2/1q6/P3B3/1P1N1PPP/2RQKB1R b Kkq - 0 13	b4b2 e3d4 b2c1 d1c1	2023	hard	crushing opening short
BkRiz	1k5r/ppp1qpp1/2p2n2/P6p/1PbNPP2/5QPP/2r3B1/R3R1K1 b - - 2 23	c2d2 f3c3 d2g2 g1g2	2024	hard	advantage fork middlegame short
DkTO2	8/1b4k1/p2b3p/1p1p2p1/4r3/4N2R/PPB2PPP/6K1 b - - 7 34	b7c8 c2e4 d5e4 g2g4	2024	hard	crushing defensiveMove endgame short
jtwQy	2r5/3q1pp1/k3p2p/PR1pP2P/3b4/2PQ4/4K3/1R4r1 b - - 2 38	g1b1 b5b6 a6a5 b6a6	2024	hard	collinearMove discoveredCheck doubleCheck endgame master mate mateIn2 short
wHWnB	r2r1bk1/pp3pp1/3q3p/2pP4/P5R1/1P3QP1/1B3P1P/R5K1 b - - 4 21	d6d5 f3f6 d5d4 b2d4	2024	hard	crushing middlegame pin short
N0liF	2R2r1k/p6P/1p2Q3/2b1P3/4q3/P7/KP6/8 b - - 1 32	e4f3 e6g8 f8g8 h7g8q	2025	hard	advancedPawn endgame mate mateIn2 promotion short
cTg5K	4r1k1/6p1/1pp2q2/p2p1pp1/P2Pn3/1PP1NQPP/4RPK1/8 b - - 2 32	e4c3 e3d5 c3d5 e2e8	2025	hard	crushing discoveredAttack endgame kingsideAttack master short
NE8K0	5rk1/p1p2ppp/2p5/4P1n1/3p2r1/PP3QPq/2P1NP1P/R3R1K1 w - - 2 22	f3c6 g4e4 e2d4 e4d4	2026	hard	crushing master middlegame short
vRIXj	3r2k1/p4pp1/4p2p/8/1QRr1q2/1P5P/P4PP1/2R3K1 w - - 0 25	g2g3 f4c1 c4c1 d4b4	2026	hard	advantage endgame short
MGolY	3r1r2/4q1pk/p6p/1ppQ2p1/4P3/7P/PPP2PP1/3RR1K1 w - - 4 27	d5c6 f8f6 c6d5 d8d5	2027	hard	crushing endgame short trappedPiece
qgvaz	5rk1/2p2pp1/7p/3Q1R1B/1bP5/4q1P1/5r1P/3R3K b - - 1 31	b4d2 f5f2 e3f2 d5d2	2027	hard	crushing master middlegame short
VzBUy	5rk1/3R4/3p3Q/8/4N1pP/6b1/5P1K/3q4 w - - 0 35	h2g3 d1g1	2028	hard	endgame mate mateIn1 oneMove
uVgHM	2b4k/4qp1p/p6Q/1p1p4/3P4/P1N4P/1PP2PK1/8 w - - 2 28	c3d5 c8b7 f2f3 b7d5	2028	hard	advantage endgame pin short
32NQt	4q3/1p4k1/pN2Pnp1/PbppQ3/5P2/6PP/1P6/6K1 b - - 1 33	b5c6 g3g4 g7g8 e5f6	2029	hard	advantage endgame master quietMove short
jE9YH	6k1/P1n2pp1/4P3/8/3p4/6QB/5P1K/2q5 w - - 1 45	g3c7 c1c7 f2f4 c7a7	2029	hard	crushing endgame hangingPiece master short
DECZh	r4r1k/p1pnNppp/Bp6/3p1b2/Q2Pn3/4q3/PP4PP/RN3R1K w - - 5 17	e7f5 e4f2 f1f2 e3f2	2030	hard	crushing kingsideAttack middlegame short
HSFPs	3k4/R7/3NPK1p/5p2/5P2/8/2p1r2P/3n4 b - - 3 43	c2c1q a7d7	2030	hard	endgame master mate mateIn1 oneMove vukovicMate
eh8Zm	r2q1rk1/2p2ppp/p3p3/2p5/QbPPp3/4P1B1/PP2KPPP/R6R w - - 0 15	d4c5 d8d3	2030	hard	mate mateIn1 middlegame oneMove
jRj90	r4r1k/pp4pp/1q1b4/4N3/3BpP2/6Q1/P5PP/3R2K1 b - - 3 26	b6a5 e5c4 a5c7 c4d6	2031	hard	advantage fork middlegame short
ndQV7	4r3/p1p2p2/2p3kn/3p4/5Np1/1P1Pq3/P2Q4/1K3R2 b - - 7 29	g6g5 d2h2 e3e1 f1e1	2031	hard	advantage endgame short
MBFpA	r4rk1/pp3p1p/3p2p1/3N4/4Pb1q/1P3n2/PBP2Q1P/1K1R3R b - - 1 18	h4f2 d5e7	2032	hard	master mate mateIn1 middlegame oneMove
MtHEA	8/3Q1pbk/3p2p1/P1p4p/2P1B2P/3PPKP1/4RP2/r6q w - - 9 39	f3f4 g7h6	2032	hard	endgame master mate mateIn1 oneMove
YGS8O	6k1/2Q2pp1/5qnp/p7/r3P3/5PP1/4B1KP/2R5 w - - 0 27	e2b5 f6b2 c1c2 b2b5	2032	hard	crushing endgame fork short
trmha	r3r1k1/5p2/p3p1p1/1p2Q1P1/2p4R/P1P2q2/5P2/6K1 b - - 1 36	g8f8 h4h8 f8e7 e5c7	2032	hard	endgame epauletteMate mate mateIn2 short
ipL64	rn1qkbr1/ppp4p/3p2n1/3P3Q/4PR2/2N5/PPP3PP/R5K1 b - - 4 15	e8d7 h5f5 d7e8 f5f7	2033	hard	mate mateIn2 middlegame short
JEWuY	8/pp3p1k/2p1b3/2P1bp2/3q1B1Q/5B1P/PP4PK/8 b - - 0 37	h7g7 h4g3 g7f8 f4e5	2034	hard	crushing endgame master short
KzuXs	8/p5P1/1pk2Pr1/2b5/4K2P/2P5/P7/8 b - - 0 45	c6d7 h4h5 g6f6 g7g8q	2034	hard	advancedPawn advantage endgame master masterVsMaster promotion short
Iep2A	r1b1k2r/1pq2ppp/p3p3/3Nb3/2B5/8/PP2QPPP/2RR2K1 b kq - 0 15	e6d5 c4b5 a6b5 c1c7	2035	hard	crushing discoveredAttack middlegame pin short
eE9xB	3r2k1/5p2/4p3/2P3p1/7p/5qP1/P1Q2P1P/2R3K1 w - - 0 40	c2c3 d8d1 c1d1 f3c3	2035	hard	crushing deflection endgame short
s0M7t	4r1k1/3R1pp1/p6p/q1p5/2pp1B2/P2P1PP1/1P3Q1P/6K1 w - - 1 24	d3c4 a5a4 d7d4 c5d4	2035	hard	advantage endgame master short
0wlHb	5r2/p1k5/4N1P1/1p4K1/2p5/8/P7/8 b - - 1 43	c7c6 e6f8 c4c3 f8e6	2036	hard	crushing defensiveMove endgame hangingPiece master short
bVaqo	r3kb1r/ppp1p1pp/n3bp2/1NB1N3/8/2PB4/P2P1PPP/R3K2R b KQkq - 0 13	a6c5 b5c7 e8d8 c7e6	2036	hard	advantage fork middlegame short
0SPjD	2rr2k1/pp2bppp/4p3/1q1pN3/3PnBPP/2P5/PPQ2P2/2KR3R w - - 1 17	f2f3 c8c3 c2c3 e4c3	2037	hard	crushing middlegame pin short
Uti4K	7N/Nb1k2pp/3b1n2/3r4/P3pQ2/8/1PqP1PPP/R1B1K2R w KQ - 1 18	f4h4 d5h5 h4h5 f6h5	2037	hard	crushing middlegame short trappedPiece
zmAtk	r2qk2r/pppb1ppp/5n2/8/1nN1p3/3PQNP1/PP2PPBP/R3K2R w KQkq - 2 11	c4a3 b4d5 e3d2 e4f3	2037	hard	advantage master middlegame short
tWmig	5b1k/5Bp1/b6p/p1p1N1q1/Pr6/1P2BP1n/2Q3PK/4R3 b - - 1 34	h3f4 e5g6 g5g6 f7g6	2039	hard	crushing fork master middlegame short
Y3vJl	rnq1kb1r/pp2ppp1/2p2n2/3P4/3P3p/2N2NPb/PP2PPBP/R1BQ1RK1 w kq - 0 9	f3h4 h8h4 g2h3 h4h3	2040	hard	advantage opening short
h4hK6	r3r3/pp3Rbp/6p1/4k3/2B1b3/4B2P/Pq3PP1/3R2K1 b - - 5 24	g7f6 f2f4 e5f5 g2g4	2040	hard	mate mateIn2 middlegame short
G3R9M	r2qk2r/pp3ppp/3Bb1n1/8/4n3/8/PP3PPP/R2QKBNR w KQkq - 0 13	d6b4 d8b6 f1b5 b6b5	2041	hard	advantage opening short
Iknx7	r3r3/p3b1kP/4Nnp1/q1pp3b/7Q/2p1B3/PPP2P2/1K1R3R b - - 7 28	g7h7 h4g5 h7g8 h1h5	2041	hard	crushing discoveredAttack master middlegame pin short
MozdG	2r1r1k1/Q5pp/1p2pq2/8/4nN2/6P1/P4P1P/R4RK1 b - - 0 26	c8c2 a7a4 e8c8 a4e4	2041	hard	crushing fork middlegame short
wTV4H	3R4/pp3ppk/4q2p/4pb2/2r1B1nP/P7/1P1NQPP1/1K6 b - - 2 28	c4d4 d8d4 e5d4 e2g4	2042	hard	advantage middlegame pin short
3Ijd6	3r2k1/pp3ppp/2p5/4Q3/1PP1p3/P3PbPq/5PNP/R2r2RK w - - 3 24	a1d1 h3g2 g1g2 d8d1	2043	hard	deflection kingsideAttack mate mateIn2 middlegame pin short
pCoTs	R2Q1b2/5pkp/1p2p1p1/8/3P4/1K1q1P1P/6P1/8 w - - 19 39	b3a4 d3c4	2043	hard	endgame mate mateIn1 oneMove
0yyT0	r2q1rk1/1Q1nbppp/p3pn2/2p5/2N2B2/2N5/PPP2PPP/2KR3R w - - 1 15	c4b6 d8b6 d1d7 f6d7	2044	hard	advantage master middlegame short
EDj1v	r1b2rk1/pp3pp1/3Np2p/4q3/2p5/P7/1PQ2PPP/3R1RK1 b - - 1 18	f8d8 d6f7 d8d1 f7e5	2044	hard	crushing middlegame short
GfHdF	4rnR1/1p3Q2/2p1pp2/p2q1k2/8/P7/1PP5/K7 b - - 4 37	e6e5 f7h5 f5e6 h5e8	2047	hard	advantage endgame fork short
h3n7u	7Q/4bNp1/2p1pnp1/2Pp3k/p2P4/4P1P1/P4qPK/8 b - - 2 35	h5g4 h8h3	2047	hard	endgame mate mateIn1 oneMove
KwOiL	5N2/8/p3Qb2/3p1kp1/3Pp3/8/3qB1K1/8 b - - 4 42	f5f4 e6f6 f4e3 f6f2	2048	hard	endgame hangingPiece mate mateIn2 short
dC5z4	4rrk1/pp3qp1/3p1b1p/3P1Q2/2Pp1pP1/1P1P4/P6P/R1B1R2K w - - 0 19	c1f4 g7g6 f5e6 e8e6	2048	hard	crushing middlegame short trappedPiece
iVSWV	r3r2k/4BQbp/p2P2p1/1ppB4/8/8/Pq4PP/4R1K1 b - - 2 23	a8d8 d6d7 e8e7 f7e7	2048	hard	advancedPawn crushing master masterVsMaster middlegame short
Pyi82	8/8/4BRpp/p1p2p1k/3p3P/P4PP1/1q6/6K1 b - - 1 44	b2e2 f6f5 g6f5 e6f7	2049	hard	endgame mate mateIn2 sacrifice short
BUH6U	8/8/1R4r1/5k1p/1P1P3P/2rn1KB1/5P2/1R6 w - - 2 36	b6g6 d3f4	2050	hard	discoveredAttack discoveredCheck endgame epauletteMate mate mateIn1 oneMove
CTnbD	2r3r1/pp2b3/2n1k3/2pR1p1p/P1N1p2P/2P3B1/1PK1NP2/7R b - - 0 21	e6d5 e2f4 d5c4 b2b3	2050	hard	mate mateIn2 middlegame sacrifice short
Qpe7v	r3k2r/pp6/2nqp3/1N3pp1/2P2Pnp/3PB1K1/PP1QN1P1/R6R w kq - 0 17	g3f3 c6e5 f4e5 d6c6	2050	hard	clearance mate mateIn2 middlegame sacrifice short
yLHxM	6k1/pp3rP1/2p3Qp/4Pp2/5P2/2Pr4/qP6/2K3R1 b - - 2 27	d3d7 g6h7 g8h7 g7g8q	2050	hard	advancedPawn attraction endgame mate mateIn2 promotion short
KWeGV	8/pr3p2/1P2p1p1/3p2Pp/2kP1P1P/2P5/3K4/R7 b - - 0 39	a7b6 a1b1 b6b5 b1b4	2051	hard	endgame mate mateIn2 rookEndgame short
9lRVO	r2q1rk1/1p2bp2/p1n1bn2/6B1/3pN3/3B1Q1P/PPP2PP1/R3R1K1 b - - 3 16	f6e4 f3e4 f7f5 e4e6	2052	hard	crushing kingsideAttack middlegame short
Mwk36	8/pR1P2pk/2p4b/8/3P2nP/2N3n1/PPr5/4K3 w - - 1 35	d7d8q h6d2 e1d1 g4e3	2052	hard	mate mateIn2 middlegame short
ZjvU9	8/6pk/2p5/2P5/1P1Rpb1p/4R3/2QK1q2/8 w - - 0 42	d2d1 f2g1 e3e1 g1d4	2052	hard	crushing endgame fork short
RJGxr	5r1k/3q1R1p/p1np2P1/1p4P1/3p3Q/2P4r/PP5P/5R1K b - - 0 29	h3h4 g6g7 h8g8 g7f8q	2053	hard	advancedPawn endgame fork mate mateIn2 promotion short
su9Fa	N6r/pb3kpp/5p2/3pp3/PB4nq/3B1R2/1PP1Q3/R5K1 w - - 6 23	f3f4 h4g3 e2g2 g3f4	2053	hard	advantage fork middlegame short
4kuqM	8/2p1k3/3p4/p2Pnb2/2P2p2/P1B2Pp1/3KB1P1/8 b - - 2 39	f5h3 g2h3 g3g2 c3d4	2054	hard	crushing endgame hangingPiece master short
FMQRL	5rk1/4pr2/p2pQn1R/q2P4/1p3Pp1/8/PPP5/1K5R b - - 4 28	a5d5 h6g6	2054	hard	mate mateIn1 middlegame oneMove
bJcP1	2r3k1/p4pp1/4pq1p/1pr5/2P5/1P2Q3/P2R1PPP/4R1K1 w - - 0 31	c4b5 c5e5 e3e2 e5e2	2055	hard	advantage endgame short
JhVhr	2kr3r/2qp1Q1p/p3p3/1p6/4P3/P2R4/1PP3Pb/1K5R b - - 1 23	d7d5 d3c3 c8b8 c3c7	2056	hard	crushing middlegame pin short
Pa3YW	8/1p4P1/6P1/1pp4p/3k1K1P/1P6/P7/4q3 w - - 0 47	g7g8q e1e3 f4f5 e3e5	2056	hard	endgame master mate mateIn2 queenEndgame short
8Ge5y	8/p6Q/p3p3/5p2/3Pp1k1/8/4q2P/6K1 b - - 6 49	g4f3 h7h3 f3f4 h3g3	2057	hard	endgame mate mateIn2 queenEndgame short
CNN8d	r2q1rk1/pb3ppp/1pn1pb2/2p1P3/3P4/2PBQN2/PB3PPP/R4RK1 b - - 0 13	c5d4 e3e4 g7g6 e5f6	2057	hard	crushing master middlegame short
EwDuG	rn3r1k/1p4p1/p1pp1q1p/4p1NQ/2P1PB2/8/PPP2P1R/R3K3 b Q - 0 19	f6f4 h5g6 f4g5 g6g5	2059	hard	crushing middlegame pin short
R56cO	1r3bk1/p2R1pp1/4p2p/1q6/3QP3/P1B2PPP/1P4K1/8 w - - 5 35	d4a7 f8c5 a7b8 b5b8	2059	hard	advantage endgame master masterVsMaster short
mN12E	6k1/p6p/1p2p1b1/2p1P1p1/2P3P1/1Pr3rP/P3KR2/2B2R2 w - - 11 32	c1g5 g6d3 e2e1 d3f1	2059	hard	crushing endgame short skewer
xcdC5	r3r1k1/ppp1qpbp/6p1/1b1P4/3p2P1/5P2/PP2NRBP/R1BQ2K1 w - - 3 18	e2d4 e7e1 f2f1 b5f1	2059	hard	advantage kingsideAttack master middlegame short
zrmw6	2rq2k1/4b1p1/pn1p4/1p1Pp1PR/4Pr2/2NB3Q/PP4P1/1K6 b - - 4 22	e7g5 h5h8 g8f7 h3e6	2059	hard	kingsideAttack mate mateIn2 middlegame short
II4CV	5rk1/p1p2ppp/8/3q4/8/2Q2nP1/PP3P1P/3R1RK1 w - - 4 18	g1g2 f3e1 g2g1 d5g2	2061	hard	discoveredCheck doubleCheck endgame mate mateIn2 short
26JFw	r2q1rk1/ppp2ppp/1b1p4/3n2Bb/3P4/5N1P/PPB2PP1/R2Q1RK1 b - - 1 15	h5f3 d1d3 g7g6 g5d8	2062	hard	crushing opening short
aAI2V	r4b1r/ppp1k3/1n2pp1p/8/2q2PQ1/2N5/PPP3PP/3RR1K1 b - - 2 18	a8d8 c3d5 c4d5 d1d5	2062	hard	crushing middlegame pin short
rzTld	2r1k2r/pp2ppBp/3p1np1/4b3/4P3/1B6/PPP3PP/1K1R3R b k - 2 17	f6e4 b3a4 e8d8 g7e5	2063	hard	advantage middlegame pin short
p1rOD	r2qk1nr/ppp3pp/3p1p2/2bQ4/4P3/1B3P1b/PPP2P2/RNB2RK1 b kq - 1 10	d8e7 d5h5 g7g6 h5h3	2065	hard	advantage fork opening short
AX3er	8/p5pk/2Q4p/5r2/1B1pB1Kq/6b1/P3P3/8 w - - 0 43	g4f5 h4h3	2066	hard	endgame master mate mateIn1 oneMove
iNkZU	5r2/p6Q/6p1/2pR2k1/4P3/4b2K/P4qPP/8 b - - 2 40	g5f4 h7c7 f4e4 c7e5	2066	hard	endgame mate mateIn2 short
k2FTX	6rk/R2Q1p2/8/3p1p1p/3P1N1P/4P1q1/4B3/5K2 w - - 2 35	f4h3 g3h3 f1e1 h3e3	2066	hard	crushing endgame hangingPiece pin short
CjuiL	3r1rk1/p3ppbp/1p4p1/4Nq2/2Q1nN2/P1P3BP/1P3PP1/4R1K1 w - - 0 26	c4e4 d8d1 e4e3 d1e1	2067	hard	crushing kingsideAttack middlegame short
YKAus	5r1k/8/4P1p1/3p3p/3P3n/2P3QP/4q1P1/6RK b - - 1 37	e2f2 e6e7 f2g3 e7f8q	2067	hard	advancedPawn advantage endgame promotion short
V0MRh	8/1p3p2/3p4/p1k2p2/P7/4QP1P/1P2pK1P/3q4 b - - 9 38	c5b4 e3c3 b4a4 c3c4	2068	hard	endgame mate mateIn2 queenEndgame short
cN3Cj	r4r1k/1bq1Nppp/p7/1p1Np1P1/3nnP2/P2BB3/1PP4P/R2Q1R1K w - - 1 17	d5c7 e4f2 h1g1 f2h3	2068	hard	doubleCheck kingsideAttack mate mateIn2 middlegame short
u00ny	8/2p5/8/3P2k1/2K2p1p/r1B2B2/6P1/8 w - - 12 54	c3d4 h4h3 g2h3 a3f3	2068	hard	crushing deflection endgame master short
TAMG7	2r1br2/pp4kp/2n1pppN/3pq1P1/7P/1BP1BP1R/P2Q2K1/8 b - - 0 23	f6f5 e3f4 e5f4 d2f4	2069	hard	advantage master middlegame short trappedPiece
1pfE6	8/8/pR3R1p/5ppk/8/7P/1P2r1PK/r7 b - - 2 34	g5g4 f6f5 h5h4 b6h6	2070	hard	deflection discoveredAttack endgame mate mateIn2 rookEndgame short
L9gbk	2kr1b1r/ppp2qpp/2n5/8/Q1P1n1b1/P2pPN2/1P3PPP/RNBB1RK1 w - - 4 13	b1d2 e4c5 a4c6 b7c6	2070	hard	advantage opening short
mcIcj	5rk1/3q1r1p/p3p1pb/1p2P3/3p1n2/1P1B1RQ1/P2B2PP/5RK1 b - - 1 29	f4d3 d2h6 f7f3 f1f3	2070	hard	advantage hangingPiece master middlegame short
pPkfz	8/r6p/2p5/P1Nrk3/1P2p3/2P1Kp2/R4P1P/8 b - - 1 39	a7d7 c5d7 d5d7 a2d2	2070	hard	advantage endgame short
yW3in	6r1/1b2k3/p3p1N1/1p3p1p/2q1p2P/4P1Q1/P5P1/1K2B3 b - - 0 39	e7d8 g3d6 d8e8 d6e7	2070	hard	endgame mate mateIn2 short
EDj3b	r2qk2r/pp2bppp/2p1pn2/4P2b/8/2N1B2P/PPPQBPP1/2KR3R b kq - 0 12	d8d2 d1d2 h5e2 e5f6	2071	hard	crushing master middlegame short
1nt6h	2R5/2P3pk/8/p6p/r2r4/7P/6P1/5R1K b - - 0 33	a4c4 c8d8 c4c7 d8d4	2072	hard	advantage endgame rookEndgame short
BYf2B	6k1/2rB3p/2P5/p7/3BP3/2P4P/5P1K/r7 b - - 0 37	g8f7 d4b6 c7c6 d7c6	2072	hard	crushing endgame master short trappedPiece
FZi4l	6rk/pp3prp/4bQ1R/3p4/8/1PP2N1P/1P2q3/6RK b - - 7 28	d5d4 h6h7 h8h7 f6h4	2072	hard	attraction mate mateIn2 middlegame pin sacrifice short
qC7kl	b6k/6pp/8/2P3n1/2Q3P1/1P6/r7/4rRK1 w - - 3 41	f1e1 g5h3 g1f1 a8g2	2072	hard	endgame mate mateIn2 morphysMate short
7WeoA	6k1/r4p2/p1pp3Q/1p2p3/4P1P1/1P1qP2P/8/5RK1 b - - 0 38	d3e4 f1f5 e4f5 g4f5	2074	hard	crushing endgame short
nAYoa	r1bqk2r/p4pp1/2pbpn1p/2p5/4P3/3P2Q1/PPP2PPP/RNB1K1NR w KQkq - 2 9	g3g7 h8h7 g7h7 f6h7	2074	hard	crushing opening short trappedPiece
TsPwb	2r4k/5Rpp/p1bPR3/1p6/3r3n/P2P2B1/1P4P1/7K b - - 0 27	h4g6 f7c7 c8f8 c7c6	2075	hard	advantage interference master middlegame short
BRiwT	r1b2rk1/1p4pp/p2q4/3Nn3/8/3BP3/PP2Q1PP/2R2RK1 b - - 0 17	d6d5 d3h7 g8h7 f1f8	2076	hard	advantage deflection kingsideAttack middlegame short
4uflQ	2b3k1/5p2/1bP3pQ/4p1Np/4P3/3B3P/5PP1/2q4K w - - 6 39	d3f1 c1f1 h1h2 f1f2	2077	hard	crushing endgame hangingPiece short
qpiY7	k4r2/1pq5/p7/3Q3K/7P/P2R2P1/5P2/8 w - - 1 52	f2f4 c7g7 d5d8 f8d8	2078	hard	advantage endgame master short
8YqZV	3r4/2R3bk/3P2pp/p4p2/P1B5/4rN2/1q4PP/3Q3K b - - 1 35	b2b6 d1a1 b6c7 d6c7	2079	hard	advancedPawn advantage middlegame pin short
YYj3K	rn1qkb1r/pp3pp1/2p1p2p/8/2BPb2N/4B3/PPP2PPP/R2QR1K1 w kq - 0 12	c4d3 e4d3 d1d3 d8h4	2079	hard	crushing opening short
hAFs0	r1b2q2/pp2b1pk/4p1Rp/4Nr2/3PQB2/2P4P/PP3P2/2KR4 b - - 5 20	f5f4 g6h6 h7h6 e4g6	2080	hard	attraction discoveredCheck doubleCheck mate mateIn2 middlegame sacrifice short
p553N	5r1k/4bp1p/pq2pN1Q/1p2n1P1/8/3rP3/PP4PP/4RRK1 b - - 6 25	e7f6 h6f8	2080	hard	hangingPiece kingsideAttack mate mateIn1 middlegame oneMove
bLTzL	r2R4/p1p3k1/bp2p1p1/4p3/6q1/1Q2B3/PP3P2/3RKB1r w - - 2 28	d8a8 g4e2	2081	hard	epauletteMate mate mateIn1 middlegame oneMove pin
cMSHr	r1b1r1k1/p1p2ppp/3b4/2ppNqBQ/3P4/2P5/P1P2PPP/R3R1K1 w - - 4 14	e5f7 e8e1 a1e1 f5f7	2081	hard	advantage intermezzo middlegame short
DRAme	1r6/4r3/pp1pBk2/2pP3R/P1PnKP2/8/8/6R1 b - - 0 44	d4e6 h5f5	2082	hard	endgame mate mateIn1 oneMove
Fcy36	1k2r3/pp1R2pp/8/8/2p2P1P/P1Q1p1q1/1PP5/1K6 b - - 0 34	g3f4 c3b4 f4c7 d7c7	2082	hard	advantage endgame short
AWQzy	r3k2r/ppp2ppp/2N5/1B1pP3/6bq/3Q2n1/PPP2bPP/RNB2K1R w kq - 6 12	f1f2 g3e4 f2e3 h4f2	2083	hard	discoveredCheck doubleCheck mate mateIn2 middlegame short
O97ZW	5rk1/4Pp1p/3R2p1/p3q3/5R2/1B4P1/P5KP/8 b - - 0 37	e5d6 f4f7 d6e7 f7e7	2083	hard	advantage discoveredAttack discoveredCheck endgame short
483Bw	4k2r/pp1q1ppp/3Bp3/5b2/2r5/8/PPPQ1PPP/3RR1K1 b k - 0 17	f7f6 d2d5 c4e4 e1e4	2084	hard	advantage master middlegame pin short
5BUb1	8/1kp5/r5p1/1p2QbPp/2r1PK2/8/8/4R3 b - - 3 47	f5e4 e5b5 a6b6 b5c4	2084	hard	crushing endgame fork short
5LB4n	3r2k1/pp3pp1/2p4p/5B1n/1P5q/P1N1RP1b/2Q1K3/6R1 w - - 4 26	e3e4 h5g3 g1g3 h4g3	2084	hard	advantage fork master middlegame short
DrhhJ	2QQ4/6kp/5pp1/8/5P2/4q1KP/8/8 w - - 1 55	g3g4 h7h5 g4h4 e3e1	2084	hard	endgame mate mateIn2 queenEndgame short
C5gdP	r1bq3r/pppk1Npp/2np3n/2b1p2Q/2B1Pp2/3P3P/PPP2PP1/RNB2RK1 b - - 3 9	h6f7 h5f5 d7e8 f5f7	2088	hard	attackingF2F7 fork mate mateIn2 opening short
VUvwW	1R6/3k1p2/P5p1/2B1P2p/4K1br/4P3/8/8 w - - 0 50	a6a7 g4e2 e4d5 e2c4	2088	hard	discoveredAttack discoveredCheck endgame mate mateIn2 short
lEf59	4kb1r/pQ2pp1p/2P5/1B2n1p1/4nKb1/8/PPP3PP/R1B1r1NR w k - 0 16	f4e5 f8g7 e5d5 g4e6	2088	hard	mate mateIn2 middlegame short
QakCl	2r2r2/pp5k/6pp/4bb2/1Q6/4qN2/PP4PP/3RR2K b - - 1 25	e5c3 b4b7 h7h8 e1e3	2089	hard	crushing middlegame short
eQHA6	5r2/1r1kb1Qp/p1bq4/6N1/3p4/8/PP3PPP/3RR1K1 b - - 0 25	d4d3 d1d3 d7c8 d3d6	2089	hard	crushing middlegame pin short
y0KWL	1r5k/6b1/7p/4pN2/p3Pq1P/1bP4K/3NQ3/1R6 b - - 2 43	g7f6 b1f1 b3e6 f1f4	2090	hard	advantage master middlegame short trappedPiece
9nbeT	2R2r2/p3bq1k/3p1p2/1p1PpP1p/P6Q/1P2BKR1/r6P/8 w - - 4 40	c8f8 f7d5 h4e4 d5d1	2091	hard	mate mateIn2 middlegame short
I4ZCY	r4rk1/p1qnbp2/1p2p2p/3bP3/3PN3/2PBQ3/P5PP/R4RK1 b - - 1 18	d5e4 e3e4 f7f5 e5f6	2091	hard	advantage enPassant master middlegame short
JbGjJ	8/1p6/7p/1P1NpPP1/7P/3p1k2/7r/1R2K3 w - - 1 41	b1d1 d3d2 d1d2 h2h1	2091	hard	advancedPawn attraction endgame mate mateIn2 sacrifice short
l5cRo	6k1/5B1p/4p1pP/p2p2r1/1p1n4/8/PP6/1K3R2 b - - 1 33	g8h8 f1c1 g5g1 c1g1	2093	hard	advantage endgame master quietMove short
Bqebk	r2qk2r/ppp2ppp/2n5/3PPb2/1b2n3/2NBP3/PPQ2PPP/R1B1K1NR b KQkq - 0 8	b4c3 b2c3 d8d5 f2f3	2094	hard	advantage opening short
fwONA	3r2k1/5pp1/p6p/1pB2Q2/1Pq2n2/7P/5PP1/R5K1 w - - 4 34	a1a6 c4f1 g1f1 d8d1	2095	hard	attraction endgame mate mateIn2 sacrifice short
Vz95l	r5rk/b4p1p/2q2PpQ/1pPp4/1P1B4/R7/4B1PP/6K1 b - - 4 28	a7c5 h6h7 h8h7 a3h3	2097	hard	attraction mate mateIn2 middlegame sacrifice short
B5cfn	8/8/4R1p1/8/1r1p2kP/8/1r1R1K2/8 w - - 0 34	e6g6 g4h5 g6g1 b2d2	2098	hard	crushing defensiveMove endgame rookEndgame short
ZnAcY	1rbq1r2/1p1n1pk1/p3p1pR/3pP1N1/5Q2/8/P3BPPP/2R3K1 b - - 0 28	g7h6 f4h4 h6g7 h4h7	2099	hard	mate mateIn2 middlegame short
